# HSK 3.0, 2025 revision, from complete-hsk-vocabulary (MIT, Yanis Zafirópulos)
1	1	的	de	of, ~'s (possessive particle)(used after an attribute when it modifies a noun)(used at the end of a declarative sentence for emphasis)
1	3	了	le	(completed action marker)(modal particle indicating change of state, situation now)(modal particle intensifying preceding clause)
1	3	我	wǒ	I, me, my
1	3	了	liǎo	to finish(literary) completely (not), entirely (not), (not) in the least
1	4	是	shì	to be (followed by substantives only)correct, right, true(respectful acknowledgement of a command) very well(adverb for emphatic assertion)
1	5	你	nǐ	you
1	5	在	zài	at, into exist, to be alive(of sb or sth) to be (located) at(used before a verb to indicate an action in progress)
1	9	不	bù	no, not so(bound form) not, un-
1	9	有	yǒu	to have, there is(bound form) having, with, -ful, -ed, -al
1	10	他	tā	(third-person singular) (since the early 20th century, usu. male) he, him, his(bound form) other, another, some other
1	11	这	zhè	(pronoun) this, these(bound form) this, the (followed by a noun)(bound form) this, these (followed by a classifier)
1	19	个	gè	(general classifier)(classifier used before a noun that has no specific classifier)(bound form) individual
1	19	和	hé	(joining two nouns) and, together with, with(math.) sumto make peace(sports) to draw, to tie
1	19	人	rén	person, people
1	19	说	shuō	to speak, to talk, to sayto explain, to commentto scold, to tell off(bound form) theory, doctrine
1	19	我们	wǒmen	we, us, ourselves, our
1	19	要	yào	to want, to need, to ask forwill, shall, about toneed to, shouldif
1	19	要	yāo	(bound form) to demand, to coerce
1	20	好	hǎo	goodappropriate, properall right!(before a verb) easy to
1	20	好	hào	to be fond of, to have a tendency to, to be prone to
1	21	一	yī	onesinglea (article)as soon as
1	23	会	huì	can, to have the skill, to know how toto be likely to, to be sure toto meet, to get togethermeeting, gathering
1	23	也	yě	also, too, as well, (not ...) either(used after a verbal or nominal expression X to indicate that X is an extreme or unexpected case) even (X)(literary) particle having functions similar to
1	25	都	dōu	all, both, entirely(used for emphasis) evenalready(not) at all
1	25	都	dū	capital citymetropolis
1	28	对	duì	right, correcttowards, at, forconcerning, regardingto treat (sb a certain way)
1	29	到	dào	to reach, to arriveto leave for, to go toto (a place), until (a time), up to (a point)(verb complement indicating arriving at a place or reaching a point)
1	29	上	shàng	(bound form) up, upper, above, previousfirst (of multiple parts)to climb, to get onto, to go upto attend (class or university)
1	31	来	lái	to come(used as a substitute for a more specific verb)hitherever since
1	35	很	hěn	very, quite(also, often used before an adjective without intensifying its meaning, i.e. as a meaningless syntactic element)
1	37	还	hái	stillstill in progressstill moreyet
1	37	还	huán	to return (sth), to give backto pay backto return
1	38	去	qù	to goto go to (a place)(of a time etc) lastjust passed
1	38	她	tā	she
1	44	想	xiǎng	to think (about)to think of, to deviseto think (that), to believe (that)to desire, to want (to)
1	46	给	gěi	to givetoforfor the benefit of
1	46	没有	méiyǒu	to not havehaven'thasn'tdoesn't exist
1	46	能	néng	canto be able tomight possiblyability
1	48	那	nà	(specifier) that, the, those(pronoun) that (referring to persons, things or situations)then (in that case)
1	49	他们	tāmen	they, them
1	52	看	kàn	to see, to look atto readto watchto visit, to call on
1	53	做	zuò	to make, to produceto write, to composeto do, to engage in, to hold (a party etc)(of a person) to be (an intermediary, a good student etc), to become (husband and wife, friends etc)
1	55	什么	shénme	what?something, anything
1	58	吧	ba	(modal particle indicating suggestion or surmise)right?OK?I presume
1	58	点	diǎn	o'clockto touch briefly, to tapto mark with a dot, to check off (on a list)to order (food etc), to select
1	58	可以	kěyǐ	canmaypossibleable to
1	66	大	dà	big, large, greatolder (than another person)eldestgreatly, freely, fully
1	70	下	xià	downdownwardsbelowlower
1	75	里	lǐ	insidelininginteriorinternal
1	76	真	zhēn	reallytrulyindeedreal
1	77	现在	xiànzài	now, at present, currently
1	79	年	nián	year
1	80	多	duō	many, much, more, a lot oftoo many, in excess(after a numeral) ... oddhow (to what extent)
1	81	两	liǎng	twobothsomea few
1	83	吗	ma	(question particle for "yes-no" questions)
1	83	天	tiān	dayskyheaven
1	87	太	tài	too (much)highestgreatestvery
1	91	再	zài	again, once more, re-further, beyond this point of time(before an adjective) morethen (after sth, and not until then)
1	96	呢	ne	(sentence-final particle) indicating that a state or situation still holds(discourse particle) used to mark a slight pause or emphasis in speech
1	98	只	zhǐ	only, merely, just
1	98	只	zhī	classifier for birds and certain animals, one of a pair, some utensils, vessels etc
1	100	小	xiǎo	smalltinyfewyoung
1	105	知道	zhīdào	to know, to become aware of
1	107	时候	shíhou	timelength of timemomentperiod
1	109	问题	wèntí	questionproblemissuetopic
1	111	工作	gōngzuò	to work(of a machine) to operatejobwork
1	113	事	shì	matterthingitemwork
1	114	它	tā	it
1	115	后	hòu	afterbackbehindrear
1	124	家	jiā	homefamily(polite) my (sister, uncle etc)classifier for families or businesses
1	127	你们	nǐmen	you (plural)
1	127	前	qián	frontforwardaheadfirst
1	127	时间	shíjiān	(concept of) time(duration of) time(point in) time
1	128	怎么	zěnme	how?what?why?
1	130	爱	ài	to love, to be fond of, to likeaffectionto be inclined (to do sth), to tend to (happen)
1	132	这些	zhèxiē	these
1	139	喜欢	xǐhuan	to like, to be fond ofto be happy, to be pleasedto tend to
1	142	吃	chī	to eat, to consumeto eat at (a cafeteria etc)to eradicate, to destroyto absorb
1	142	谁	shéi	who
1	150	新	xīn	newnewlymeso- (chemistry)
1	152	找	zhǎo	to look forto try to findto call on sbto find
1	155	今天	jīntiān	todaythe present time, now
1	161	觉得	juéde	to think that ..., to feel thatto feel (uncomfortable etc)
1	161	月	yuè	monthmoonmonthly
1	178	几	jǐ	how many, how muchseveral, a few
1	178	见	jiàn	to seeto meetto appear (to be sth)to interview
1	186	车	chē	carvehiclemachineto shape with a lathe
1	187	一些	yīxiē	some, a few, a little, (following an adjective) slightly ...er
1	189	大家	dàjiā	everyoneinfluential familygreat expert
1	190	听	tīng	to listen to, to hearto heed, to obeya can (loanword from English "tin")classifier for canned beverages
1	194	非常	fēicháng	very, reallyunusual, extraordinary
1	195	开	kāi	to open (transitive or intransitive)(of ships, vehicles, troops etc) to startto turn on, to put in operation, to operate, to runto boil
1	200	叫	jiào	to be calledto shoutto callto order
1	207	孩子	háizi	child
1	209	这里	zhèlǐ	here
1	216	请	qǐng	please (do sth)to askto inviteto treat (to a meal etc)
1	218	钱	qián	moneycoinunit of weight, one tenth of a tael
1	220	公司	gōngsī	company, firm, corporation
1	221	不要	bùyào	don't!, must not
1	222	本	běn	(classifier for books, magazines etc)(bound form) root, stem(bound form) origin, source(bound form) one's own, this
1	225	回	huí	to go back, to return, to turn back, to turn aroundto reply, to answerclassifier for literary divisions (acts of a play, sections or chapters of a classic book)classifier for occurrences or times
1	226	东西	dōngxi	thingstuffperson
1	233	三	sān	three3
1	240	买	mǎi	to buyto purchase
1	246	问	wèn	to ask, to inquire
1	266	岁	suì	years old
1	278	号	hào	number(literary) to call out, to command(bound form) bugle, trumpet(bound form) signal, bugle call
1	280	朋友	péngyou	friend
1	280	住	zhù	to live, to reside, to stayto stop, to cease(result complement indicating firmness or a stable achieved state)
1	292	件	jiàn	itemcomponentclassifier for events, things, clothes etc
1	326	那些	nàxiē	those
1	335	水	shuǐ	water(after a name) ... Riverto swim(coll.) lacking in substance, shoddy
1	352	写	xiě	to write
1	357	您	nín	you
1	359	电话	diànhuà	telephonephone callphone number
1	368	女	nǚ	femalewomandaughter
1	372	分	fēn	to divide, to separateto distribute, to allocateto distinguish (good and bad)(bound form) branch of (an organization), sub-
1	389	小时	xiǎoshí	hour
1	394	有些	yǒuxiē	somesomewhat, rather, a bit
1	395	日	rì	day(bound form) sunday of the month(bound form) Japan
1	415	玩	wán	to playto have funto trifle withtoy
1	420	正在	zhèngzài	to be in the process of (doing sth), to be currently ...-ing
1	428	喝	hē	to drink
1	430	穿	chuān	to wear, to put on (clothes, shoes etc.)to bore through, to pierce, to perforateto go through (e.g. a tunnel), to cross (e.g. a street)to thread, to string together
1	430	学校	xuéxiào	school
1	435	坐	zuò	to sitto take a seatto take (a bus, airplane etc)to bear fruit
1	445	早	zǎo	earlymorningGood morning!long ago
1	457	们	men	plural marker for pronouns, and nouns referring to individuals
1	463	认识	rènshi	to knowto recognizeto be familiar withto get acquainted with sb
1	464	睡	shuì	to sleepto lie down
1	465	分钟	fēnzhōng	minute
1	469	明天	míngtiān	tomorrow
1	481	四	sì	four4
1	483	块	kuài	lump, chunk, piececlassifier for pieces of cloth, cake, soap etc(coll.) classifier for money and currency units
1	489	外	wài	outsidein additionforeignexternal
1	502	晚上	wǎnshang	eveningnightin the evening
1	520	谢谢	xièxie	to thankthanksthank you
1	524	学	xué	to learnto studyto imitatescience
1	526	多少	duōshao	how much?, how many?(phone number, student ID etc) what number?
1	527	妈妈	māma	mamamommymother
1	538	少	shǎo	fewlessto lackto be missing
1	538	少	shào	young
1	546	电影	diànyǐng	movie, film
1	547	哪	nǎ	whichhow
1	557	昨天	zuótiān	yesterday
1	558	晚	wǎn	eveningnightlate
1	560	书	shū	bookletterdocumentto write
1	563	五	wǔ	five5
1	586	先生	xiānsheng	gentleman, sir, mister (Mr.)teacherhusband(dialect) doctor
1	587	男	nán	(bound form) malebaron, the lowest of the five ranks of nobility
1	590	卖	mài	to sellto betrayto spare no effortto show off or flaunt
1	608	医院	yīyuàn	hospital
1	611	些	xiē	classifier indicating a small amount or small number greater than 1: some, a few, several
1	620	狗	gǒu	dog
1	637	口	kǒu	mouthclassifier for things with mouths (people, domestic animals, cannons, wells etc)classifier for bites or mouthfuls
1	651	学生	xuésheng	studentschoolchild
1	664	二	èr	two2(Beijing dialect) stupid
1	665	儿子	érzi	son
1	702	歌	gē	song(bound form) to sing
1	727	半	bàn	halfsemi-incomplete(after a number) and a half
1	729	中国	Zhōngguó	China
1	732	店	diàn	inn, old-style hotel(bound form) shop, store
1	744	元	yuán	currency unit (esp. Chinese yuan)(bound form) first, original, primary(bound form) basic, fundamental(bound form) constituent, part
1	750	哪里	nǎlǐ	where?somewhereanywherewherever
1	770	那里	nàli	there, that place
1	779	电视	diànshì	television, TV
1	782	下午	xiàwǔ	afternoonp.m
1	789	学习	xuéxí	to learn, to study
1	793	它们	tāmen	they, them
1	799	老师	lǎoshī	teacher
1	802	六	liù	six6
1	803	边	biān	sideedgemarginborder
1	813	唱	chàng	to singto call loudlyto chant
1	814	大学	dàxué	university, college
1	827	病	bìng	illnessdiseaseto fall illdefect
1	827	医生	yīshēng	doctor, medical practitioner
1	829	名字	míngzi	name (of a person or thing)
1	836	她们	tāmen	they, them (females)
1	851	今年	jīnnián	this year
1	857	手机	shǒujī	cell phone, mobile phone
1	859	忙	máng	busyhurriedlyto hurryto rush
1	865	十	shí	ten10
1	870	看见	kànjiàn	to see, to catch sight of
1	879	女儿	nǚ'ér	daughter
1	880	说话	shuōhuà	to speakto sayto talkto gossip
1	908	爸爸	bàba	(coll.) father, dad
1	913	字	zì	lettersymbolcharacterword
1	915	漂亮	piàoliang	pretty, beautiful
1	920	高兴	gāoxìng	happygladwilling (to do sth)in a cheerful mood
1	933	去年	qùnián	last year
1	938	热	rè	to warm upto heat uphot (of weather)heat
1	944	睡觉	shuìjiào	to go to bedto sleep
1	946	电脑	diànnǎo	computer
1	962	第	dì	(literary) grades in which successful candidates in the imperial examinations were placed(old) residence of a high official(literary) but, however(literary) only, just
1	1013	读	dú	to read out, to read aloudto readto attend (school), to study (a subject in school)to pronounce
1	1027	冷	lěng	cold
1	1067	飞机	fēijī	airplane
1	1092	早上	zǎoshang	early morning
1	1150	猫	māo	cat(dialect) to hide oneself(loanword) (coll.) modem
1	1218	打电话	dǎdiànhuà	to make a telephone call
1	1225	休息	xiūxi	restto rest
1	1300	有的	yǒude	(there are) some (who are...)some (exist)
1	1301	喂	wèi	heyto feed (an animal, baby, invalid etc)
1	1357	房间	fángjiān	room
1	1362	八	bā	eight
1	1367	怎么样	zěnmeyàng	how?how about?how was it?how are things?
1	1419	七	qī	seven7
1	1448	菜	cài	vegetable, greensdish (of food)(of one's skills etc) weak, poor(coll.) (one's) type
1	1472	衣服	yīfu	clothes
1	1495	上班	shàngbān	to go to workto be on dutyto start workto go to the office
1	1513	姐姐	jiějie	older sister
1	1517	课	kè	subjectcourseclasslesson
1	1527	国	guó	country, nation, state(bound form) national
1	1529	饭	fàn	cooked ricemeal(loanword) fandevotee
1	1554	一半	yībàn	half
1	1562	家人	jiārén	family member(old) servant
1	1577	对不起	duìbuqǐ	I'm sorry, excuse me, I beg your pardonto let (sb) down, to disappoint
1	1655	哥哥	gēge	older brother
1	1675	天气	tiānqì	weather
1	1728	千	qiān	thousand
1	1828	同学	tóngxué	classmateto study at the same schoolfellow student
1	1877	好看	hǎokàn	good-looking, nice-looking(of a movie, book, TV show etc) goodin an embarrassing situation
1	1910	茶	chá	teatea plant
1	1929	雨	yǔ	rain
1	1956	星期	xīngqī	weekday of the weekSunday
1	1971	雪	xuě	snow(literary) to wipe away (a humiliation etc)
1	2040	九	jiǔ	nine9
1	2093	妹妹	mèimei	younger sisteryoung woman
1	2155	女士	nǚshì	ladymadamMissMs
1	2188	上午	shàngwǔ	morning
1	2239	贵	guì	expensive(bound form) highly valued, precious(bound form) noble, of high rank(prefix) (honorific) your
1	2415	那边	nàbian	over thereyonder
1	2424	弟弟	dìdi	younger brother
1	2455	百	bǎi	hundrednumerousall kinds of
1	2484	好吃	hǎochī	tasty, delicious
1	2487	明年	míngnián	next year
1	2487	再见	zàijiàn	goodbye
1	2562	苹果	píngguǒ	apple
1	2600	中午	zhōngwǔ	noonmidday
1	2645	起床	qǐchuáng	to get out of bed, to get up
1	2670	开车	kāichē	to drive a car (or train etc)(slang) to post sexual content online, to make a sexual joke
1	2677	出租车	chūzūchē	taxi(Tw) rental car
1	2774	这边	zhèbiān	this sidehere
1	2791	火车	huǒchē	train
1	2814	便宜	piányi	cheap, inexpensivea petty advantageto let sb off lightly
1	2965	上学	shàngxué	to go to schoolto attend school
1	2986	牛奶	niúnǎi	cow's milk
1	3004	女朋友	nǚpéngyou	girlfriend
1	3042	上课	shàngkè	to go to classto attend classto go to teach a class
1	3114	听见	tīngjiàn	to hear
1	3176	男朋友	nánpéngyou	boyfriend
1	3207	下班	xiàbān	to finish work, to get off worknext service (train, bus etc)
1	3271	水果	shuǐguǒ	fruit
1	3285	读书	dúshū	to read a bookto studyto attend school
1	3479	商店	shāngdiàn	store, shop
1	3501	鸡蛋	jīdàn	(chicken) egghen's egg
1	3541	没关系	méiguānxi	it doesn't matter
1	3623	零	líng	zeronoughtzero signfractional
1	3639	桌子	zhuōzi	tabledesk
1	3645	白天	báitiān	daytimeduring the dayday
1	3689	请问	qǐngwèn	Excuse me, may I ask...?
1	3741	哪些	nǎxiē	which ones?who?what?
1	3794	晚饭	wǎnfàn	evening mealdinnersupper
1	3819	小学	xiǎoxué	elementary school, primary school
1	3998	饭店	fàndiàn	restauranthotel
1	4042	中学	zhōngxué	middle school
1	4138	面包	miànbāo	bread
1	4336	生病	shēngbìng	to fall ill
1	4355	好听	hǎotīng	pleasant to hear
1	4422	大学生	dàxuéshēng	university student, college student
1	4427	超市	chāoshì	supermarket
1	4472	椅子	yǐzi	chair
1	4536	小朋友	xiǎopéngyǒu	child, kid (used to refer to a child, or by an adult to address a child, or, in Taiwan, to refer to sb's own child)
1	4986	午饭	wǔfàn	lunch
1	5512	做饭	zuòfàn	to prepare a mealto cook
1	5648	下雨	xiàyǔ	to rain
1	6162	杯子	bēizi	cupglass
1	6459	中文	Zhōngwén	Chinese language
1	6748	早饭	zǎofàn	breakfast
1	6921	一点	yīdiǎn	a bit, a little bit(used in negative expressions) (not) the least bit(after an adjective, used to form the comparative) a bit more, -era point (in a discussion etc)
1	7174	书店	shūdiàn	bookstore
1	7577	星期天	Xīngqītiān	Sunday
1	7705	看病	kànbìng	to visit a doctorto see a patient
1	7945	电影院	diànyǐngyuàn	cinema, movie theater
1	9694	下课	xiàkè	to finish classto get out of class(fig.) (esp. of a sports coach) to be dismissedto be fired
1	10194	米饭	mǐfàn	(cooked) rice
1	11175	有点	yǒudiǎn	a little
1	11834	饺子	jiǎozi	dumplingpot-sticker
1	12165	小学生	xiǎoxuéshēng	primary school studentschoolchild(fig.) beginner
1	12319	外边	wàibian	outsideouter surfaceabroadplace other than one's home
1	12707	中学生	zhōngxuéshēng	middle-school studenthigh school student
1	12997	星期日	Xīngqīrì	Sunday
1	13422	汉语	Hànyǔ	Chinese language
1	16315	包子	bāozi	baozi, bao (steamed stuffed bun)
1	16723	不客气	bùkèqi	you're welcomedon't mention itimpoliterude
1	19725	汉字	hànzì	Chinese character(s)
1	23411	好玩	hǎowán	amusingfuninteresting
1	1000000	面条	miàntiáo	noodles
2	15	就	jiù	(after a suppositional clause) in that case, then(after a clause of action) as soon as, immediately aftermerely, nothing else but, simply, just, precisely, exactlyonly, as little as
2	38	着	zhe	aspect particle indicating action in progress or ongoing state
2	38	着	zháo	to touch, to feel; (after a verb) to succeed into come in contact withto be affected byto catch fire
2	47	啊	a	modal particle ending sentence, showing affirmation, approval, or consent
2	54	让	ràng	to let sb do sthto yieldto permitto have sb do sth
2	55	但	dàn	but, yet, however, stillmerely, only, just
2	56	自己	zìjǐ	oneself, (attributive) one's own
2	58	得	dé	to obtainto getto gainto catch (a disease)
2	58	得	de	(structural particle after a verb, showing degree or result)structural particle: used after a verb (or adjective as main verb), linking it to following phrase indicating effect, degree, possibility etc
2	58	得	děi	to have to, mustought toto need to
2	60	过	guò	to crossto go overto pass (time)to celebrate (a holiday)
2	70	从	cóng	from, through, via(bound form) to follow(bound form) to obey(bound form) to engage in (an activity)
2	83	等	děng	to wait for, to awaitby the time, when, tilland so on, etc., et al(bound form) class, rank, grade
2	85	出	chū	to go out, to come outto arise, to occurto produce, to yieldto go beyond, to exceed
2	85	已经	yǐjīng	already
2	85	这样	zhèyàng	this way, like this, so(before a noun) this kind of, such
2	89	最	zuì	(the) most ...best or most extreme example	=
2	91	因为	yīnwèi	because, owing to, on account of
2	99	次	cì	(classifier for occurrences) timenext in sequencesecondthe second (day, time etc)
2	109	走	zǒu	to walkto goto runto move (of vehicle)
2	115	但是	dànshì	but, however
2	115	时	shí	timeo'clockwhenhour
2	127	可能	kěnéng	might (happen)possibleprobablepossibility
2	132	地	de	-lystructural particle: used before a verb or adjective, linking it to preceding modifying adverbial adjunct
2	132	开始	kāishǐ	to begin, to startbeginning, start
2	132	地	dì	earth, groundfieldplaceland
2	135	跟	gēn	withheelto follow closelyto go with
2	153	打	dǎ	to hit, to striketo fight(in many expressions) a semantically light transitive verb used with various objects to form expressions with a wide range of meanings, e.g. "to hold an umbrella", "to make a phone call", "to get an injection"(coll.) from, since
2	153	快	kuài	rapidquickspeedrate
2	155	比	bǐ	than, compared withto compare(followed by a noun and adjective) more {adj.} than {noun}ratio
2	157	所以	suǒyǐ	thereforeas a resultsothe reason why
2	160	还是	háishi	still (as before)had betterunexpectedlyor
2	164	那么	nàme	like that, in that way, to that extent(before a number) ... or so, aboutthen, in that case
2	166	这么	zhème	so muchthis muchhow much?this way
2	172	起来	qilai	(after a verb) indicating the beginning and continuation of an action or a stateindicating an upward movementindicating completionexpressing preliminary judgment
2	172	一起	yīqǐ	together, in company (with)(in) the same placealtogether, in totalan instance of, a case of (murder, accident, dispute etc)
2	177	位	wèi	classifier for people (honorific)positionlocationplace
2	182	希望	xīwàng	to hopea hope, a wish
2	190	手	shǒu	hand(formal) to holdperson engaged in certain types of workperson skilled in certain types of work
2	214	别	bié	don't ...!to leave, to part (from)(literary) to differentiate, to distinguish(dialect) to turn away, to turn aside, to avert (one's face, gaze etc)
2	234	名	míng	namenoun (part of speech)place (e.g. among winners)famous
2	246	长	cháng	long(bound form) length(bound form) strong point, forte(bound form) to be good at
2	246	长	zhǎng	to growchiefheadelder
2	252	告诉	gàosu	to tell, to inform, to let know
2	254	出来	chūlái	to come outto appearto arise
2	271	事情	shìqing	affair, matter, thing, business
2	277	条	tiáo	classifier for long thin things (ribbon, river, road, trousers etc)stripitemarticle
2	287	拿	ná	to holdto seizeto catchto apprehend
2	290	高	gāo	hightallabove averageloud
2	294	正	zhèng	straightuprightpropermain
2	299	为什么	wèishénme	why?for what reason?
2	329	头	tóu	headhair stylethe topend
2	333	准备	zhǔnbèi	to preparepreparationto intendto be about to
2	338	进	jìn	to enterto go forwardto advanceto go in
2	340	每	měi	eachevery
2	352	周	zhōu	weekweekly
2	353	过去	guòqù	(in the) past, former, previousto go over, to pass by
2	370	送	sòng	to send, to deliver, to transmitto give (as a present)to see (sb) offto accompany, to go along with
2	382	笑	xiào	to laugh, to smileto laugh at
2	384	不错	bùcuò	not badcorrectrightpretty good
2	395	帮	bāng	to helpto assistto supportfor sb (i.e. as a help)
2	395	完	wán	to finishto be overwholecomplete
2	399	站	zhàn	stationto standto haltto stop
2	409	路	lù	roadjourneyrouteline (bus etc)
2	422	门	mén	gate, door, doorway, gateway, openingvalve, switch, other door-like or gate-like structureway to do sth, knack, method, approachfamily, household, lineage
2	435	花	huā	flowerblossomfancy patternflorid
2	440	虽然	suīrán	although, even though
2	480	回来	huílai	to return, to come back
2	518	球	qiú	ballsphereglobeball game
2	531	错	cuò	wrongmistakebadinterlocking
2	546	间	jiān	betweenamongwithin a definite time or spaceroom
2	553	跑	pǎo	to runto run awayto escapeto run around (on errands etc)
2	557	万	wàn	ten thousanda great number
2	588	动	dòng	(of sth) to moveto set in movementto displaceto touch
2	604	面	miàn	facesidesurfaceaspect
2	628	下来	xiàlai	to come down(completed action marker)(after verb of motion, indicates motion down and towards us, also fig.)(indicates continuation from the past towards us)
2	635	远	yuǎn	fardistantremote(intensifier in a comparison) by far
2	637	快乐	kuàilè	happy, joyful
2	648	里面	lǐmiàn	insideinterior
2	669	懂	dǒng	to understandto comprehend
2	692	过来	guòlái	to come overto manageto handleto be able to take care of
2	699	记得	jìde	to remember
2	701	药	yào	medicinedrugsubstance used for a specific purpose (e.g. poisoning, explosion, fermenting)to poison
2	731	身体	shēntǐ	the bodyone's health
2	755	包	bāo	bagto coverto wrapto hold
2	756	那样	nàyàng	that kindthat sort
2	760	往	wǎng	towardsto go (in a direction)to(of a train) bound for
2	765	楼	lóu	building, floorhouse with more than 1 storystoried building
2	779	飞	fēi	to fly
2	779	介绍	jièshào	to introduce (sb to sb)to give a presentationto present (sb for a job etc)introduction
2	784	出去	chūqù	to go out
2	814	眼睛	yǎnjing	eye
2	822	近	jìn	nearclose toapproximately
2	838	下去	xiàqù	to go downto descendto go onto continue
2	912	离	lí	to leave; (in giving distances) fromto part fromto be away fromwithout (sth)
2	940	经常	jīngcháng	frequently, constantly, regularly, oftenday-to-day, everyday, daily
2	956	票	piào	ticketballotbanknoteperson held for ransom
2	961	床	chuáng	bed, couch (furniture that one can lie down on)bed, bottom (of rivers, oceans, gardens etc)frame, chassisclassifier for blankets, quilts etc
2	988	教	jiāo	to teach, to instruct
2	988	意思	yìsi	meaningideaopinionwish
2	1015	忘	wàng	to forgetto overlookto neglect
2	1119	画	huà	to draw, to paintpicture, paintingto draw (a line)stroke of a Chinese character
2	1138	运动	yùndòng	sportsto moveto exerciseexercise
2	1160	回去	huíqu	to returnto go back
2	1187	妻子	qīzi	wife
2	1189	鱼	yú	fish
2	1197	累	lèi	tiredwearyto strainto wear out
2	1199	打开	dǎkāi	to opento show (a ticket)to turn onto switch on
2	1215	肉	ròu	meatfleshpulp (of a fruit)(coll.) (of a fruit) squashy
2	1238	班	bān	team, class, grade(military) squadwork shiftclassifier for groups of people and scheduled transport vehicles
2	1239	坏	huài	badspoiledbrokento break down
2	1245	笔	bǐ	penwriting brush, writing implement (pen, pencil etc)brushstroke, stroke (in painting or calligraphy)(bound form) style of writing, literary manner, technique of brushwork
2	1248	上面	shàngmiàn	on top ofabove-mentioned
2	1298	洗	xǐ	to wash, to batheto develop (photographs)to shuffle (cards etc)to erase (a recording)
2	1300	后面	hòumian	the back, the rear, the last bitbehind, near the end, at the backlater, afterwards
2	1352	外面	wàimiàn	outsidesurfaceexteriorexternal appearance
2	1376	丈夫	zhàngfu	husband
2	1382	左	zuǒ	leftthe Left (politics)eastunorthodox
2	1459	下面	xiàmiàn	belowundernextthe following
2	1481	右	yòu	(bound form) right, right-hand side(bound form) (politics) right of center(bound form) (old) west(literary) the right side as the side of precedence
2	1506	生日	shēngrì	birthday
2	1568	有时	yǒushí	sometimes, now and then
2	1572	词	cí	wordstatement, speech, lyricsa form of lyric poetry, flourishing in the Song dynasty
2	1593	鸟	niǎo	bird"bird" radical in Chinese characters (Kangxi radical 196)(dialect) to pay attention to(intensifier) damned
2	1624	进去	jìnqù	to go in
2	1641	疼	téng	(it) hurts, soreto love dearly
2	1669	路上	lùshang	on the roadon the way, en route
2	1680	酒店	jiǔdiàn	hotelwine shoppub (public house)restaurant
2	1698	咖啡	kāfēi	(loanword) coffee
2	1718	考试	kǎoshì	to take an examexam
2	1770	慢	màn	slow
2	1789	前面	qiánmiàn	aheadin frontprecedingabove
2	1815	旁边	pángbiān	side, adjacent place
2	1860	帮忙	bāngmáng	to helpto lend a handto do a favorto do a good turn
2	1870	进来	jìnlái	to come in
2	1880	颜色	yánsè	colorcountenanceappearancefacial expression
2	2025	高中	gāozhōng	high schoolsenior high school
2	2030	考	kǎo	to take an examto checkto verifyto test
2	2127	上去	shàngqù	to go up
2	2146	红色	hóngsè	red (color)revolutionary
2	2164	游	yóu	to swim
2	2207	一会	yīhuì	a momenta whilein a moment
2	2308	机场	jīchǎng	airport, airfield(slang) service provider for Shadowsocks or similar software for circumventing Internet censorship
2	2330	踢	tī	to kickto play (e.g. soccer)(slang) butch (in a lesbian relationship)
2	2343	舒服	shūfu	comfortablefeeling well
2	2362	黑色	hēisè	black
2	2383	绿色	lǜsè	green
2	2474	网上	wǎngshàng	online
2	2534	旅游	lǚyóu	to traveltripjourneytourism
2	2550	足球	zúqiú	soccer, footballa soccer ball, a football
2	2643	白色	báisè	whitefig. reactionaryanti-communist
2	2690	题	tí	exam questiontopicproblem for discussionsubject
2	2762	门口	ménkǒu	doorwaygate
2	2805	不好意思	bùhǎoyìsi	to be sorry (for inconveniencing sb)to feel embarrassedto find it embarrassing
2	2809	奶奶	nǎinai	(informal) grandma (paternal grandmother)(respectful) mistress of the house(coll.) boobiesbreasts
2	2906	右边	yòubian	right sideright, to the right
2	2983	有意思	yǒuyìsi	interestingmeaningfulenjoyablefun
2	2997	出门	chūmén	to go outto leave hometo go on a journeyaway from home
2	3046	地铁	dìtiě	underground railway, subwaysubway train
2	3067	小时候	xiǎoshíhou	in one's childhood
2	3099	爷爷	yéye	(coll.) paternal grandfather, grandpa
2	3160	上来	shànglái	to come upto approach(verb complement indicating success)
2	3576	姓	xìng	family name, surnameto be surnamed
2	3596	篮球	lánqiú	basketball
2	3695	游泳	yóuyǒng	swimmingto swim
2	3765	裤子	kùzi	trousers, pants
2	3920	跳舞	tiàowǔ	to dance
2	4058	阴	yīn	overcast (weather)cloudyshadyYin (the negative principle of Yin and Yang)
2	4061	上网	shàngwǎng	to go onlineto connect to the Internet(of a document etc) to be uploaded to the Internet(tennis, volleyball etc) to move in close to the net
2	4093	商场	shāngchǎng	shopping mallshopping centerdepartment storeemporium
2	4151	外国	wàiguó	foreign country
2	4286	姓名	xìngmíng	surname and given name, full name
2	4480	车站	chēzhàn	rail stationbus stop
2	4517	走路	zǒulù	to walk, to go on footto leave, to depart(informal) to clear off, to beat it(of sb who gets fired or resigns) to leave the job, to get out
2	4584	左边	zuǒbian	leftthe left sideto the left of
2	4653	从小	cóngxiǎo	from childhood, from a young age
2	4902	爱好	àihào	to like, to be fond of, to take pleasure in, to be keen oninterest, hobby
2	5082	教室	jiàoshì	classroom
2	5135	快要	kuàiyào	nearly at the point of (doing sth), about to (do sth)
2	5140	门票	ménpiào	ticket (for theater, cinema etc)
2	5209	机票	jīpiào	plane ticket, airline ticket
2	6179	手表	shǒubiǎo	wristwatch
2	6997	出国	chūguó	to go abroad, to leave the country
2	7199	跑步	pǎobù	to runto jog(military) to march at the double
2	9052	药店	yàodiàn	pharmacy, drugstore
2	9343	晴	qíng	clearfine (weather)
2	9674	洗手间	xǐshǒujiān	toiletlavatorywashroom
2	10160	开学	kāixué	(of a student) to start school(of a semester) to begin(old) to found a schoolthe start of a new term
2	10888	个子	gèzi	stature, height, size (of a person or object)(agriculture) bundle of cereal stalks tied together
2	11321	没意思	méiyìsi	boringof no interest
2	11861	书包	shūbāo	schoolbagsatchelbookbag
2	12849	本子	běnzi	notebookexercise book	=
2	14490	过年	guònián	to celebrate the Chinese New Year
2	15567	绿茶	lǜchá	green tea(slang) (of a girl) seemingly innocent and charming but actually calculating and manipulative, a girl who has these qualities
2	15698	打车	dǎchē	to take a taxi (in town)to hitch a lift
2	16449	饭馆	fànguǎn	restaurant
2	18271	女孩	nǚhái	girl, lass
2	20075	奶茶	nǎichá	milk tea
2	21109	红茶	hóngchá	black tea
2	25607	小孩	xiǎohái	child
2	1000000	公交车	gōngjiāochē	buspublic transport vehicletown bus
2	1000000	男孩	nánhái	boy
3	50	把	bǎ	to hold, to graspto hold a baby in position to help it urinate or defecatehandlebarclassifier: handful, bundle, bunch
3	54	被	bèi	(passive marker) byquiltto cover (with)(literary) to suffer (a misfortune)
3	58	为	wèi	because offorto
3	58	为	wéi	as (in the capacity of)to take sth asto act asto serve as
3	71	中	zhōng	within, among, inmiddle, centerwhile (doing sth), during(dialect) OK, all right
3	71	中	zhòng	to hit (a target)to be struck by (a bullet, illness etc)to win (a prize or lottery)
3	79	用	yòng	to use, to make use of, to employ(coverb) with, usingto need, to have to (usu. used in the negative or in questions)usefulness, utility
3	89	如果	rúguǒ	if, in case, in the event that
3	91	又	yòu	(once) againalsoboth... andand yet
3	96	可	kě	(prefix) can, may, able to, -ableto approve, to permitto suit(particle used for emphasis) certainly, very
3	116	该	gāi	shouldought toprobablymust be
3	127	更	gèng	moreeven morefurtherstill
3	131	需要	xūyào	to need, to want, to demand, to requireneeds
3	133	才	cái	only then, justability, talentsb of a certain typea capable individual
3	151	像	xiàng	to resembleto be liketo look as ifsuch as
3	165	向	xiàng	towardsto faceto turn towardsdirection
3	168	认为	rènwéi	to believe, to think, to consider, to feel
3	174	起	qǐ	to riseto raiseto get upto set out
3	174	应该	yīnggāi	ought to, should, must
3	177	带	dài	to bring, to take alongbandbeltgirdle
3	179	种	zhǒng	kind, typeseedspeciesclassifier for types, kinds, sorts
3	179	种	zhòng	to plantto growto cultivate
3	189	发现	fāxiàn	to notice, to become aware ofto discover, to find, to detecta discovery
3	198	一定	yīdìng	surely, certainly, definitelyfixed, settleda certain ..., a given
3	203	生活	shēnghuó	to livelifelivelihood
3	203	一直	yīzhí	continuously, always, all the way throughstraight (in a straight line)
3	211	发生	fāshēng	to happen, to occur, to take place, to arise
3	229	为了	wèile	for, for the purpose of, in order to
3	235	一样	yīyàng	samelikeequal tothe same as
3	236	只是	zhǐshì	merely, only, just, nothing butsimplybut, however
3	238	世界	shìjiè	world
3	239	而且	érqiě	moreover, in addition, furthermore(not only ...) but also
3	240	重要	zhòngyào	important, significant, major
3	241	必须	bìxū	to have tomustcompulsorynecessarily
3	254	地方	dìfang	place, location, area, space, territoryaspect, part
3	261	最后	zuìhòu	final, last, ultimatefinally, in the end
3	266	老	lǎo	old (of people)prefix used before the surname of a person or a numeral indicating the order of birth of the children in a family or to indicate affection or familiarityvenerable (person)experienced
3	267	其他	qítā	other(sth or sb) elsethe rest
3	272	行	xíng	OK, all right(bound form) to walk, to go, to travel(literary) trip, journey, visit(bound form) temporary, makeshift
3	272	行	háng	row, line; trade, business(bound form) row, line(bound form) line of business, trade, profession(bound form) commercial firm
3	275	比赛	bǐsài	competition (sports etc)matchto compete
3	275	然后	ránhòu	then, after that, afterwards
3	277	担心	dānxīn	to worryanxiousworrieduneasy
3	280	放	fàng	to putto placeto releaseto free
3	306	先	xiān	beforehand, first, earlierat first, originallyfor the time being, for now(prefix) my late (in referring to deceased relatives older than oneself)
3	307	或	huò	ormaybeperhapsmight
3	308	得到	dédào	to get, to obtain, to receive
3	316	张	zhāng	classifier for flat objects, sheetto open upto spreadsheet of paper
3	318	关系	guānxi	relation, relationship, connectionto concern, to involve, to affectguanxi (personal connections)
3	335	总	zǒng	in every case, always, invariably(bound form) general, overallto sum upanyway, after all, eventually, sooner or later
3	336	了解	liǎojiě	to understand, to know aboutto learn about, to find out
3	355	参加	cānjiā	to participate, to take part, to join
3	356	国家	guójiā	country, nation, state
3	364	安全	ānquán	safe, securesafety, security
3	366	决定	juédìng	to decide, to determine, to make up one's minddecision
3	373	选择	xuǎnzé	to select, to pickchoice, option, alternative
3	374	只有	zhǐyǒu	only have ..., there is onlyit is only if ... (that one can ...)it is only (someone) who(used to express lack of alternatives) can only, have no choice but to
3	382	或者	huòzhě	orpossibly, maybe, perhaps
3	383	女人	nǚrén	woman
3	393	机会	jīhuì	opportunitychanceoccasion
3	393	受	shòu	to receiveto acceptto suffersubjected to
3	397	别人	biéren	other people, others, other person
3	400	发	fā	to send outto show (one's feeling)to issueto develop
3	400	发	fà	hair
3	404	可是	kěshì	but, however(used for emphasis) indeed
3	405	其实	qíshí	actually, in fact, really
3	407	以后	yǐhòu	afterlaterafterwardsfollowing
3	409	要求	yāoqiú	to requestto requirerequirementto stake a claim
3	415	男人	nánrén	a mana malemen
3	419	信	xìn	lettermailto trustto believe
3	423	当然	dāngrán	of courseonly naturalas it should becertainly
3	425	接	jiē	to receiveto answer (the phone)to meet or welcome sbto connect
3	431	相信	xiāngxìn	to believe, to be convinced, to accept as true
3	436	刚	gāng	just, only a short while ago(literary) hard, firm, strongexactly, preciselybarely, only just
3	452	只要	zhǐyào	so long as, provided, if
3	458	不同	bùtóng	differentdistinctnot the samenot alike
3	458	解决	jiějué	to solve, to resolve, to settle (a problem)to eliminate, to wipe out (an enemy, bandits etc)
3	463	干	gàn	to dotree trunkmain part of sthto manage
3	463	干	gān	drydried foodempty, hollowtaken in to nominal kinship, adoptive, foster
3	478	关于	guānyú	pertaining toconcerningwith regard toabout
3	486	完成	wánchéng	to complete, to accomplish
3	498	结束	jiéshù	to end, to finish, to conclude
3	499	帮助	bāngzhù	to help, to assistassistance, aid
3	501	变	biàn	to changeto become differentto transformto vary
3	503	加	jiā	to add(math.) plusto increase, to augment
3	505	努力	nǔlì	to make an effort, to try hard, to strivehard-working, conscientious
3	508	有关	yǒuguān	to have sth to do withto relate torelated toto concern
3	524	以前	yǐqián	beforeformerlypreviousago
3	538	办法	bànfǎ	way of handling sth, means, measure, (practical) solution to a problem
3	541	特别	tèbié	unusual, specialvery, especially, particularlyexpressly, for a specific purposein particular
3	543	别的	biéde	elseother
3	544	难	nán	difficult (to...)problemdifficultydifficult
3	547	注意	zhùyì	to take note of, to pay attention to
3	555	讲	jiǎng	to speakto explainto negotiateto emphasize
3	557	离开	líkāi	to depart, to leave
3	567	以为	yǐwéi	to think, to believe (often with the implication that the belief is mistaken – unless referring to one's own current belief)
3	574	越	yuè	the more... the moreto exceedto climb overto surpass
3	577	方法	fāngfǎ	method, way, technique, procedure
3	577	声	shēng	soundvoicetonenoise
3	590	选	xuǎn	to chooseto pickto selectto elect
3	593	城市	chéngshì	city, town
3	598	句	jù	sentenceclausephraseclassifier for phrases or lines of verse
3	598	影响	yǐngxiǎng	influenceeffectto influenceto affect (usually adversely)
3	603	游戏	yóuxì	gameto play
3	605	马	mǎ	horsehorse or cavalry piece in Chinese chessknight in Western chess
3	607	比较	bǐjiào	relativelyto compareto contrastcomparatively
3	612	最近	zuìjìn	recentlysoonnearest
3	618	换	huàn	to exchangeto change (clothes etc)to substituteto switch
3	625	终于	zhōngyú	at lastin the endfinallyeventually
3	627	子	zǐ	sonchildseedegg
3	629	脸	liǎn	face
3	638	除了	chúle	apart from, besides, in addition to
3	638	总是	zǒngshì	always
3	642	双	shuāng	pairtwodoubleboth
3	644	来自	láizì	to come from (a place)From: (in email header)
3	644	突然	tūrán	sudden, abrupt, unexpected
3	647	段	duàn	paragraphsectionsegmentstage (of a process)
3	659	检查	jiǎnchá	inspectionto examineto inspect
3	663	米	mǐ	uncooked ricemeter (unit of length)(slang) Chinese yuan
3	664	容易	róngyì	easy, straightforwardlikely, liable to, apt to
3	667	开心	kāixīn	to feel happyto rejoiceto have a great timeto make fun of sb
3	670	卡	kǎ	(loanword) cardto stopto block(computing) (coll.) slow
3	676	明白	míngbai	to understand, to realizeclear, obvious, unequivocalsensible, reasonable
3	691	办	bàn	to take care of (a matter), to deal with (a task, procedure etc), to organize (an event)to establish, to set up, to manage, to run (an enterprise)(law) to handle, to investigate, to prosecute (a case or suspect)(bound form) office
3	694	根据	gēnjù	according tobased onbasisfoundation
3	699	辆	liàng	classifier for vehicles
3	719	刚刚	gānggang	just recentlyjust a moment ago
3	726	简单	jiǎndān	simple, not complicated
3	732	服务	fúwù	to serveservice
3	737	挺	tǐng	quite, verystraighterectto stick out (a part of the body)
3	738	好像	hǎoxiàng	as ifto seem like
3	738	愿意	yuànyì	willing (to do sth)to wishto wantready
3	742	音乐	yīnyuè	music
3	751	坚持	jiānchí	to persevere withto persist into insist on
3	766	感到	gǎndào	to feel, to sense, to perceive
3	766	清楚	qīngchu	cleardistinctto understand thoroughlyto be clear about
3	766	照片	zhàopiàn	photograph
3	769	银行	yínháng	bank
3	772	故事	gùshi	narrative, story, tale
3	774	看来	kànlai	apparentlyit seems that
3	788	酒	jiǔ	alcoholic beveragewine (esp. rice wine)liquorspirits
3	796	欢迎	huānyíng	to welcomewelcome
3	798	一般	yībān	ordinarysameso-socommon
3	799	可爱	kě'ài	adorablecutelovely
3	805	新闻	xīnwén	news
3	823	怎样	zěnyàng	howwhat kind
3	834	收	shōu	to receiveto acceptto collectto put away
3	841	声音	shēngyīn	sound, voice
3	847	马上	mǎshàng	at onceright awayimmediatelyon horseback (i.e. by military force)
3	853	变成	biànchéng	to change intoto turn intoto become
3	858	受到	shòudào	to receive (praise, an education, punishment etc), to be ...ed (praised, educated, punished etc)
3	859	发展	fāzhǎn	developmentgrowthto developto grow
3	867	经过	jīngguò	to passto go throughprocesscourse
3	874	只能	zhǐnéng	can onlyobliged to do sthto have no other choice
3	882	历史	lìshǐ	history
3	898	哭	kū	to cry, to weep
3	898	汽车	qìchē	carautomobilebus
3	899	怕	pà	to be afraidto fearto dreadto be unable to endure
3	928	会议	huìyì	meetingconference
3	938	试	shì	to testto tryexperimentexamination
3	948	面前	miànqián	in front offacing(in the) presence (of)
3	951	节目	jiémù	(TV or radio) program, showitem, act, segment, number (on the program of a concert, variety show or cultural event)a planned activity (in one's schedule)
3	952	健康	jiànkāng	healthhealthy
3	958	西	xī	west
3	968	差	chà	not up to standard, inferiordifferentwrong, mistakento fall short, to lack
3	968	差	chāi	to send (on an errand)(archaic) person sent on such an errandjob, official post
3	982	结婚	jiéhūn	to marry, to get married
3	982	身边	shēnbiān	at one's sideon hand
3	983	短	duǎn	shortbriefto lackweak point
3	985	同意	tóngyì	to agreeto consentto approve
3	1001	几乎	jīhū	almost, nearly, practically
3	1010	查	chá	to researchto checkto investigateto examine
3	1013	不用	bùyòng	need not
3	1020	附近	fùjìn	nearby, neighboring(in the) vicinity (of), neighborhood
3	1020	认真	rènzhēn	conscientiousearnestseriousto take seriously
3	1024	脚	jiǎo	footleg (of an animal or an object)base (of an object)classifier for kicks
3	1027	电	diàn	electricitylightningelectric (bound form)to get (or give) an electric shock
3	1027	房子	fángzi	housebuilding (single- or two-story)apartmentroom
3	1030	山	shān	mountain, hill(coll.) small bundle of straw for silkworms to spin cocoons on
3	1031	主要	zhǔyào	main, principal, major, primary
3	1040	市	shì	citymarketmunicipality (administrative unit)(literary) to trade, to buy and sell goods
3	1051	比如	bǐrú	for example, for instance, such as
3	1055	后来	hòulái	afterwards, laternewly arrived
3	1057	常	cháng	oftenalwayseverfrequently
3	1059	嘴	zuǐ	mouthbeaknozzlespout (of teapot etc)
3	1063	遇到	yùdào	to meet, to run into, to come across
3	1082	海	hǎi	oceanseagreat number of people or things(dialect) numerous
3	1099	跳	tiào	to jumpto hopto skip overto bounce
3	1100	回答	huídá	to reply, to answerreply, answer
3	1100	年轻	niánqīng	young
3	1103	久	jiǔ	(of a period of time) long
3	1123	记	jì	to rememberto recordto noteto memorize
3	1125	关注	guānzhù	to pay attention to, to follow sth closely, to follow (on social media)concern, interest, attention
3	1127	表演	biǎoyǎn	performanceplayshowexhibition
3	1129	关	guān	to close, to shut, to turn offmountain passto confine, to lock (sb) up, to shut (sb in a room, a bird in a cage etc)to concern, to involve
3	1148	牛	niú	cattleoxcowbull
3	1149	刚才	gāngcái	just nowa moment ago
3	1150	风	fēng	windnewsstylecustom
3	1162	办公室	bàngōngshì	office, business premises
3	1165	照	zhào	according toin accordance withto shineto illuminate
3	1171	环境	huánjìng	environmentcircumstancessurroundingsambient
3	1171	收到	shōudào	to receive
3	1183	方向	fāngxiàng	direction, orientation
3	1190	关心	guānxīn	to be concerned about, to care about
3	1196	节	jié	seasonal festivaljoint, node(bound form) section, segmentsolar term (one of the 24 divisions of the year in the traditional Chinese calendar)
3	1202	层	céng	floor (of a building), storyto pile on top of one anotherlayer, stratum(math.) sheaf
3	1209	病人	bìngrén	sick personpatientinvalid
3	1214	心里	xīnli	heart, mindchest
3	1216	腿	tuǐ	leg
3	1234	街	jiē	street
3	1241	一边	yībiān	one sideeither sideon the one handon the other hand
3	1249	鞋	xié	shoe
3	1251	习惯	xíguàn	habitcustomusual practiceto be used to
3	1262	变化	biànhuà	(intransitive) to change, to varychange, variation
3	1269	周末	zhōumò	weekend
3	1283	听说	tīngshuō	to hear (sth said)one hears (that)hearsaylistening and speaking
3	1292	直到	zhídào	until
3	1319	毛	máo	hairfeatherdownwool
3	1335	忘记	wàngjì	to forget
3	1346	船	chuán	boatvesselship
3	1346	养	yǎng	to raise (animals)to bring up (children)to keep (pets)to support
3	1356	鸡	jī	chickenfowl(slang) prostitute
3	1358	遍	biàn	classifier for actions: one timeeverywhereall over
3	1374	打算	dǎsuàn	to planto intendto calculateplan
3	1382	室	shì	roomwork unitgravescabbard
3	1404	极	jí	extremelypole (geography, physics)utmosttop
3	1405	咱们	zánmen	we or us (including both the speaker and the person(s) spoken to)(dialect) I or me(dialect) (in a coaxing or familiar way) you
3	1411	小心	xiǎoxīn	to be carefulto take care
3	1422	怎么办	zěnmebàn	what's to be done
3	1438	动物	dòngwù	animal
3	1439	不行	bùxíng	won't dobe out of the questionbe no goodnot work
3	1477	饿	è	hungryto starve (sb)
3	1481	树	shù	treeto cultivateto set up
3	1490	水平	shuǐpíng	horizontal, levela standard, a level (of ability, development etc)
3	1495	借	jiè	to borrowto lendto make use of, to avail oneself ofby, with
3	1509	东	dōng	easthost (i.e. sitting on east side of guest)landlord
3	1533	头发	tóufa	hair (on the head)
3	1534	封	fēng	classifier for sealed objects, esp. lettersto conferto grantto bestow a title
3	1536	害怕	hàipà	to be afraid, to be scared
3	1588	季	jì	seasonthe last month of a seasonfourth or youngest amongst brothersclassifier for seasonal crop yields
3	1611	大概	dàgài	probablyroughlyroughapproximate
3	1615	蓝	lán	blueindigo plant
3	1621	纸	zhǐ	paperclassifier for documents, letters etc
3	1631	照顾	zhàogu	to take care ofto show considerationto attend toto look after
3	1632	文化	wénhuà	culturecivilizationcultural
3	1635	急	jí	urgentpressingrapidhurried
3	1655	丢	diū	to loseto put asideto throw
3	1655	奇怪	qíguài	strangeoddto marvelto be baffled
3	1673	礼物	lǐwù	gift, present
3	1704	最好	zuìhǎo	besthad better ..., it would be best to
3	1709	南	nán	south
3	1714	出发	chūfā	to set offto start (on a journey)
3	1724	提高	tígāo	to raiseto increaseto improve
3	1761	满意	mǎnyì	satisfiedpleasedto one's satisfaction
3	1787	旧	jiù	oldopposite: newformerworn (with age)
3	1804	司机	sījī	chauffeur, driver
3	1835	北	běi	north(classical) to be defeated
3	1837	好多	hǎoduō	manyquite a lotmuch better
3	1838	经理	jīnglǐ	managerdirector
3	1847	兴趣	xìngqù	interest (desire to know about sth)interest (thing in which one is interested), hobby
3	1874	员	yuán	(bound form) person engaged in a certain field of activity(bound form) memberclassifier for military generals
3	1876	见面	jiànmiàn	to meet, to see each other
3	1888	成绩	chéngjì	gradesachievementperformance records
3	1889	中间	zhōngjiān	the middle, the insidein the middle, within, between, amongduring, in the meantime
3	1894	女生	nǚshēng	girlschoolgirlfemale student
3	1918	聪明	cōngming	intelligent, clever, brightacute (of sight and hearing)
3	1921	地点	dìdiǎn	placesitelocationvenue
3	1948	语言	yǔyán	language
3	1965	网站	wǎngzhàn	website
3	2001	灯	dēng	lamplightlantern
3	2001	太阳	tàiyang	sunsunlight, sunshinetemple (on the side of the human head)
3	2014	方便	fāngbiàn	convenient, suitableto facilitate, to make things easyhaving money to spare(euphemism) to relieve oneself
3	2016	爬	pá	to crawlto climbto get up or sit up
3	2024	差不多	chàbuduō	almostnearlymore or lessabout the same
3	2036	冰	bīng	iceto chill sth(of an object or substance) to feel cold(of a person) cold
3	2036	糖	táng	sugarsweetscandy
3	2058	以下	yǐxià	that level or lowerthat amount or lessthe following
3	2104	合适	héshì	suitable, fitting, appropriate
3	2110	号码	hàomǎ	number
3	2112	出生	chūshēng	to be born
3	2113	生气	shēngqì	to get angry, to be furiousvitality, liveliness
3	2124	以上	yǐshàng	that level or higher, that amount or morethe above-mentioned(used to indicate that one has completed one's remarks) That is all
3	2125	名单	míngdān	list of names
3	2134	公园	gōngyuán	park (for public recreation)
3	2149	热情	rèqíng	enthusiasticcordialpassionpassionate
3	2171	到处	dàochù	everywhere
3	2226	的话	dehuà	if (coming after a conditional clause)
3	2231	骑	qí	to ride (a horse, bike etc)to sit astrideclassifier for saddle horses
3	2232	报纸	bàozhǐ	newspapernewsprint
3	2245	河	hé	river(bound form) the Yellow River(bound form) the Milky Way(bound form) (on restaurant menus) rice noodles
3	2254	搬	bān	to move (i.e. relocate oneself)to move (sth relatively heavy or bulky)to shiftto copy indiscriminately
3	2255	练	liàn	to practiceto trainto drillto perfect (one's skill)
3	2302	聊	liáo	(coll.) to chat(literary) temporarily, for a while(literary) somewhat, slightly(literary) to depend upon
3	2337	同事	tóngshì	colleague, co-worker
3	2354	体育	tǐyù	sportsphysical education
3	2368	大人	dàren	adultgrownuptitle of respect toward superiors
3	2370	角	jiǎo	anglecornerhornhorn-shaped
3	2370	角	jué	role (theater), competeto competeancient three legged wine vesselthird note of pentatonic scale
3	2395	老人	lǎorén	old man or womanthe elderlyone's aged parents or grandparents
3	2396	胖	pàng	fatplump
3	2404	页	yè	pageleaf
3	2421	不见	bùjiàn	not to seenot to meetto have disappearedto be missing
3	2430	干净	gānjìng	cleanneat
3	2458	放心	fàngxīn	to feel relievedto feel reassuredto be at ease
3	2467	草	cǎo	grassstrawmanuscriptdraft (of a document)
3	2472	甜	tián	sweet(fig.) pleasant, endearing, lovely
3	2501	安静	ānjìng	quietpeacefulcalm
3	2506	牙	yá	toothivory
3	2574	羊	yáng	sheep, goat
3	2574	作业	zuòyè	school assignmenthomeworkworktask
3	2595	瘦	shòu	thinto lose weight(of clothing) tight(of meat) lean
3	2622	啤酒	píjiǔ	beer (loanword)
3	2650	蛋糕	dàngāo	cake
3	2651	新鲜	xīnxiān	fresh (experience, food etc)freshnessnoveluncommon
3	2714	难过	nánguò	to feel sadto feel unwell(of life) to be difficult
3	2739	不久	bùjiǔ	not long (after)before too longsoonsoon after
3	2750	客人	kèrén	visitor, guestcustomer
3	2773	常常	chángcháng	frequently, often
3	2780	平时	píngshí	ordinarilyin normal timesin peacetime
3	2784	男生	nánshēng	boyschoolboymale studentguy (young adult male)
3	2866	碗	wǎn	bowlcup
3	2899	懂得	dǒngde	to understand, to know, to comprehend
3	2909	好久	hǎojiǔ	(coll.) for a long time
3	2925	夏天	xiàtiān	summer
3	3014	以外	yǐwài	apart fromother thanexcept forexternal
3	3024	数学	shùxué	mathematics
3	3060	刷	shuā	a brushto paint, to daubto brush, to scrub(fig.) to remove, to eliminate (from a contest), to fire (from a job)
3	3084	练习	liànxí	to practiceexercisedrillpractice
3	3160	新年	xīnnián	New Year
3	3182	运动员	yùndòngyuán	athlete
3	3183	姐妹	jiěmèi	sisterssiblingssister (school, city etc)
3	3191	南方	nánfāng	south, southern direction(in China) southern regions, often referring to areas south of the Yangtze River
3	3212	尝	cháng	to taste, to try (food)to experience(literary) ever, once
3	3221	对话	duìhuà	to talk (with sb)dialogue, conversation
3	3291	冬天	dōngtiān	winter
3	3360	邻居	línjū	neighbor
3	3365	分开	fēnkāi	to separateto part
3	3365	校长	xiàozhǎng	headmaster, (college, university) president
3	3400	自行车	zìxíngchē	bicycle, bike
3	3401	相机	xiàngjī	cameraat the opportune momentas the circumstances allow
3	3403	花园	huāyuán	garden (for flowers, ornamental plants etc), (landscaped) park, yard with decorative plants
3	3411	遇见	yùjiàn	to meet
3	3431	夫妻	fūqī	husband and wife, married couple
3	3451	耳朵	ěrduo	earhandle (on a cup)
3	3463	饮料	yǐnliào	drinkbeverage
3	3477	节日	jiérì	holidayfestival
3	3510	叔叔	shūshu	father's younger brother, paternal uncleform of address used by children for a male one generation older
3	3512	洗澡	xǐzǎo	to batheto take a shower
3	3548	地图	dìtú	map
3	3620	晚会	wǎnhuì	evening party
3	3621	感冒	gǎnmào	to catch cold(common) cold(coll.) to be interested in (often used in the negative)(Tw) to detest
3	3641	大小	dàxiǎo	sizelarge and smalladults and childrenconsideration of seniority
3	3667	迟到	chídào	to arrive late
3	3694	得分	défēn	to score a point (in a competition, test etc)score, rating, grade
3	3756	刻	kè	quarter (hour)momentto carveto engrave
3	3764	锻炼	duànliàn	to engage in physical exerciseto toughento temperto work out
3	3782	拍照	pāizhào	to take a picture
3	3832	沙发	shāfā	(loanword) sofa(Internet slang) first reply to a forum post
3	3836	图书馆	túshūguǎn	library
3	3879	名人	míngrén	celebritypersonage
3	3894	电梯	diàntī	elevatorescalator
3	3910	刮	guā	to scrapeto blowto shaveto plunder
3	3935	笔记本	bǐjìběn	notebook (stationery)(computing) laptop, notebook
3	3952	矮	ǎi	(of a person) short(of a wall etc) low(of rank) inferior (to), lower (than)
3	3960	信用卡	xìnyòngkǎ	credit card
3	3970	邮件	yóujiàn	mailpostemail
3	4161	不但	bùdàn	not only (... but also ...)
3	4168	冰箱	bīngxiāng	refrigerator(old) icebox
3	4243	黄色	huángsè	yellowvulgar, lewd, pornographic
3	4247	喜爱	xǐ'ài	to liketo loveto be fond offavorite
3	4296	屋子	wūzi	roomhouse
3	4303	校园	xiàoyuán	campus
3	4355	阿姨	āyí	auntiematernal auntterm of address for a woman of one's mother's generationchildcare worker, nanny
3	4365	爱人	àiren	spouse (PRC)lover (non-PRC)
3	4391	西方	Xīfāng	the Westthe OccidentWestern countries
3	4398	开会	kāihuì	to hold a meetingto attend a meeting
3	4411	春天	chūntiān	spring (season)
3	4445	球场	qiúchǎng	stadiumsports groundcourtpitch
3	4461	着急	zháojí	to worry, to feel anxiousto feel a sense of urgency, to be in a hurry
3	4464	住院	zhùyuàn	to stay in hospital, to be hospitalized
3	4572	假期	jiàqī	vacation
3	4572	游客	yóukè	traveler, tourist(online gaming) guest player
3	4584	扫	sǎo	to sweep (with a brush or broom)to sweep away, to wipe out, to get rid ofto sweep (one's eyes etc) over, to scan
3	4623	脏	zāng	dirtyfilthyto get (sth) dirty
3	4724	季节	jìjié	seasontimeperiod
3	4742	饱	bǎo	full (after eating)to eat till fullsatisfied
3	4763	空调	kōngtiáo	air conditioningair conditioner (including units that have a heating mode)
3	4765	一共	yīgòng	in total, altogether
3	4781	月亮	yuèliang	the moon
3	4784	公斤	gōngjīn	kilogram (kg)
3	4834	有用	yǒuyòng	useful
3	4873	园	yuán	land used for growing plantssite used for public recreationa place ending in, such as a botanical garden, kindergarten etc
3	4879	北方	běifāng	norththe northern part a countryChina north of the Yellow River
3	4886	行李	xíngli	luggage
3	4988	衬衫	chènshān	shirtblouse
3	4994	宾馆	bīnguǎn	hotelguesthouselodge
3	5119	马路	mǎlù	streetroad
3	5137	东方	dōngfāng	east
3	5164	常见	chángjiàn	commonly seencommonto see sth frequently
3	5165	楼梯	lóutī	stairstaircase
3	5251	身高	shēngāo	(a person's) height
3	5419	起飞	qǐfēi	(of an aircraft or rocket) to take off, to lift off(fig.) (of an enterprise etc) to start to develop rapidly
3	5430	网球	wǎngqiú	tennistennis ball
3	5466	裙子	qúnzi	skirt
3	5473	香蕉	xiāngjiāo	banana
3	5821	大衣	dàyī	overcoattopcoatcloak
3	5836	发烧	fāshāo	to have a high temperature (from illness), to have a fever(fig.) to be fascinated with, to obsess over(fig.) flourishing, thriving, popular
3	5854	箱子	xiāngzi	boxsuitcasechestcase
3	5859	学期	xuéqī	termsemester
3	5880	路边	lùbiān	curb, roadside, wayside
3	5922	难题	nántí	difficult problem
3	6101	伞	sǎn	umbrellaparasol
3	6177	放假	fàngjià	to have a holiday or vacation
3	6184	路口	lùkǒu	crossingintersection (of roads)
3	6219	有名	yǒumíng	famouswell-known
3	6258	打扫	dǎsǎo	to cleanto sweep
3	6344	东北	dōngběi	northeast
3	6741	瓶子	píngzi	bottle
3	6867	复习	fùxí	to reviewrevision
3	6982	小区	xiǎoqū	housing estate, community, neighborhood(telecommunications) cell
3	7055	秋天	qiūtiān	autumn
3	7152	护照	hùzhào	passport
3	7196	耳机	ěrjī	headphonesearphonestelephone receiver
3	7208	初中	chūzhōng	middle schooljunior high school
3	7209	放学	fàngxué	to dismiss students at the end of the school day
3	7217	画家	huàjiā	painter
3	7237	西南	xīnán	southwest
3	7263	西北	xīběi	northwest
3	7314	卫生间	wèishēngjiān	bathroomtoiletWC
3	7409	出院	chūyuàn	to leave hospitalto be discharged from hospital
3	7467	半天	bàntiān	half of the daya long timequite a whilemidair
3	7477	体育馆	tǐyùguǎn	gymgymnasiumstadium
3	7489	上衣	shàngyī	jacketupper outer garment
3	7509	菜单	càidān	menu
3	7644	年级	niánjí	gradeyear (in school, college etc)
3	7790	搬家	bānjiā	to move house, to relocateto remove (sth)
3	7920	笔记	bǐjì	notesto take down (in writing)a type of literature consisting mainly of short sketches
3	7943	外地	wàidì	parts of the country other than where one is
3	7947	休假	xiūjià	to go on vacation, to have a holiday, to take leave
3	8117	前天	qiántiān	the day before yesterday
3	8277	斤	jīn	(PRC) weight equal to 500 gcatty(Tw) weight equal to 600 g(HK, Malaysia, Singapore) slightly over 604 g
3	8385	过节	guòjié	to celebrate a festivalafter the celebrations (i.e. once the festival is over)
3	8497	邮箱	yóuxiāng	mailboxpost office boxemailemail inbox
3	8761	晚点	wǎndiǎn	(of trains etc) latedelayedbehind schedulelight dinner
3	9002	照相	zhàoxiàng	to take a photograph
3	9030	动物园	dòngwùyuán	zoo
3	9039	盘子	pánzi	platetraydish
3	9048	草地	cǎodì	lawnmeadowsodturf
3	9098	西瓜	xīguā	watermelon
3	9108	铅笔	qiānbǐ	(lead) pencil
3	9203	认得	rènde	to recognizeto remember sth (or sb) on seeing itto know
3	9207	关机	guānjī	to turn off (a machine or device)to finish shooting a film
3	9325	短裤	duǎnkù	short pantsshorts
3	9407	后天	hòutiān	the day after tomorrowlife after birthacquired (not innate or congenital)a posteriori
3	9442	渴	kě	thirsty
3	9671	常用	chángyòng	in common usage
3	9854	请客	qǐngkè	to treat (sb to a meal etc)to give a dinner partyto entertain gueststo invite to dinner
3	10134	请假	qǐngjià	to request leave of absence
3	10344	洗衣机	xǐyījī	washing machine, washer
3	10428	句子	jùzi	sentence
3	10486	班级	bānjí	class (group of students)grade (in school)
3	10486	筷子	kuàizi	chopsticks
3	10838	东南	dōngnán	southeast
3	11156	难看	nánkàn	uglyunsightly
3	11159	外语	wàiyǔ	foreign language
3	11617	感兴趣	gǎnxìngqù	to be interested (in sth)
3	11698	运动会	yùndònghuì	sports competition
3	11764	开花	kāihuā	to bloom, to blossom, to flower(fig.) to burst, to split open(fig.) to burst with joy(fig.) to spring up everywhere, to flourish
3	12112	四季	sìjì	four seasons, namely: spring, summer, autumn and winter
3	12848	开机	kāijī	to start an engineto boot up (a computer)to press Ctrl-Alt-Deleteto begin shooting a film or TV show
3	12849	牙刷	yáshuā	toothbrush
3	13062	课本	kèběn	textbook
3	13110	矿泉水	kuàngquánshuǐ	mineral water
3	13383	做客	zuòkè	to be a guest or visitor
3	13961	字典	zìdiǎn	Chinese character dictionary(coll.) dictionary
3	14471	工作日	gōngzuòrì	workdayworking dayweekday
3	15524	黑板	hēibǎn	blackboard
3	15630	留学	liúxué	to study abroad
3	15680	勺子	sháozi	spoon, ladle
3	15748	外卖	wàimài	takeout (meal)(of a restaurant) to provide a takeout or home delivery mealtakeout (business)
3	16225	方便面	fāngbiànmiàn	instant noodles
3	16966	羽毛球	yǔmáoqiú	badmintonshuttlecock
3	17675	难听	nántīng	unpleasant to hearcoarsevulgaroffensive
3	18549	前年	qiánnián	the year before last
3	18663	词典	cídiǎn	dictionary
3	19483	凉快	liángkuai	pleasantly cool (weather etc)to cool oneself, to cool off(Tw) (slang) (of clothing) scanty, revealing(coll.) to stay out of it, to butt out
3	21111	大熊猫	dàxióngmāo	giant panda (Ailuropoda melanoleuca)
3	23626	雨衣	yǔyī	raincoat
3	24084	留学生	liúxuéshēng	student studying abroad, returned student, foreign student, international student
3	25367	高铁	gāotiě	high speed rail
3	30576	课文	kèwén	text
3	45713	后年	hòunián	the year after next
3	102289	聊天	liáotiān	to chat, to gossip
3	1000000	银行卡	yínhángkǎ	bank card
4	75	而	ér	andas well asand sobut (not)
4	100	将	jiāng	willshallto useto take
4	113	就是	jiùshì	exactly, preciselyonly, simply, justeven, even if
4	147	与	yǔ	(formal) and, together with (linking parallel nouns, verbs, or phrases)(formal) with, from(literary) to give, to grant, to bestow
4	148	并	bìng	andfurthermorealsotogether with
4	155	当	dāng	to act as; whento bemanagewithstand
4	160	之	zhī	(literary) of, 'shimherit
4	177	死	sǐ	to dieimpassableuncrossableinflexible
4	199	却	què	butyethoweverwhile
4	216	不过	bùguò	butonlymerelyno more than
4	238	所有	suǒyǒu	allto have, to possess, to own
4	245	情况	qíngkuàng	circumstances, state of affairs, situation
4	267	成为	chéngwéi	to become, to turn into
4	274	感觉	gǎnjué	feeling, impression, sensationto feel, to perceive
4	285	继续	jìxù	to continue, to proceed with, to go on with
4	286	场	chǎng	classifier for sporting or recreational activitieslarge place used for a specific purposestagescene (of a play)
4	291	心	xīn	heartmindintentioncenter
4	299	进行	jìnxíng	(of a process etc) to proceed, to be in progress, to be underway(of people) to carry out, to conduct (an investigation or discussion etc)(of an army etc) to be on the march, to advance
4	303	已	yǐ	alreadyto stopthenafterwards
4	303	之后	zhīhòu	after, behind(at the beginning of a sentence) afterwards, since then
4	319	内	nèi	insideinnerinternalwithin
4	323	出现	chūxiàn	to appearto ariseto emergeto show up
4	343	美	měi	beautifulvery satisfactory, goodto beautifyto be pleased with oneself
4	343	通过	tōngguò	to pass through, to get throughto adopt (a resolution), to pass (legislation)to pass (a test)by means of, through, via
4	344	无	wú	not to havenononenot
4	350	一切	yīqiè	everythingeveryall
4	353	由	yóu	by, via, throughto followfrombecause of, due to
4	356	任何	rènhé	any, whatever, whichever
4	364	结果	jiéguǒ	outcome, result, consequencein the end, as a resultto kill, to dispatch
4	391	此	cǐ	this, these
4	393	完全	wánquán	complete, wholetotally, entirely
4	400	使	shǐ	to maketo causeto enableto use
4	403	计划	jìhuà	planprojectprogramto plan
4	404	全	quán	allwholeentireevery
4	405	作为	zuòwéi	as (in the capacity of)one's conductdeedactivity
4	406	连	lián	to link, evento jointo connectcontinuously
4	422	队	duì	teamsquadrongroup
4	426	部	bù	classifier for works of literature, films, machines etcministrydepartmentsection
4	441	原因	yuányīn	causeoriginroot causereason
4	448	消息	xiāoxi	(piece of) news, informationmessage
4	452	表现	biǎoxiàn	to showto show offto displayto manifest
4	458	进入	jìnrù	to enterto jointo go into
4	465	接受	jiēshòu	to accept (a suggestion, punishment, bribe etc), to acquiesce
4	470	其中	qízhōng	amonginincluded among these
4	476	成功	chénggōng	to succeedsuccesssuccessful, fruitful
4	476	之间	zhījiān	(after a noun) between, among, amid
4	478	道	dào	road, path(bound form) way, reason, principle(bound form) a skill, an art, a specialization(Daoism) the Way, the Dao
4	478	甚至	shènzhì	even, so much so that
4	479	之前	zhīqián	beforeprior toagopreviously
4	481	能够	nénggòu	to be capable ofto be able tocan
4	482	无法	wúfǎ	unable to, incapable of
4	484	拉	lā	to pullto play (a bowed instrument)to dragto draw
4	490	对于	duìyú	regarding, as far as (sth) is concerned, with regard to
4	494	肯定	kěndìng	to be certain, to be positiveassuredly, definitelyto give recognition, to affirmaffirmative (answer)
4	499	者	zhě	(after a verb or adjective) one who (is)(after a noun) person involved in-er-ist
4	505	当时	dāngshí	then, at that time
4	508	转	zhuǎn	to turnto change directionto transferto forward (mail)
4	508	转	zhuàn	to revolveto turnto circle aboutto walk about
4	512	调查	diàochá	investigationinquiryto investigateto survey
4	513	部分	bùfen	part, portion, piece
4	513	方式	fāngshì	way, method, manner, mode, pattern (of behavior etc)
4	529	强	qiáng	strongpowerfulbetterslightly more than
4	534	能力	nénglì	capabilityability
4	536	保护	bǎohù	to protectto defendto safeguardprotection
4	541	另	lìng	otheranotherseparateseparately
4	544	真正	zhēnzhèng	genuine, real, truereally, indeed
4	545	管	guǎn	to take care (of)to controlto manageto be in charge of
4	546	支持	zhīchí	to be in favor ofto supportto backsupport
4	549	掉	diào	to fallto dropto lag behindto lose
4	551	改变	gǎibiàn	to changeto alterto transform
4	553	是否	shìfǒu	whether (or not)ifis or isn't
4	556	活	huó	to livealivelivingwork
4	558	生	shēng	to grow, to give birth, to produce, to be bornto arise, to occurto light (a fire)to live, to be alive
4	560	片	piàn	thin pieceflakea slicefilm
4	566	同时	tóngshí	at the same time, simultaneously
4	566	自	zì	(bound form) self, oneselffrom, sincenaturally, as a matter of course
4	567	拍	pāi	to patto clapto slapto swat
4	572	整个	zhěnggè	wholeentiretotal
4	578	组	zǔ	groupto formto organizeteam
4	582	研究	yánjiū	researcha studyto researchto look into
4	586	保证	bǎozhèng	guaranteeto guaranteeto ensureto safeguard
4	586	定	dìng	to fix, to set, to make definiteto subscribe to (a newspaper etc), to book (tickets etc), to order (goods etc)to congeal, to coagulate(literary) definitely
4	588	直接	zhíjiē	directimmediatestraightforward
4	599	永远	yǒngyuǎn	forevereternal
4	601	方面	fāngmiàn	aspectrespectfieldside
4	601	也许	yěxǔ	perhaps, maybe
4	603	目前	mùqián	at the present timecurrently
4	605	活动	huódòng	to exercise, to move about, to work outshaky, unsteady, loose (tooth etc)movable, flexible, liquid (capital etc)(volcanic, seismic, economic etc) activity
4	607	考虑	kǎolǜ	to think overto considerconsideration
4	608	份	fèn	classifier for gifts, newspaper, magazine, papers, reports, contracts etc
4	608	重	zhòng	heavyseriousto attach importance to
4	608	重	chóng	againto repeatrepetitionre-
4	612	信息	xìnxī	information, news, message
4	621	提供	tígōng	to offerto supplyto provideto furnish
4	638	区	qū	arearegiondistrictsmall
4	639	指	zhǐ	fingerto point at or toto indicate or refer toto depend on
4	641	使用	shǐyòng	to useto employto applyto make use of
4	657	目标	mùbiāo	targetgoalobjective
4	662	首	shǒu	classifier for poems, songs etcheadchieffirst (occasion, thing etc)
4	664	任务	rènwu	mission, assignment, task, duty, role
4	667	联系	liánxì	connectioncontactrelationto get in touch with
4	668	因此	yīncǐ	thus, consequently, as a result
4	671	人员	rényuán	staffcrewpersonnel
4	678	按	àn	to pressto pushto leave aside or shelveto control
4	696	台	tái	platformstageterracestand
4	698	算	suàn	to calculate, to figure outto include, to count into count, to be valid, to carry weightto regard as, to consider (to be ...)
4	701	获得	huòdé	to obtain, to receive, to get
4	705	留	liú	to leave (a message etc)to retainto stayto remain
4	705	生命	shēngmìng	life (as the characteristic of living beings)living being, creature
4	706	法	fǎ	lawmethodwayto emulate
4	706	家庭	jiātíng	family, household
4	715	交	jiāo	to hand over, to deliver, to pay (money), to turn overto make friends(of lines) to intersect
4	718	全部	quánbù	whole, all
4	722	正常	zhèngcháng	normal, regular
4	725	另外	lìngwài	additionalin additionbesidesseparate
4	726	血	xuè	blood
4	738	克	kè	gramto be able toto subdueto restrain
4	741	到底	dàodǐ	after allfinallyin the endwhen all is said and done
4	741	装	zhuāng	to install, to pack; to pretendadornmentto adorndress
4	749	感谢	gǎnxiè	to thank, to be grateful
4	751	座	zuò	classifier for large immovable objects such as buildings, mountains, bridges etcseatbase, stand(bound form) constellation
4	752	好好	hǎohǎo	well, thoroughly, carefully, properlyin perfectly good condition, perfectly all right
4	756	入	rù	to enter, to go intoto join, to become a member of(bound form) to conform to(on product packaging, after {number n} + {classifier}) containing (n pieces)
4	758	技术	jìshù	technology, technique, skill
4	768	停	tíng	to stopto haltto park (a car)
4	772	气	qì	gas, airsmellweatherto make angry, to annoy, to get angry
4	775	性	xìng	naturecharacterpropertyquality
4	780	倒	dào	to invert, to place upside down or frontside backto pour outto tip out, to dumpinverted, upside down, reversed
4	780	倒	dǎo	to fall, to collapse, to lie horizontallyto fail, to go bankruptto overthrowto change (trains or buses)
4	782	建议	jiànyì	to propose, to suggest, to recommendproposal, suggestion, recommendation
4	785	严重	yánzhòng	grave, serious, severe, critical
4	786	各位	gèwèi	everybodyall (guests, colleagues etc)all of you
4	790	原来	yuánlái	so, actually, as it turns outoriginal, formeroriginally, formerly, at first
4	797	约	yuē	to make an appointmentto inviteapproximatelypact
4	800	光	guāng	light, raybright, shinyonly, merelyused up, finished
4	816	法律	fǎlǜ	law
4	817	父亲	fùqīn	father
4	827	并且	bìngqiě	and, besides, moreover, furthermore, in addition
4	836	社会	shèhuì	society
4	837	项	xiàng	itemback of neckthingterm (in a mathematical formula)
4	838	证明	zhèngmíng	proofcertificateidentificationtestimonial
4	844	记者	jìzhě	reporter, journalist
4	849	底	dǐ	bottom, basebackground, foundationcopy (of a manuscript or receipt etc) kept as a record(suffix) end of a year or month
4	850	确实	quèshí	indeedreallyreliablereal
4	852	数	shù	number, figureseveral, a few
4	852	数	shǔ	to countto count as, to regard asto enumerate, to list
4	854	表示	biǎoshì	(of sb) to express, to state, to show(of sth) to indicate, to signify, to showexpression, manifestation
4	854	不管	bùguǎn	no matternot to be concernedregardless of
4	862	谈	tán	to speakto talkto converseto chat
4	868	至少	zhìshǎo	at least(to say the) least
4	872	解释	jiěshì	explanationto explainto interpretto resolve
4	876	负责	fùzé	to be responsible for, to be in charge of, to bear responsibility forconscientious
4	878	首先	shǒuxiān	first of all, in the first place
4	884	理解	lǐjiě	to comprehend, to understand
4	891	父母	fùmǔ	father and mother, parents
4	892	城	chéng	citycity wallstown
4	898	最终	zuìzhōng	final, ultimate
4	900	安排	ānpái	to arrangeto planto set uparrangements
4	902	敢	gǎn	to daredaring(polite) may I venture
4	913	梦	mèng	dream(bound form) to dream
4	915	重新	chóngxīn	again, once more, re-
4	919	提	tí	to carry (hanging down from the hand)to liftto put forwardto mention
4	926	人生	rénshēng	life (one's time on earth)
4	928	幸福	xìngfú	happinesshappyblessed
4	929	自然	zìrán	naturenaturalnaturally
4	935	责任	zérèn	responsibility, duty, liability
4	939	感	gǎn	to feelto moveto touchto affect
4	949	失去	shīqù	to lose
4	951	低	dī	lowbeneathto lower (one's head)to let droop
4	952	弄	nòng	to doto manageto handleto play with
4	952	赢	yíng	to winto beatto profit
4	955	作用	zuòyòng	impact, result, effectto act on, to affectaction, function, activitypurpose, intent
4	961	满	mǎn	fullto fillfilledpacked
4	968	说明	shuōmíng	to explainto illustrateto indicateto show
4	969	许多	xǔduō	manya lot ofmuch
4	971	同样	tóngyàng	same, equal, similarsimilarly, also, too
4	972	步	bù	a stepa pacewalkmarch
4	973	面对	miànduì	to face, to confront
4	981	压力	yālì	pressure
4	982	由于	yóuyú	due toas a result ofthanks toowing to
4	983	母亲	mǔqīn	mother
4	983	再次	zàicì	once more, once again
4	992	部门	bùmén	departmentbranchsectiondivision
4	994	放弃	fàngqì	to renounce, to abandon, to give up
4	995	意见	yìjiàn	opinionideasuggestionobjection
4	1002	过程	guòchéng	course of events, process
4	1004	即使	jíshǐ	even if, even though
4	1014	尽管	jǐnguǎn	despitealthougheven thoughin spite of
4	1014	深	shēn	(lit. and fig.) deep
4	1022	各	gè	eachevery
4	1029	仍然	réngrán	still, as before, yet
4	1034	秒	miǎo	second (unit of time)arc second (angular measurement unit)(coll.) instantly
4	1037	值得	zhíde	to merit, to deserve, to be worth (doing sth)worth the money
4	1047	经历	jīnglì	to experience, to go throughexperience
4	1047	讨论	tǎolùn	to discuss, to talk over
4	1048	超过	chāoguò	to surpassto exceedto outstrip
4	1050	仍	réng	still, yetto remain(literary) frequently, often
4	1053	假	jiǎ	fakefalseartificialto borrow
4	1053	假	jià	vacation
4	1056	加入	jiārù	to become a memberto jointo mix intoto participate in
4	1060	兄弟	xiōngdì	brothersyounger brotherI, me (humble term used by men in public speech)brotherly
4	1067	地址	dìzhǐ	address
4	1069	无论	wúlùn	no matter what or howregardless of whether
4	1070	改	gǎi	to changeto alterto transformto correct
4	1073	紧张	jǐnzhāng	nervouskeyed upintensetense
4	1078	加油	jiāyóu	(fig.) to make an extra effort, to cheer sb onto add oil, to top up with gas, to refuelto accelerate, to step on the gas
4	1081	省	shěng	to save, to economize, to be frugalto omit, to delete, to leave outprovinceprovincial capital
4	1082	夜	yè	night
4	1086	仅	jǐn	onlybarelymerely
4	1086	十分	shífēn	verycompletelyutterlyextremely
4	1090	陪	péi	to accompanyto keep sb companyto assist
4	1092	挂	guà	to hang, to suspend (from a hook etc)to hang up (the phone)(of a line) to be deadto be worried, to be concerned
4	1093	本来	běnlái	originallyoriginalat firstit goes without saying
4	1095	基本	jīběn	basicfundamentalmainelementary
4	1104	条件	tiáojiàn	condition, circumstance, term, factorrequirement, prerequisite, qualificationsituation, state, condition
4	1116	晚安	wǎn'ān	Good night!Good evening!
4	1122	广告	guǎnggào	advertisementto advertisea commercial
4	1125	提出	tíchū	to raise (an issue)to proposeto put forwardto suggest
4	1128	警察	jǐngchá	police, police officer
4	1130	资料	zīliào	materialresourcesdatainformation
4	1131	关键	guānjiàn	crucial pointcruxkeycrucial
4	1140	样子	yàngzi	appearancemannerpatternmodel
4	1141	困难	kùnnan	difficultchallengingstraitened circumstancesdifficult situation
4	1146	专业	zhuānyè	specialtyspecialized fieldmain field of study (at university)major
4	1147	难道	nándào	don't tell mecould it be that...?
4	1151	规定	guīdìng	to stipulate, to specify, to prescribe, to fix (a price), to set (a quota)regulations, rules, provisions, stipulations
4	1151	于是	yúshì	thereupon, as a result, consequently, thus, hence
4	1155	产生	chǎnshēng	to arise, to come into being, to come aboutto give rise to, to bring into being, to bring about, to produce, to engender, to generate
4	1155	通	tōng	to go throughto know well(suffix) expertto connect
4	1158	对方	duìfāng	the other person, the other side, the other party
4	1163	正确	zhèngquè	correct, sound, right, proper
4	1164	爱情	àiqíng	romance, love (romantic)
4	1173	够	gòu	enough (sufficient)enough (too much)(coll.) (before adj.) really(coll.) to reach by stretching out
4	1181	火	huǒ	fireurgentammunitionfiery or flaming
4	1185	更加	gèngjiā	more (than sth else)even more
4	1188	排	pái	to arrange in order, to line upto exclude, to eliminate, to repel, to expel, to discharge(literary) to push aside, to force opento rehearse
4	1190	市场	shìchǎng	marketplace, market, bazaar(economics) market
4	1196	留下	liúxià	to leave behindto stay behindto remainto keep
4	1197	教育	jiàoyù	to educateto teacheducation
4	1197	日子	rìzi	daya (calendar) datedays of one's life
4	1197	祝	zhù	to wish (sb bon voyage, happy birthday etc)to pray forperson who invokes the spirits during sacrificial ceremonies
4	1198	取	qǔ	to taketo getto chooseto fetch
4	1201	危险	wēixiǎn	dangerdangerous
4	1202	管理	guǎnlǐ	to superviseto manageto administermanagement
4	1206	乱	luàn	in confusion or disorderin a confused state of minddisorderupheaval
4	1207	待	dài	to waitto treatto deal withto need
4	1207	待	dāi	to stay, to remain
4	1211	适合	shìhé	to fit, to suit
4	1215	正式	zhèngshì	formal, official
4	1216	引起	yǐnqǐ	to give rise to, to lead to, to cause, to arouse
4	1222	从来	cónglái	always, (with a negative) neverat all timesnever (if used in negative sentence)
4	1227	共	gòng	altogethercommongeneralto share
4	1228	棒	bàng	wonderfulstickclubcudgel
4	1231	图	tú	diagrampicturedrawingchart
4	1232	实际上	shíjìshàng	in factin realityas a matter of factin practice
4	1234	达到	dádào	to reach, to achieve, to attain
4	1238	抱	bào	to holdto carry (in one's arms)to hugto embrace
4	1245	不断	bùduàn	unceasinguninterruptedcontinuousconstant
4	1246	律师	lǜshī	lawyer
4	1246	内容	nèiróng	content, substance, details
4	1246	通知	tōngzhī	to notifyto informnoticenotification
4	1254	痛	tòng	achepainsorrowdeeply
4	1257	感情	gǎnqíng	emotion, sentimentaffection, feelings between two persons
4	1260	观众	guānzhòng	spectators, audience, visitors (to an exhibition etc)
4	1260	目的	mùdì	purpose, aim, goal, target, objective
4	1262	国际	guójì	international
4	1262	美丽	měilì	beautiful
4	1269	经验	jīngyàn	experienceto go through, to experience
4	1272	破	pò	brokendamagedworn outlousy
4	1277	推	tuī	to pushto cutto refuseto reject
4	1285	刀	dāo	knife, blade, single-edged sword, cutlass(slang) (loanword) dollarclassifier for sets of one hundred sheets (of paper)classifier for knife cuts or stabs
4	1286	感受	gǎnshòu	to senseperceptionto feel (through the senses)to experience
4	1290	油	yóu	oilfatgreasepetroleum
4	1299	科学	kēxué	sciencescientific knowledgescientificrational
4	1302	心情	xīnqíng	mood, frame of mind
4	1305	错误	cuòwù	mistaken, false, wrongerror, mistake
4	1315	整	zhěng	(bound form) whole, complete, entire, (before a measure word) whole, (before or after number + measure word) exactly(bound form) in good order, tidy, neat(bound form) to put in order, to straighten(bound form) to repair, to mend, to renovate
4	1317	标准	biāozhǔn	standard, norm, criterion(adjective) standardgood, correct, conforming to a standard
4	1317	职业	zhíyè	occupation, profession, vocationprofessional
4	1320	精彩	jīngcǎi	wonderfulmarvelousbrilliant
4	1322	值	zhí	value(to be) worthto happen toto be on duty
4	1329	接着	jiēzhe	to catch and hold onto continueto go on to do sthto follow
4	1337	流	liú	to flowto disseminateto circulate or spreadto move or drift
4	1337	速度	sùdù	speed, rate, velocity, (music) tempo
4	1340	实在	shízài	reallyactuallyindeedtrue
4	1342	文件	wénjiàn	documentfile
4	1344	表	biǎo	form, table; watch (timepiece)exterior surfacefamily relationship via femalesto show (one's opinion)
4	1345	空	kōng	emptyairskyin vain
4	1345	空	kòng	free timeto emptyvacantunoccupied
4	1351	左右	zuǒyòu	approximatelyleft and rightnearbyattendant
4	1352	效果	xiàoguǒ	resulteffectefficacy(theater) sound or visual effects
4	1373	普通	pǔtōng	commonordinarygeneralaverage
4	1376	经济	jīngjì	economyeconomic
4	1378	按照	ànzhào	according to, in accordance with, on the basis of
4	1379	女性	nǚxìng	womanthe female sex
4	1379	有效	yǒuxiào	effectivein effectvalid
4	1381	反对	fǎnduì	to oppose, to be against, to object to
4	1381	竟然	jìngrán	unexpectedlyto one's surprisein spite of everythingin that crazy way
4	1381	重点	zhòngdiǎn	important point, main point, focuskey (project etc)to focus on, to put the emphasis on
4	1381	作品	zuòpǐn	work (of art)opus
4	1390	嗯	èn	(nonverbal grunt as interjection)OK, yeahwhat?
4	1396	倍	bèi	(two, three etc) -foldtimes (multiplier)doubleto increase or multiply
4	1396	准	zhǔn	accuratestandarddefinitelycertainly
4	1399	醒	xǐng	to wake upto be awaketo become awareto sober up
4	1401	讨厌	tǎoyàn	to disliketo loathedisagreeabletroublesome
4	1403	输	shū	to lose, to be beaten(bound form) to transport(literary) to donate, to contribute(coll.) to enter (a password)
4	1413	要是	yàoshi	(coll.) if
4	1416	否则	fǒuzé	otherwise, if not, or (else)
4	1416	免费	miǎnfèi	free (of charge)
4	1416	牌	pái	signboard, plaque, plate, tabletbrand, trademarkmahjong tile, domino, playing card(bound form) fixed pattern for lyrics or set melody in classical poetry or music
4	1418	动作	dòngzuò	movement, motion, actionto act, to move
4	1419	不够	bùgòu	not enoughinsufficientinadequate
4	1419	俩	liǎ	twobothsome
4	1419	增加	zēngjiā	to raise, to increase
4	1431	举行	jǔxíng	to hold (a meeting, ceremony etc)
4	1433	想法	xiǎngfǎ	way of thinking, opinion, notionto think of a way (to do sth)
4	1435	落	luò	to fall or drop(of the sun) to set(of a tide) to go outto lower
4	1435	落	là	to leave behind or forget to bringto leave outto be missingto lag or fall behind
4	1436	著名	zhùmíng	famousnotedwell-knowncelebrated
4	1443	拒绝	jùjué	to refuse, to decline, to reject
4	1446	梦想	mèngxiǎng	(fig.) to dream ofdream
4	1452	帅	shuài	handsome, graceful, dashing, elegant(bound form) commander-in-chief(bound form) to lead, to command(coll.) cool!, sweet!
4	1454	受伤	shòushāng	to sustain injurieswounded (in an accident etc)harmed
4	1467	不仅	bùjǐn	not just, not limited to(as a correlative conjunction) not only (..., but also ...)
4	1473	期	qī	a period of timephasestageclassifier for issues of a periodical, courses of study
4	1474	姑娘	gūniang	girlyoung womanyoung ladydaughter
4	1475	顺利	shùnlì	smoothly, without a hitch
4	1488	艺术	yìshù	art
4	1492	麻烦	máfan	trouble, inconvenienceinconvenient, troublesome, annoyingto bother sb, to put sb to trouble
4	1500	美好	měihǎo	beautifulfine
4	1500	申请	shēnqǐng	to apply for sthapplication form
4	1510	各种	gèzhǒng	every kind of, all kinds of, various
4	1568	演出	yǎnchū	to act (in a play)to performto put on (a performance)performance
4	1584	竞争	jìngzhēng	to competecompetition
4	1586	估计	gūjì	to estimate, to assess, to calculate(coll.) to reckon, to think (that ...)
4	1588	失败	shībài	to be defeatedto loseto fail (e.g. experiments)failure
4	1599	世纪	shìjì	century
4	1605	证	zhèng	certificateproofto proveto demonstrate
4	1606	不得不	bùdébù	have no choice or option but tocannot buthave tocan't help it
4	1609	取得	qǔdé	to acquire, to get, to obtain
4	1611	允许	yǔnxǔ	to permit, to allow
4	1612	教授	jiàoshòu	professor
4	1613	演	yǎn	to perform (a play etc), to stage (a show)(bound form) to develop, to play out, to carry out (a task)
4	1616	错过	cuòguò	to miss (train, opportunity etc)
4	1617	顿	dùn	classifier for meals, beatings, scoldings etc: time, bout, spell, mealto stopto pauseto arrange
4	1617	吸引	xīyǐn	to attract, to appeal to, to fascinate
4	1618	之中	zhīzhōng	insideamongin the midst of (doing sth)during
4	1623	背	bèi	the back of a body or objectto turn one's backto hide something fromto learn by heart
4	1623	共同	gòngtóng	commonjointjointlytogether
4	1623	背	bēi	to carry on one's back(fig.) to bear, to shoulder (a burden, blame etc)
4	1626	一生	yīshēng	all one's life, throughout one's life
4	1627	杂志	zázhì	magazine
4	1629	既然	jìrán	since, as, this being the case
4	1631	货	huò	goodsmoneycommodity
4	1632	停止	tíngzhǐ	to stop, to halt, to cease
4	1634	提醒	tíxǐng	to remindto call attention toto warn of
4	1643	演员	yǎnyuán	actor, actress, performer
4	1647	态度	tàidu	mannerbearingattitudeapproach
4	1649	周围	zhōuwéi	environs, surroundings, periphery
4	1652	小组	xiǎozǔ	group
4	1657	复杂	fùzá	complicated, complex
4	1668	幅	fú	classifier for textiles or pictureswidthroll
4	1670	数字	shùzì	numeraldigitnumberfigure
4	1672	压	yā	to pressto push downto keep under (control)pressure
4	1683	邀请	yāoqǐng	to inviteinvitation
4	1687	加上	jiāshàng	to add, plusin addition, moreover
4	1688	队员	duìyuán	team member
4	1688	交通	jiāotōng	trafficto be connectedtransportationcommunications
4	1689	优秀	yōuxiù	outstanding, excellent
4	1691	亮	liàng	bright, lightto shine, to flashloud and clearto show (one's passport etc), to make public (one's views etc)
4	1691	篇	piān	sheetpiece of writingbound set of bamboo slips used for record keeping (old)classifier for written items: chapter, article
4	1692	儿童	értóng	child
4	1693	出口	chūkǒu	an exitto speakto export(of a ship) to leave port
4	1698	既	jì	both... (and...)alreadysince
4	1705	味道	wèidao	flavor, taste(fig.) feeling (of ...), sense (of ...), hint (of ...)(fig.) interest, delight(dialect) smell, odor
4	1708	千万	qiānwàn	ten million, one must by all meanscountlessmany
4	1725	距离	jùlí	distance, separation (in space or time)to be ... away from, to be ... from
4	1729	轻松	qīngsōng	easylightgentlerelaxed
4	1755	毕业	bìyè	graduationto graduateto finish school
4	1763	怀疑	huáiyí	to doubt (sth), to be skeptical ofto have one's doubts, to harbor suspicions, to suspect that
4	1768	食物	shíwù	food
4	1777	垃圾	lājī	trashrefusegarbage(coll.) of poor quality
4	1778	修	xiū	to repairto decorateto embellishto build
4	1783	价格	jiàgé	price
4	1802	戴	dài	to put on or wear (glasses, hat, gloves etc)to respectto bearto support
4	1807	大量	dàliàng	great amountlarge quantitybulknumerous
4	1812	究竟	jiūjìng	after allto go to the bottom of a matterwhen all is said and done(in an interrogative sentence) finally
4	1814	轻	qīng	lighteasygentlesoft
4	1815	信号	xìnhào	signal
4	1818	然而	rán'ér	however, but, yet
4	1820	赢得	yíngdé	to winto gain
4	1828	交流	jiāoliú	to exchangeexchangecommunicationinteraction
4	1838	教练	jiàoliàn	to coach, to traininstructor, sports coach, trainer
4	1839	兴奋	xīngfèn	excitedexcitement(physiology) excitation
4	1840	付	fù	to payto hand over toclassifier for pairs or sets of things
4	1858	全球	quánqiú	the whole worldworldwide, global
4	1868	困	kùn	sleepytired
4	1870	符合	fúhé	in accordance with, to agree with, to conform to, to meet (a requirement)(physics) coincidence
4	1880	吹	chuī	to blowto play a wind instrumentto blastto puff
4	1880	取消	qǔxiāo	to cancel, to call off, to revoke, to rescind
4	1892	躺	tǎng	to reclineto lie down
4	1912	答案	dá'àn	answersolution
4	1922	皮肤	pífū	skin
4	1924	浪费	làngfèi	to wasteto squander
4	1925	厉害	lìhai	(used to describe sb or sth that makes a very strong impression, whether favorable or unfavorable) terrible, intense, severe, devastating, amazing, awesome, outstanding(of a person) stern, strict, harsh, shrewd, tough(of an animal) fierce(of a resemblance) striking
4	1926	尊重	zūnzhòng	to esteemto respectto honorto value
4	1931	激动	jīdòng	to move emotionallyto stir up (emotions)to excite
4	1940	多么	duōme	how (wonderful etc)what (a great idea etc)however (difficult it may be etc)(in interrogative sentences) how (much etc)
4	1952	擦	cā	to rub, to scratchto wipe, to polishto apply (lipstick, lotion etc)to brush (past)
4	1953	香	xiāng	fragrantsweet smellingaromaticsavory or appetizing
4	1955	无聊	wúliáo	boredboringsenseless
4	1958	文章	wénzhāng	articleessayliterary workswritings
4	1971	地球	dìqiú	the earth
4	1974	内心	nèixīn	heart, innermost being(math.) incenter
4	1978	发出	fāchū	to issue (an order, decree etc), to send out, to dispatchto produce (a sound), to let out (a laugh)
4	1981	实际	shíjì	realitypracticepracticalrealistic
4	1994	赶紧	gǎnjǐn	hurriedlywithout delay
4	1997	费	fèi	to costto spendfeewasteful
4	2013	年龄	niánlíng	(a person's) age
4	2029	不必	bùbì	need notdoes not have tonot necessarily
4	2030	现金	xiànjīn	cash
4	2035	可惜	kěxī	it is a pitywhat a pityunfortunately
4	2043	阳光	yángguāng	sunshine(of personality) upbeat, energetictransparent (open to public scrutiny)
4	2055	回忆	huíyì	to recallmemories
4	2055	空气	kōngqì	airatmosphere
4	2060	喊	hǎn	to yellto shoutto call out for (a person)
4	2069	材料	cáiliào	(raw) materialdata(fig.) person who has the potential to do the job
4	2070	熟悉	shúxī	to be familiar with, to know well
4	2071	随便	suíbiàn	as one wishesas one pleasesat randomnegligent
4	2084	烦	fán	to feel vexedto botherto troublesuperfluous and confusing
4	2091	互相	hùxiāng	each othermutuallymutual
4	2094	科技	kējì	science and technology
4	2106	失望	shīwàng	disappointedto lose hopeto despair
4	2109	印象	yìnxiàng	impression (sth that stays in one's mind)a memory
4	2110	相同	xiāngtóng	identical, same
4	2110	烟	yān	cigarette; smokecigarette or pipe tobaccomistvapour
4	2112	生意	shēngyi	business
4	2113	赶	gǎn	to overtake, to catch up withto hurry, to rushto try to catch (the bus etc)to drive (cattle etc) forward, to drive (sb) away
4	2114	存	cún	to depositto existto storeto keep
4	2120	桥	qiáo	bridge
4	2128	仅仅	jǐnjǐn	barelyonlymerelyonly (this and nothing more)
4	2130	答应	dāying	to answer, to respondto answer positively, to agree, to accept, to promise
4	2135	基础	jīchǔ	base, foundation, basisbasic, fundamental
4	2147	量	liàng	capacityquantityamountto estimate
4	2147	适应	shìyìng	to adaptto fitto suit
4	2147	量	liáng	to measure
4	2163	赚	zhuàn	to earnto make a profit
4	2168	猜	cāi	to guess
4	2176	食品	shípǐn	foodstuff, food, provisions
4	2186	大约	dàyuē	approximatelyprobably
4	2198	奖	jiǎng	prize, award, bonus, reward(bound form) to encourage, to commend, to praiseto award, to give as a reward
4	2203	视频	shìpín	video
4	2206	提前	tíqián	to shift to an earlier dateto do sth ahead of timein advance
4	2209	列	liè	to arrangeto line upfileseries
4	2209	暂时	zànshí	temporary, provisional, for the time being
4	2212	积极	jījí	activeenergeticvigorouspositive (outlook)
4	2225	有着	yǒuzhe	to haveto possess
4	2237	汤	tāng	souphot or boiling waterdecoction of medicinal herbswater in which sth has been boiled
4	2237	响	xiǎng	to ring, loudechosoundnoise
4	2243	收入	shōurù	incometo take inrevenue
4	2245	恐怕	kǒngpà	I'm afraid thatfearto dreadperhaps
4	2274	仔细	zǐxì	careful, attentive, cautiousto be careful, to look out(dialect) thrifty, frugal
4	2279	严格	yángé	strict, stringent, tight, rigorous
4	2280	及时	jíshí	timely, at the right timepromptly, without delay
4	2284	知识	zhīshi	knowledgeintellectual
4	2288	专门	zhuānmén	specialized, dedicated (to a particular field or purpose)specially, specifically (for a particular purpose)(of institutions, personnel etc) designated or assigned for a specific task, special
4	2303	脱	tuō	to shedto take offto escapeto get away from
4	2309	快速	kuàisù	fast, high-speed, rapid
4	2311	放松	fàngsōng	to relax, to slacken, to loosen
4	2311	举	jǔ	to liftto hold upto citeto enumerate
4	2329	厂	chǎng	factoryyarddepotworkhouse
4	2331	苦	kǔ	bitterhardshippainto suffer
4	2332	租	zū	to hireto rentto charterto rent out
4	2340	球队	qiúduì	sports team (basketball, soccer, football etc)
4	2340	吸	xī	to breatheto suck into absorbto inhale
4	2350	单位	dānwèi	unit (of measure)unit (group of people as a whole)work unit (place of employment, esp. in the PRC prior to economic reform)
4	2350	说法	shuōfa	way of speakingwordingformulationone's version (of events)
4	2356	公共	gōnggòng	public, common, communal
4	2360	学院	xuéyuàn	collegeeducational instituteschoolfaculty
4	2364	费用	fèiyòng	costexpenditureexpense
4	2367	道路	dàolù	roadpathway
4	2376	能否	néngfǒu	whether one can, whether it is possible
4	2377	下降	xiàjiàng	to declineto dropto fallto go down
4	2385	旅行	lǚxíng	to traveljourney, trip
4	2388	公路	gōnglù	highwayroad
4	2395	再说	zàishuō	to say againto put off a discussion until latermoreoverwhat's more
4	2399	土	tǔ	earthdustclaylocal
4	2400	尤其	yóuqí	especially, particularly
4	2405	工人	gōngrén	worker
4	2405	扔	rēng	to throwto throw away
4	2405	信心	xìnxīn	confidencefaith (in sb or sth)
4	2425	博士	bóshì	doctor (as an academic degree)(old) person specialized in a skill or trade(old) court academician
4	2426	故意	gùyì	deliberately, on purpose
4	2427	闻	wén	to smellto hearnewswell-known
4	2435	村	cūn	village(dialect) to scoldrustic, boorish
4	2435	看法	kànfǎ	way of looking at a thingviewopinion
4	2439	浪漫	làngmàn	romantic
4	2443	减少	jiǎnshǎo	to lessen, to decrease, to reduce, to lower
4	2448	缺	quē	to lack, to be short ofdeficiencylackscarce
4	2449	辛苦	xīnkǔ	exhaustinghardtougharduous
4	2453	剩	shèng	to remainto be leftto have as remainder
4	2469	正好	zhènghǎo	just (in time)just rightjust enoughto happen to
4	2477	回复	huífù	to reply (to a message)to recover, to revert, to return to (good health, normal condition etc)
4	2480	判断	pànduàn	to judge, to determine, judgment
4	2492	相互	xiānghù	each othermutual
4	2520	弹	tán	to play (a string instrument)to pluck (a string)to spring or leapto shoot (e.g. with a catapult)
4	2520	弹	dàn	bulletcrossballshotshell
4	2524	有趣	yǒuqù	interesting, fascinating, amusing
4	2531	公里	gōnglǐ	kilometer
4	2532	工资	gōngzī	wages, pay
4	2534	好处	hǎochu	benefit, advantage, meritgain, profit
4	2543	庆祝	qìngzhù	to celebrate
4	2543	伤心	shāngxīn	sad, broken-heartedto grieveto be broken-heartedto feel deeply hurt
4	2549	眼前	yǎnqián	before one's eyesnowat present
4	2566	区别	qūbié	differenceto distinguishto discriminateto make a distinction
4	2575	家长	jiāzhǎng	head of a householdfamily headpatriarchparent or guardian of a child
4	2601	将来	jiānglái	in the futurefuturethe future
4	2610	自信	zìxìn	to have confidence in oneselfself-confidence
4	2624	小说	xiǎoshuō	novelfiction
4	2631	稍	shāo	somewhata little
4	2635	教师	jiàoshī	teacher
4	2649	鼓励	gǔlì	to encourage
4	2656	工厂	gōngchǎng	factory
4	2661	理想	lǐxiǎng	an ideala dreamidealperfect
4	2661	指出	zhǐchū	to indicateto point out
4	2667	后悔	hòuhuǐ	to regret, to feel remorse
4	2669	举办	jǔbàn	to conduct, to hold (an event)
4	2676	感动	gǎndòng	to move (sb)to touch (sb emotionally)moving
4	2683	提到	tídào	to mentionto raise (a subject)to refer to
4	2684	不如	bùrú	not equal to, not as good as, inferior toit would be better to
4	2706	顾客	gùkè	customer, client
4	2724	流行	liúxíng	(of a contagious disease etc) to spread, to propagate(of a style of clothing, song etc) popular, fashionable
4	2724	支付	zhīfù	to pay (money)
4	2729	赶快	gǎnkuài	quickly, at once
4	2737	整理	zhěnglǐ	to arrangeto tidy upto sort outto straighten out
4	2739	丰富	fēngfù	rich (in resources, experiences, etc.)to enrichrichplentiful
4	2744	答	dá	to answerto replyto respond
4	2749	熊	xióng	bear(coll.) to scold, to rebuke(coll.) weak, incapable
4	2754	原谅	yuánliàng	to excuseto forgiveto pardon
4	2763	肚子	dùzi	bellyabdomenstomach
4	2776	大赛	dàsài	grand contest
4	2791	辣	là	hot (spicy)pungent(of chili pepper, raw onions etc) to stingto burn
4	2796	作者	zuòzhě	author, writer
4	2805	质量	zhìliàng	quality (i.e. degree of excellence)(physics) massquality and quantity
4	2807	到来	dàolái	to arrivearrival, advent
4	2823	愉快	yúkuài	cheerful, happy, pleasant, delighted
4	2842	寄	jì	to send by post, to mailto entrust, to place in sb's care(bound form) to depend on, to attach oneself to, to reside temporarily(bound form) foster
4	2864	准确	zhǔnquè	accurate, exact, precise
4	2871	负责人	fùzérén	person in charge
4	2875	详细	xiángxì	detailedin detailminute
4	2897	降	jiàng	to dropto fallto come downto descend
4	2897	禁止	jìnzhǐ	to prohibitto forbidto ban
4	2908	冷静	lěngjìng	calm, cool-headed, dispassionate(of a place) deserted, quiet
4	2912	购物	gòuwù	shopping
4	2916	数量	shùliàng	amount, quantityquantitative(math.) scalar quantity
4	2918	男性	nánxìng	the male sexa male
4	2932	早餐	zǎocān	breakfast
4	2934	图片	túpiàn	picture, photograph
4	2934	相比	xiāngbǐ	to compare
4	2934	勇敢	yǒnggǎn	brave, courageous
4	2972	购买	gòumǎi	to purchase, to buy
4	2982	乘	chéng	to rideto mountto make use ofto avail oneself of
4	2991	订	dìng	to book (a ticket, a room), to orderto agreeto concludeto draw up
4	2994	早晨	zǎochén	early morning
4	3002	卫生	wèishēng	hygienic, sanitaryhygiene, sanitation
4	3003	巧克力	qiǎokèlì	(loanword) chocolate
4	3019	加强	jiāqiáng	to reinforce, to strengthen, to enhance
4	3019	做法	zuòfǎ	way of handling sthmethod for makingwork methodrecipe
4	3023	骄傲	jiāo'ào	pridearroganceconceitedproud of sth
4	3028	歌手	gēshǒu	singer
4	3034	作家	zuòjiā	author
4	3044	各地	gèdì	in all parts of (a country)various regions
4	3050	熟	shú	ripe, maturethoroughly cooked, donefamiliar, acquaintedexperienced, skilled
4	3053	性格	xìnggé	personality, characternaturedispositiontemperament
4	3058	降低	jiàngdī	to reduce, to lower, to bring down
4	3076	厨房	chúfáng	kitchen
4	3080	课程	kèchéng	course, academic program
4	3082	全身	quánshēn	the whole body(typography) em
4	3104	随着	suízhe	along within the wake offollowing
4	3132	全都	quándōu	allwithout exception
4	3132	只好	zhǐhǎo	to have no other option but to ..., to have to, to be forced to
4	3133	密码	mìmǎ	cipher, secret codepassword, PIN
4	3139	人数	rénshù	number of people
4	3156	餐厅	cāntīng	dining halldining roomrestaurant
4	3164	亚洲	Yàzhōu	Asia
4	3168	道歉	dàoqiàn	to apologize
4	3174	趟	tàng	classifier for times, round trips or rowsa timea trip
4	3177	队长	duìzhǎng	captainteam leader
4	3183	森林	sēnlín	forest
4	3188	外套	wàitào	outer garment, jacket, coat
4	3191	聚会	jùhuì	partygatheringto meetto get together
4	3191	用于	yòngyú	to use in, to use on, to use for
4	3207	西部	xībù	western part
4	3210	友好	yǒuhǎo	friendly, amicableclose friend
4	3213	聚	jù	to assemble, to gather (transitive or intransitive)(chemistry) poly-
4	3222	停车	tíngchē	to park, parkingto pull up (stop one's vehicle)(of a machine) to stop workingto stall
4	3259	烤	kǎo	to roast, to grill, to broil, to bake, to toast (bread)to warm oneself by a fire
4	3266	收拾	shōushi	to put in orderto tidy upto packto repair
4	3284	乘客	chéngkè	passenger
4	3299	用来	yònglái	to be used for
4	3320	广播	guǎngbō	broadcastbroadcastingto broadcast(formal) to propagate
4	3335	云	yún	cloud
4	3336	青年	qīngnián	youthyouthful yearsyoung personthe young
4	3354	钥匙	yàoshi	key
4	3361	酸	suān	sourtartsick at heartgrieved
4	3379	污染	wūrǎn	(lit. and fig.) to pollute, to contaminate
4	3393	厕所	cèsuǒ	toilet, lavatory
4	3411	不论	bùlùn	whateverno matter what (who, how etc)regardless ofnot to discuss
4	3440	温度	wēndù	temperature
4	3484	鼻子	bízi	nose
4	3486	例如	lìrú	for example, for instance, such as
4	3501	祝贺	zhùhè	to congratulatecongratulations
4	3504	批评	pīpíng	to criticize, criticism
4	3506	重视	zhòngshì	to attach importance to sth, to value
4	3519	今后	jīnhòu	hereafterhenceforthin the futurefrom now on
4	3521	增长	zēngzhǎng	to grow, to increase
4	3525	相反	xiāngfǎn	oppositecontrary
4	3550	大大	dàdà	greatlyenormously(dialect) daduncle
4	3553	帽子	màozi	hatcap(fig.) labelbad name
4	3559	夜晚	yèwǎn	night
4	3574	抬	tái	to liftto raise(of two or more persons) to carry
4	3584	主意	zhǔyi	ideaplandecision
4	3595	桶	tǒng	bucket(trash) canbarrel (of oil etc)
4	3604	街道	jiēdào	streetsubdistrictresidential district
4	3610	晚餐	wǎncān	evening meal, dinner
4	3638	高速	gāosù	high speedexpressway
4	3644	观看	guānkàn	to watch, to view
4	3647	此外	cǐwài	besides, in addition, moreover, furthermore
4	3649	奖金	jiǎngjīn	bonuspremiumaward money
4	3653	盐	yán	salt
4	3675	功夫	gōngfu	skillartkung fulabor
4	3675	少年	shàonián	early youthyoungster(literary) youth, young man
4	3695	减	jiǎn	to lowerto decreaseto reduceto subtract
4	3699	难受	nánshòu	to feel unwellto suffer painto be difficult to bear
4	3705	基本上	jīběnshang	basicallyon the whole
4	3724	民族	mínzú	nationality, ethnic group
4	3730	航班	hángbān	(scheduled) flight, (scheduled) sailing
4	3731	偶尔	ǒu'ěr	occasionallyonce in a whilesometimes
4	3731	约会	yuēhuì	appointmentengagementdateto arrange to meet
4	3735	商品	shāngpǐn	commodity, goods, merchandise
4	3736	末	mò	endtipfinal stagelatter part
4	3744	细	xì	thin or slenderfinely particulatethin and softfine
4	3756	受不了	shòubùliǎo	unbearableunable to endurecan't stand
4	3759	厚	hòu	thickdeep or profoundkindgenerous
4	3782	护士	hùshi	nurse
4	3793	参观	cānguān	to visit (a place, e.g. museum or factory), to tour, to look around
4	3796	顺便	shùnbiàn	convenientlyin passingwithout much extra effort
4	3801	友谊	yǒuyì	companionshipfellowshipfriendship
4	3806	笨	bèn	stupidfoolishsillyslow-witted
4	3838	大厅	dàtīng	hall, concourse, public lounge, (hotel) lobby
4	3844	耐心	nàixīn	to be patientpatience
4	3846	加快	jiākuài	to accelerate, to speed up, to hasten
4	3854	远离	yuǎnlí	to be far fromto keep away from
4	3878	开玩笑	kāiwánxiào	to play a joke, to make fun of, to joke
4	3882	各个	gègè	everyvariousseparately, one by one
4	3896	参赛	cānsài	to competeto take part in a competition
4	3897	演唱	yǎnchàng	to sing (for an audience)vocal performance
4	3915	植物	zhíwù	plantvegetation
4	3928	日期	rìqī	date
4	3929	查看	chákàn	to look overto examineto check upto ferret out
4	3935	从此	cóngcǐ	from now onsince thenhenceforth
4	3939	对面	duìmiàn	opposite, across (the street etc)directly in front of one, up aheadface to face
4	3952	播放	bōfàng	to broadcast, to transmit (by radio or TV)
4	3998	其次	qícì	nextsecondly
4	3998	眼镜	yǎnjìng	spectacleseyeglasses
4	4003	体重	tǐzhòng	body weight
4	4005	面试	miànshì	to be interviewed (as a candidate)interview
4	4007	敲	qiāo	to hitto striketo tapto rap
4	4008	迟	chí	latedelayedslow
4	4017	脾气	píqi	character, temperament, dispositionbad temper
4	4022	会员	huìyuán	member
4	4025	翻译	fānyì	to translateto interprettranslatorinterpreter
4	4038	烦恼	fánnǎo	to be worriedto be distressedworries
4	4039	特点	tèdiǎn	characteristic, trait, feature
4	4050	往往	wǎngwǎng	usuallyin many casesmore often than not
4	4068	风景	fēngjǐng	scenery, landscape
4	4078	笑话	xiàohua	joke, jestto laugh at, to mockridiculous, absurd
4	4088	凉	liáng	coolcold
4	4097	球迷	qiúmí	fan (ball sports)
4	4118	路过	lùguò	to pass by, to pass through
4	4121	海洋	hǎiyáng	ocean
4	4130	窗户	chuānghu	window
4	4153	平常	píngcháng	ordinarycommonusuallyordinarily
4	4168	文字	wénzì	characterscriptwritingwritten language
4	4188	家具	jiājù	furniture
4	4222	电视剧	diànshìjù	TV seriesTV drama
4	4222	棵	kē	classifier for trees, cabbages, plants etc
4	4225	粗	cū	(of sth long) wide, thick(of sth granular) coarse(of a voice) gruff(of sb's manner etc) rough, crude, careless, rude
4	4226	身份证	shēnfènzhèng	identity cardID
4	4232	商量	shāngliang	to consultto talk overto discuss
4	4234	收费	shōufèi	to charge a fee
4	4267	小伙子	xiǎohuǒzi	(coll.) young man, young fellow, lad
4	4296	午餐	wǔcān	lunchluncheon
4	4300	排队	páiduì	to line up
4	4305	等到	děngdào	to wait untilby the time when (sth is ready etc)
4	4305	稍微	shāowēi	a little bit
4	4310	汗	hàn	perspirationsweatto be speechless (out of helplessness, embarrassment etc) (Internet slang used as an interjection)
4	4326	缺少	quēshǎo	lackshortage ofshortfallto be short (of)
4	4327	环保	huánbǎo	environmental protectionenvironmentally friendly
4	4334	家乡	jiāxiāng	hometownnative place
4	4349	阅读	yuèdú	to read
4	4350	发送	fāsòng	to transmitto dispatchto issue (an official document or credential)
4	4369	读者	dúzhě	reader
4	4376	多数	duōshù	majority, most
4	4420	推出	tuīchū	to push outto releaseto launchto publish
4	4427	巧	qiǎo	coincidentallyopportunelyas it happensskillful
4	4466	教学	jiāoxué	to teach
4	4477	座位	zuòwèi	seat
4	4483	首都	shǒudū	capital (city)
4	4518	吃惊	chījīng	to be startledto be shockedto be amazed
4	4518	忽然	hūrán	suddenly, all of a sudden
4	4545	暂停	zàntíng	to suspendtime-out (e.g. in sports)stoppagepause (media player)
4	4551	羡慕	xiànmù	to envyto admire
4	4602	报名	bàomíng	to sign upto enter one's nameto applyto register
4	4623	此次	cǐcì	this time
4	4636	日记	rìjì	diary
4	4709	逛	guàng	to strollto visit
4	4733	好笑	hǎoxiào	laughable, funny, ridiculous
4	4744	健身	jiànshēn	to exerciseto keep fitto work outphysical exercise
4	4747	减轻	jiǎnqīng	to lightento easeto alleviate
4	4753	总结	zǒngjié	to sum upto concludesummaryrésumé
4	4773	南部	nánbù	southern part
4	4800	打扰	dǎrǎo	to disturbto botherto trouble
4	4802	江	jiāng	river
4	4810	幽默	yōumò	(loanword) humorhumorous
4	4819	办事	bànshì	to handle (affairs)to work
4	4823	塑料	sùliào	plastic, plastics (general term for synthetic polymer materials)
4	4824	做梦	zuòmèng	to dream, to have a dream, (fig.) to indulge in wishful thinking
4	4872	互联网	Hùliánwǎng	Internet
4	4880	误会	wùhuì	to misunderstandto mistakemisunderstanding
4	4894	打工	dǎgōng	to work a temporary or casual job(of students) to have a job outside of class time, or during vacation
4	4903	星星	xīngxing	(coll.) a star, the stars in the sky
4	4905	获取	huòqǔ	to gain, to get, to acquire
4	4909	抱歉	bàoqiàn	to be sorryto feel apologeticsorry!
4	4911	师傅	shīfu	masterqualified workerrespectful form of address for older men
4	4941	钢琴	gāngqín	piano
4	5004	不满	bùmǎn	dissatisfied, discontented, resentful(before a number) to be less than
4	5015	镜子	jìngzi	mirror
4	5034	例子	lìzi	examplecase(for) instance
4	5046	赶上	gǎnshàng	to keep up withto catch up withto overtaketo chance upon
4	5048	合格	hégé	to meet the standard requiredqualifiedeligible (voter etc)
4	5067	东部	dōngbù	the easteastern part
4	5076	亲戚	qīnqi	a relative (i.e. family relation)
4	5093	客气	kèqi	politecourteousformalmodest
4	5101	琴	qín	stringed instrumentguqin (a type of zither)musical instrument in general
4	5145	日常	rìcháng	day-to-day, daily, everyday
4	5156	力气	lìqi	physical strength
4	5178	缺点	quēdiǎn	weak pointfaultshortcomingdisadvantage
4	5240	少数	shǎoshù	small numberfewminority
4	5256	胳膊	gēbo	arm
4	5310	办公	bàngōng	to handle official business (usu. in an office), to do (office) work
4	5317	打败	dǎbài	to defeatto overpowerto beatto be defeated
4	5420	北部	běibù	northern part
4	5431	度假	dùjià	to go on holidaysto spend one's vacation
4	5451	老虎	lǎohǔ	tiger
4	5453	停车场	tíngchēchǎng	parking lotcar park
4	5484	牌子	páizi	signtrademarkbrand
4	5499	乘坐	chéngzuò	to take (a ship, plane etc), to ride (in a train or other vehicle)
4	5528	诚实	chéngshí	honest
4	5546	毛衣	máoyī	(wool) sweater
4	5547	出租	chūzū	to rent
4	5551	男士	nánshì	mangentleman
4	5562	老是	lǎoshi	always
4	5566	上门	shàngmén	to drop into visitto lock a door(of a shop) to close
4	5573	童年	tóngnián	childhood
4	5596	从中	cóngzhōng	from among them, from it
4	5603	市区	shìqū	urban districtdowntowncity center
4	5606	现有	xiànyǒu	currently existingcurrently available
4	5613	月份	yuèfèn	month
4	5639	孙子	sūnzi	grandsonson's son
4	5641	优点	yōudiǎn	meritbenefitstrong pointadvantage
4	5646	客厅	kètīng	living room, sitting room
4	5648	难忘	nánwàng	unforgettable
4	5705	旅馆	lǚguǎn	hotel
4	5768	来不及	láibují	there's not enough time (to do sth), it's too late
4	5800	普遍	pǔbiàn	universalgeneralwidespreadcommon
4	5809	爱心	àixīn	compassionkindnesscare for otherslove
4	5815	旅客	lǚkè	traveler, tourist
4	5854	价钱	jiàqian	price
4	5865	外出	wàichū	to go outto go away (on a trip etc)
4	5876	证件	zhèngjiàn	certificate, papers, credentials, document, ID
4	5879	修理	xiūlǐ	to repairto fixto pruneto trim
4	5927	入口	rùkǒu	entranceto import
4	5951	加班	jiābān	to work overtime
4	5958	将要	jiāngyào	willshallto be going to
4	5997	底下	dǐxia	the location below sthafterwards
4	6046	美食	měishí	culinary delicacyfine foodgourmet food
4	6056	鲜	xiān	freshbright (in color)delicioustasty
4	6073	热闹	rènao	lively, bustling, full of activityto make things lively, to have a good timea scene of bustling activity, excitement
4	6136	点头	diǎntóu	to nod
4	6153	散步	sànbù	to take a walk, to go for a walk
4	6178	顺序	shùnxù	sequenceorder
4	6208	低于	dīyú	to be lower than
4	6238	懒	lǎn	lazy
4	6239	院长	yuànzhǎng	the head of an institution whose name ends in, chair of a board, university president, college dean, premier of the Republic of China
4	6248	大夫	dàifu	doctor, physician
4	6248	准时	zhǔnshí	on timepunctualon schedule
4	6250	盒子	hézi	box, casehezi – a savory turnover-like pie in northern Chinese and Mongolian cuisines
4	6275	前后	qiánhòu	aroundfrom beginning to endall aroundfront and rear
4	6279	得意	déyì	proud of oneselfpleased with oneselfcomplacent
4	6307	学费	xuéfèi	tuition feetuition
4	6315	前方	qiánfāng	aheadthe front
4	6337	礼貌	lǐmào	courtesy, politeness, mannerscourteous, polite
4	6344	毕业生	bìyèshēng	graduate
4	6372	歌声	gēshēng	singing voicefig. original voice of a poet
4	6409	推迟	tuīchí	to postponeto put offto defer
4	6410	老家	lǎojiā	native placeplace of originhome state or region
4	6412	饼干	bǐnggān	biscuit, cracker, cookie
4	6422	葡萄	pútao	grape
4	6447	抬头	táitóu	to raise one's head, to look up(fig.) to begin to emerge, to show signs of growth(commerce) account name, or space for writing the name on checks, bills etc
4	6466	感人	gǎnrén	touching, moving
4	6470	中年	zhōngnián	middle age
4	6479	院子	yuànzi	courtyardgardenyardpatio
4	6513	性别	xìngbié	sex, gender
4	6544	友情	yǒuqíng	friendly feelingsfriendship
4	6566	袜子	wàzi	socksstockings
4	6570	气候	qìhòu	(meteorology) climate(fig.) climate, prevailing conditions (in human affairs)
4	6574	毛巾	máojīn	towel
4	6575	办理	bànlǐ	to handle, to transact, to conduct
4	6646	分数	fēnshù	(exam) grademarkscorefraction
4	6730	寒冷	hánlěng	cold (climate)frigidvery cold
4	6737	鲜花	xiānhuā	flowerfresh flowers
4	6827	葡萄酒	pútaojiǔ	(grape) wine
4	6831	害羞	hàixiū	shyembarrassedbashful
4	6858	降落	jiàngluò	to descendto land
4	6873	剧院	jùyuàn	theater
4	6943	课堂	kètáng	classroom, class session
4	6981	来得及	láidejí	to have enough time, can do it in time, can still make it
4	7020	咳嗽	késou	to cough
4	7033	研究生	yánjiūshēng	graduate studentpostgraduate studentresearch student
4	7087	出差	chūchāi	to go on an official or business trip
4	7102	树林	shùlín	woodsgroveforest
4	7103	高于	gāoyú	greater thanto exceed
4	7129	以内	yǐnèi	withinless than
4	7131	目的地	mùdìdì	destination (location)
4	7167	快递	kuàidì	express delivery
4	7176	酸奶	suānnǎi	yogurt
4	7200	气温	qìwēn	air temperature
4	7233	按时	ànshí	on timebefore deadlineon schedule
4	7249	暑假	shǔjià	summer vacation
4	7316	不光	bùguāng	not the only onenot only
4	7338	获奖	huòjiǎng	to win an award
4	7379	咸	xián	saltysaltedstingymiserly
4	7383	咳	ké	to coughcough
4	7596	体温	tǐwēn	(body) temperature
4	7765	果汁	guǒzhī	fruit juice
4	7771	奖学金	jiǎngxuéjīn	scholarship
4	7821	厨师	chúshī	cookchef
4	7839	加油站	jiāyóuzhàn	gas station
4	7855	郊区	jiāoqū	suburban district, outskirts, suburbs
4	7912	节约	jiéyuē	to economizeto conserve (resources)economyfrugal
4	7931	打招呼	dǎzhāohu	to greet sb by word or actionto give prior notice
4	8003	不便	bùbiàn	inconvenientinappropriateunsuitableshort of cash
4	8004	招聘	zhāopìn	to invite applications for a jobto recruit
4	8011	活泼	huópo	livelyvivaciousbriskactive
4	8020	大自然	dàzìrán	nature (the natural world)
4	8073	签证	qiānzhèng	visato issue a visa
4	8118	暖和	nuǎnhuo	warmnice and warm
4	8135	父子	fùzǐ	father and son
4	8205	少见	shǎojiàn	rare, seldom seen(formal) it's a rare pleasure to see you
4	8206	入学	rùxué	to enter a school or collegeto go to school for the first time as a child
4	8233	打印	dǎyìn	to print out (with a printer)to affix a sealto stamp
4	8274	背包	bēibāo	knapsackrucksackinfantry packfield pack
4	8305	农村	nóngcūn	rural areavillage
4	8396	老年	lǎonián	elderlyold ageautumn of one's years
4	8420	分为	fēnwéi	to divide sth into (parts), to subdivide
4	8459	体检	tǐjiǎn	physical examinationclinical examinationhealth checkup
4	8461	听众	tīngzhòng	audiencelisteners
4	8483	假日	jiàrì	a holiday, a day off
4	8502	少量	shǎoliàng	a smidgena little bita few
4	8629	着火	zháohuǒ	to catch fire
4	8722	高温	gāowēn	high temperature
4	8722	积累	jīlěi	to accumulateaccumulationcumulativecumulatively
4	8754	食堂	shítáng	dining hall, cafeteria
4	8859	出行	chūxíng	to go out somewhere (relatively short trip)to set off on a journey (longer trip)
4	8954	景色	jǐngsè	scenery, landscape, view
4	8961	表格	biǎogé	form, table
4	8964	零食	língshí	snack, nibbles
4	9040	功课	gōngkè	homeworkassignmenttaskclasswork
4	9042	表扬	biǎoyáng	to praiseto commend
4	9229	硕士	shuòshì	master's degreeperson who has a master's degreelearned person
4	9307	房租	fángzū	rent for a room or house
4	9345	查找	cházhǎo	to search forto look up
4	9450	牙膏	yágāo	toothpaste
4	9478	房东	fángdōng	landlord
4	9620	时间表	shíjiānbiǎo	scheduletimetable
4	9778	收听	shōutīng	to listen to (a radio broadcast)
4	9778	网页	wǎngyè	web page
4	10133	填写	tiánxiě	to fill in a formto write data in a box (on a questionnaire or web form)
4	10169	细心	xìxīn	meticulous, careful, attentive
4	10212	听力	tīnglì	hearinglistening ability
4	10217	乒乓球	pīngpāngqiú	table tennisping-pongtable tennis ball
4	10258	导游	dǎoyóu	tour guideguidebookto conduct a tour
4	10263	小吃	xiǎochī	street food, snack
4	10287	叶子	yèzi	leaf(slang) marijuana
4	10290	打折	dǎzhé	to give a discount
4	10379	词语	cíyǔ	word (general term including monosyllables through to short phrases)term (e.g. technical term)expression
4	10431	登机	dēngjī	to board a plane
4	10563	堵车	dǔchē	traffic jam(of traffic) to get congested
4	10577	说明书	shuōmíngshū	(technical) manual(book of) directionssynopsis (of a play or film)specification (patent)
4	10667	期末	qīmò	the end of a term or semester (in school)
4	10725	西红柿	xīhóngshì	tomato
4	10778	低温	dīwēn	low temperature
4	10798	作文	zuòwén	to write an essaycomposition (student essay)
4	10815	高考	gāokǎo	college entrance exam(Tw) entrance exam for senior government service posts
4	10967	低价	dījià	low price
4	11048	操场	cāochǎng	playgroundsports fielddrill ground
4	11213	美景	měijǐng	beautiful scenery
4	11265	皮鞋	píxié	leather shoes
4	11411	快餐	kuàicān	fast foodsnackquick meal
4	11424	点名	diǎnmíng	roll callto mention sb by name(to call or praise or criticize sb) by name
4	11486	话剧	huàjù	stage playmodern drama
4	11593	茶叶	cháyè	teatea leaves
4	11837	降温	jiàngwēn	to become coolerto lower the temperaturecooling(of interest, activity etc) to decline
4	11910	孙女	sūnnǚ	son's daughtergranddaughter
4	11932	大巴	dàbā	(coll.) large buscoach
4	12015	高价	gāojià	high price
4	12036	转机	zhuǎnjī	transfer (the plane); a favorable turn(to take) a turn for the betterto change planes
4	12203	年底	niándǐ	the end of the yearyear-end
4	12255	母女	mǔnǚ	mother and daughtermother-daughter
4	12361	交警	jiāojǐng	traffic police
4	12463	健身房	jiànshēnfáng	gym, fitness club
4	12501	车位	chēwèi	parking spotunloading pointgarage placestand for taxi
4	12946	应聘	yìngpìn	to accept a job offerto apply for an advertised position
4	13078	养成	yǎngchéng	to cultivateto raiseto form (a habit)to acquire
4	13196	打针	dǎzhēn	to give or get an injection
4	13327	母子	mǔzǐ	mother and childparent and subsidiary (companies)principal and interest
4	13354	零钱	língqián	change (of money)small changepocket money
4	13406	理发	lǐfà	to get a haircut, to have one's hair doneto cut (sb's) hair, to give (sb) a haircut
4	13430	语法	yǔfǎ	grammar(computing) syntax
4	13646	便于	biànyú	easy to, convenient for
4	13665	安检	ānjiǎn	security checkto do a security check
4	13749	白酒	báijiǔ	baijiu, a spirit usually distilled from sorghum(Tw) white wine
4	13894	景点	jǐngdiǎn	tourist attraction, scenic spot
4	13945	降价	jiàngjià	to cut the priceto drive down the priceto get cheaper
4	13985	排球	páiqiú	volleyball
4	14023	干杯	gānbēi	to drink a toastCheers! (proposing a toast)Here's to you!Bottoms up!
4	14440	回信	huíxìn	to replyto write backletter written in reply
4	14498	零下	língxià	below zero (esp. temperature)
4	14594	摄氏度	Shèshìdù	°C (degrees Celsius)
4	14608	复印	fùyìn	to photocopyto duplicate a document
4	14640	中餐	zhōngcān	Chinese meal, Chinese foodlunch
4	14800	十字路口	shízìlùkǒu	crossroadsintersection
4	14869	普通话	pǔtōnghuà	Putonghua, standard Mandarin
4	15370	打印机	dǎyìnjī	printer
4	15414	国籍	guójí	nationality
4	15439	自学	zìxué	self-studyto study on one's own
4	15502	父女	fùnǚ	father and daughter
4	15548	汽水	qìshuǐ	soda pop, carbonated soft drink
4	16507	馒头	mántou	steamed bun
4	16715	车速	chēsù	vehicle speed
4	16771	红包	hóngbāo	money wrapped in red as a giftbonus paymentkickbackbribe
4	16827	师生	shīshēng	teachers and students
4	16867	游玩	yóuwán	to amuse oneselfto have funto go sightseeingto take a stroll
4	16998	本科	běnkē	undergraduate courseundergraduate (attributive)
4	17449	流利	liúlì	fluent
4	18345	坏处	huàichu	harmtroubles
4	18577	试题	shìtí	exam questiontest topic
4	18659	结账	jiézhàng	to settle accounts, to pay the bill
4	18698	期中	qīzhōng	midterminterim
4	18736	网址	wǎngzhǐ	web address, URL
4	18907	千克	qiānkè	kilogram
4	19063	节假日	jiéjiàrì	public holiday
4	19120	叫作	jiàozuò	to callto be called
4	19170	举例	jǔlì	to give an example
4	19487	零花钱	línghuāqián	pocket moneyallowance
4	19807	多样	duōyàng	diversediversitymanifold
4	20368	口语	kǒuyǔ	colloquial speechspoken languagevernacular languageslander
4	21410	寒假	hánjià	winter vacation
4	21664	差点	chàdiǎn	almostnearly
4	21668	粗心	cūxīn	carelessthoughtless
4	23743	报考	bàokǎo	to enter oneself for an examination
4	25234	起到	qǐdào	to have (a (motivating etc) effect), to play (a (stabilizing etc) role)
4	25608	笔试	bǐshì	written examinationpaper test (for an applicant)
4	26291	电动车	diàndòngchē	electric vehicle (commonly refers to e-bikes, scooters or electric cars)
4	26644	考生	kǎoshēng	exam candidatestudent whose name has been put forward for an exam
4	27449	景区	jǐngqū	scenic area
4	29751	网友	wǎngyǒu	online friendnetizen, Internet user
4	35984	月饼	yuèbǐng	mooncake (esp. for the Mid-Autumn Festival)
4	36044	预习	yùxí	to prepare a lesson
4	40061	京剧	Jīngjù	Beijing opera
4	41800	干活	gànhuó	to work, to be employed
4	1000000	短信	duǎnxìn	text messageSMS
5	159	所	suǒ	classifier for houses, small buildings, institutions etcactuallyplacethat which
5	166	以	yǐ	by means ofto useaccording toin order to
5	186	哦	ó	oh (interjection indicating doubt or surprise)
5	387	搞	gǎo	to doto maketo go in forto set up
5	391	如何	rúhé	howwhat waywhat
5	399	如	rú	asas ifsuch as
5	426	唯一	wéiyī	only, sole
5	432	呀	ya	(particle equivalent to after a vowel, expressing surprise or doubt)
5	442	同	tóng	samelikesimilartogether
5	493	如此	rúcǐ	like this, so, such
5	505	处	chù	(bound form) place, locality(bound form) part, aspect(bound form) office, department, bureauclassifier for locations: spot, point
5	505	处	chǔ	to get along with; to deal withto resideto liveto dwell
5	525	处理	chǔlǐ	to handle, to deal withto punishto treat sth by a special process, to processto sell at reduced prices
5	527	政府	zhèngfǔ	government
5	539	其	qí	his, her, its, theirthatsuchit (refers to sth preceding it)
5	545	曾	céng	oncealreadyever (in the past)former
5	552	系统	xìtǒng	system
5	558	以及	yǐjí	and, as well as
5	569	控制	kòngzhì	to control
5	590	组织	zǔzhī	to organizeorganization(biology) tissue(textiles) weave
5	591	根本	gēnběn	fundamentalbasicrootsimply
5	621	存在	cúnzài	to existto beexistence
5	622	靠	kào	to lean against or onto stand by the side ofto come near toto depend on
5	627	现场	xiànchǎng	the scene (of a crime, accident etc)(on) the spot(at) the site
5	636	个人	gèrén	an individual, oneself, (attributive) personal, one's own
5	640	精神	jīngshén	spiritmindconsciousnessthought
5	644	保持	bǎochí	to keepto maintainto holdto preserve
5	644	代表	dàibiǎo	representativedelegateto representto stand for
5	647	超	chāo	to exceedto overtaketo surpassto transcend
5	651	确定	quèdìng	definitecertainfixedto fix (on sth)
5	661	中心	zhōngxīn	center, heart, core
5	666	行动	xíngdòng	operationactionto move aboutmobile
5	668	合作	hézuò	to cooperate, to collaborate, to work together
5	676	哈	hā	(interj.) ha!(onom. for laughter)(slang) to be infatuated with, to adore(bound form) husky (dog)
5	678	及	jí	andto reachup toin time for
5	681	报告	bàogào	to informto reportto make knownreport
5	691	治疗	zhìliáo	to treat (an illness)medical treatmenttherapy
5	692	拥有	yōngyǒu	to have, to possess, to own
5	710	明显	míngxiǎn	cleardistinctobvious
5	715	伤	shāng	to injureinjurywound
5	715	套	tào	(classifier for sets, suites, series)to coverto encasecover
5	723	曾经	céngjīng	oncealreadyformerpreviously
5	724	黑	hēi	blackdarksinistersecret
5	734	行为	xíngwéi	action, conduct, behavior, activity
5	744	绝对	juéduì	absolute, unconditional
5	751	派	pài	to send (a person or resource), to dispatch, to allocate (a resource or task), to appoint (sb)(literary) tributary, branch of a riverclique, school, group, faction(bound form) style, manner
5	762	眼	yǎn	eyea look, a glancesmall hole(bound form) salient point
5	765	设计	shèjì	to design, to plandesign, plan
5	765	未来	wèilái	futuretomorrowapproachingcoming
5	766	利用	lìyòng	to exploitto make use ofto useto take advantage of
5	776	令	lìng	to orderto commandan orderwarrant
5	788	包括	bāokuò	to compriseto includeto involveto incorporate
5	794	红	hóng	redpopularrevolutionarybonus
5	797	抓	zhuā	to grabto catchto arrestto snatch
5	807	意义	yìyì	meaning, significancesenseimportance
5	811	便	biàn	then; convenientplaininformalsuitable
5	851	力	lì	powerforcestrengthability
5	880	交易	jiāoyì	to deal, to trade, to transacttransaction, deal
5	886	报道	bàodào	to report (news)report
5	900	力量	lìliang	power, force, strength
5	908	项目	xiàngmù	item, project, (sports) event
5	910	造成	zàochéng	to bring about, to create, to cause
5	913	某	mǒu	somea certainsb or sth indefinitesuch-and-such
5	915	随	suí	to followto comply withvarying according toto allow
5	915	支	zhī	(classifier for long thin objects, songs, teams)to supportto sustainto erect
5	925	度	dù	degree (angles, temperature etc)to passto spend (time)measure
5	930	白	bái	whitein vainfree of charge(bound form) (of facts, the truth, a situation) clear, evident
5	931	单	dān	singlebilllistform
5	941	至	zhì	to, untilto arrivemost
5	970	人民	rénmín	the people
5	973	事件	shìjiàn	incident, event
5	985	训练	xùnliàn	to trainto drilltraining
5	988	总统	zǒngtǒng	president (of a country)
5	997	似乎	sìhū	it seems, seemingly, as if
5	1000	据	jù	according toto act in accordance withto depend onto seize
5	1003	宝贝	bǎobèi	treasured objecttreasuredarlingbaby
5	1003	位置	wèizhi	positionplaceseat
5	1012	方	fāng	square, direction, sidepower or involution (math.)uprighthonest
5	1025	选手	xuǎnshǒu	athletecontestant
5	1027	参与	cānyù	to participate (in sth)
5	1030	显示	xiǎnshì	to showto illustrateto displayto demonstrate
5	1036	属于	shǔyú	to belong to, to fall under (a category)
5	1038	人类	rénlèi	humanityhuman racemankind
5	1041	手术	shǒushù	(surgical) operationsurgery
5	1044	亲	qīn	relative; close; to kissparentone's own (flesh and blood)related
5	1067	自由	zìyóu	freedom, libertyfree, unrestricted
5	1081	投	tóu	to throw (sth in a specific direction: ball, javelin, grenade etc)to cast (a ballot)to cast (a glance, a shadow etc)to put in (money for investment, a coin to operate a slot machine)
5	1092	事实	shìshí	fact
5	1095	居然	jūrán	unexpectedlyto one's surprisego so far as to
5	1095	客户	kèhù	client, customer
5	1096	类	lèi	kind, type, class, category(classifier) kind, type(bound form) to resemble, to be similar to
5	1096	专家	zhuānjiā	expert, specialist
5	1100	称	chēng	to call, to be known asto weighto stateto name
5	1101	分析	fēnxī	to analyzeanalysis
5	1102	享受	xiǎngshòu	to enjoyto live it uppleasure
5	1117	以来	yǐlái	since (used after a specified time or event)
5	1118	反应	fǎnyìng	to reactto respondreactionresponse
5	1123	地区	dìqū	region, area (informal or geographical term)prefecture (in China's administrative system)
5	1133	冠军	guànjūn	champion
5	1136	价值	jiàzhí	value, worth(ethical, cultural etc) values
5	1139	相当	xiāngdāng	quiteequivalent toappropriateconsiderably
5	1144	实现	shíxiàn	to achieve, to implement, to realize, to bring about
5	1158	状态	zhuàngtài	condition, state, state of affairs
5	1160	心理	xīnlǐ	psychology, mentality
5	1165	群	qún	groupcrowdflock, herd, pack etc
5	1178	原	yuán	formeroriginalprimaryraw
5	1181	根	gēn	rootbasisclassifier for long slender objects, e.g. cigarettes, guitar stringsradical (chemistry)
5	1182	建立	jiànlì	to establishto set upto found
5	1185	老板	lǎobǎn	boss, proprietor
5	1190	集	jí	to gatherto collectcollected worksclassifier for sections of a TV series etc: episode
5	1191	必要	bìyào	necessaryessentialindispensablerequired
5	1191	抢	qiǎng	to fight overto rushto scrambleto grab
5	1197	傻	shǎ	foolish
5	1198	权	quán	authoritypowerright(literary) to weigh
5	1202	亲爱	qīn'ài	dearbeloveddarling
5	1217	救	jiù	to saveto assistto rescue
5	1219	恢复	huīfù	to reinstateto resumeto restoreto recover
5	1228	或许	huòxǔ	perhaps, maybe
5	1237	现实	xiànshí	reality, actualityreal, actualrealistic, pragmatic, materialistic, self-interested
5	1246	媒体	méitǐ	media, esp. news media
5	1263	意识	yìshí	consciousness, awarenessto be aware of, to realize
5	1265	追	zhuī	to chaseto pursueto look intoto investigate
5	1268	导致	dǎozhì	to lead to, to create, to cause, to bring about
5	1271	集中	jízhōng	to concentrateto centralizeto focuscentralized
5	1280	理由	lǐyóu	reasongroundsjustification
5	1289	机构	jīgòu	mechanismstructureorganizationagency
5	1290	反	fǎn	contraryin reverseinside out or upside downto reverse
5	1292	完美	wánměi	perfect
5	1294	传	chuán	to pass onto spreadto transmitto infect
5	1294	传	zhuàn	biographyhistorical narrativecommentariesrelay station
5	1296	伤害	shānghài	to injure, to harm
5	1299	真实	zhēnshí	true, real
5	1305	记录	jìlù	to recordrecord (written account)note-takerrecord (in sports etc)
5	1306	空间	kōngjiān	space, room(fig.) scope, leeway(astronomy) outer space(physics, math.) space
5	1312	冲	chōng	(of water) to dash againstto mix with waterto infuseto rinse
5	1312	期待	qīdài	to look forward toto awaitexpectation
5	1312	冲	chòng	towards, pungentpowerfulvigorousin view of
5	1320	政治	zhèngzhì	politicspolitical
5	1321	朝	cháo	facing, towardsimperial or royal courtgovernmentdynasty
5	1321	朝	zhāo	morning
5	1323	一旦	yīdàn	in case (sth happens)ifonce (sth happens, then...)when
5	1325	范围	fànwéi	rangescopelimitextent
5	1325	副	fù	classifier for pairs, sets of things & facial expressionssecondaryauxiliarydeputy
5	1326	事业	shìyè	undertakingprojectactivity(charitable, political or revolutionary) cause
5	1327	承认	chéngrèn	to admitto concedeto recognizerecognition (diplomatic, artistic etc)
5	1328	执行	zhíxíng	to implementto carry outto executeto run
5	1329	怪	guài	odd, strange, uncanny(bound form) monster, supernatural beingto find strange, to regard as oddto blame
5	1336	痛苦	tòngkǔ	painsufferingpainful
5	1345	显然	xiǎnrán	clearly, evidently, obviously
5	1363	传统	chuántǒng	tradition, traditional
5	1372	状况	zhuàngkuàng	condition, state, situation
5	1375	分享	fēnxiǎng	to share (esp. sth enjoyable, useful or beneficial)
5	1375	架	jià	classifier for planes, large vehicles, radios etcto supportframerack
5	1378	翻	fān	to turn overto flip overto overturnto rummage through
5	1384	时代	shídài	ageeraepochperiod (in one's life)
5	1387	伟大	wěidà	huge, great, grand, worthy of the greatest admiration, important (contribution etc)
5	1392	的确	díquè	reallyindeed
5	1392	颗	kē	classifier for small spheres, pearls, corn grains, teeth, hearts, satellites etc
5	1401	身份	shēnfèn	identity, aspect of one's identity (e.g. mayor, father, permanent resident), role, capacity, status (social, legal etc), position, rank
5	1405	充满	chōngmǎn	full ofbrimming withvery fullpermeated
5	1410	人物	rénwù	person, personage, figure (esp. sb of importance)character (in a play, novel etc)(genre of traditional Chinese painting) figure painting
5	1415	系	xì	departmentsystemfaculty
5	1415	系	jì	to tie, to fastento button up
5	1420	直	zhí	straightto straightenfair and reasonablefrank
5	1421	产品	chǎnpǐn	goodsmerchandiseproduct
5	1425	成员	chéngyuán	member
5	1430	保险	bǎoxiǎn	insuranceto insuresafesecure
5	1430	测试	cèshì	to test (machinery etc)to test (a person's skill in a particular area)a test(computing) beta (version of software)
5	1430	年代	niándài	a decade of a century (e.g. the Sixties)ageeraperiod
5	1433	领导	lǐngdǎo	leaderleadleadingto lead
5	1444	寻找	xúnzhǎo	to seek, to look for
5	1445	胜利	shènglì	victory
5	1452	明星	míngxīng	star, celebrity
5	1454	级	jí	levelgraderankstep (of stairs)
5	1455	程度	chéngdù	degree, level, extent
5	1458	代	dài	generation, dynasty, age, period, (historical) era, (geological) eonto be a substitute for, to act on behalf of, to replace, to substitute
5	1462	理论	lǐlùn	theoryto argueto take notice of
5	1462	网络	wǎngluò	networkInternet
5	1463	式	shì	typeformpatternstyle
5	1467	宣布	xuānbù	to declareto announceto proclaim
5	1476	创造	chuàngzào	to createto bring aboutto produceto set (a record)
5	1481	调	diào	to transferto move (troops or cadres)to investigateto enquire into
5	1481	调	tiáo	to adjust; to mixto harmonizeto reconcileto blend
5	1484	队伍	duìwǔ	troops, armyranks, contingent, force, staff, teamline, procession(in video games or fantasy settings etc) party
5	1484	命	mìng	lifefateorder or commandto assign a name, title etc
5	1488	烧	shāo	to burn, to set on fireto heat (over a fire), to boil (water, tea etc)to braiseto cook, to prepare food
5	1493	事故	shìgù	accident
5	1496	数据	shùjù	data
5	1506	安	ān	(bound form) calm, peacefulto calm, to set at easesafe, secure, in good healthcontent, satisfied
5	1525	思想	sīxiǎng	thoughtthinkingideaideology
5	1527	破坏	pòhuài	destructiondamageto wreckto break
5	1528	消失	xiāoshī	to disappear, to fade away
5	1539	稳定	wěndìng	steadystablestabilityto stabilize
5	1540	巨大	jùdà	huge, immense, enormous, gigantic
5	1544	藏	cáng	to concealto hide awayto harborto store
5	1544	藏	zàng	TibetstorehousedepositoryBuddhist or Taoist scripture
5	1547	龙	lóng	Chinese dragon, loong(fig.) emperordragon(bound form) dinosaur
5	1554	协议	xiéyì	agreementpactprotocol
5	1555	满足	mǎnzú	to satisfyto meet (the needs of)satisfiedcontent
5	1557	配	pèi	to matchto jointo fitto mate
5	1563	土地	tǔdì	landsoilterritory
5	1564	威胁	wēixié	to threaten, to menace
5	1565	老婆	lǎopó	(coll.) wife
5	1567	等待	děngdài	to wait, to wait for
5	1571	挑战	tiǎozhàn	to challenge, to take on a challenge, a challenge
5	1571	占	zhàn	to take possession ofto occupyto take up
5	1575	小姐	xiǎojie	young ladymiss(slang) prostitute
5	1577	秘密	mìmì	secret, private, confidential, clandestinea secret
5	1582	超级	chāojí	super-ultra-hyper-
5	1583	猪	zhū	hogpigswine
5	1590	设备	shèbèi	equipment, facilities, installations
5	1594	意味着	yìwèizhe	to signifyto meanto imply
5	1597	保	bǎo	to defend, to protect, to keepto guarantee, to ensure(old) civil administration unit in the baojia system
5	1597	团	tuán	grouproundlumpball
5	1600	制造	zhìzào	to manufacture, to make
5	1601	紧	jǐn	tightstrictclose at handnear
5	1603	抽	chōu	to draw out, to pull out from in betweento remove part of the wholeto inhale (esp. smoke)(of fabric etc) to shrink
5	1603	对手	duìshǒu	opponentrivalcompetitor(well-matched) adversary
5	1608	想象	xiǎngxiàng	to imagine, to envisionimagination
5	1609	当地	dāngdì	local
5	1631	需	xū	to requireto needto wantnecessity
5	1632	特殊	tèshū	specialparticularunusualextraordinary
5	1638	具体	jùtǐ	concrete, specific, detailed
5	1643	合	hé	to combine, to join; to suitto closeto fitto be equal to
5	1644	风格	fēnggé	style
5	1649	建筑	jiànzhù	to constructbuilding
5	1656	角色	juésè	role, part (in a play or movie etc)
5	1657	疯狂	fēngkuáng	crazy, frenzied, wild
5	1659	彻底	chèdǐ	thoroughthoroughlycomplete
5	1660	表达	biǎodá	to express, to convey
5	1661	投入	tóurù	to throw intoto put intoto throw oneself intoto participate in
5	1663	胜	shèng	victorysuccessto beatto defeat
5	1674	确保	quèbǎo	to ensure, to guarantee
5	1679	建	jiàn	to establishto foundto set upto build
5	1692	足够	zúgòu	enough, sufficient
5	1696	权利	quánlì	right (i.e. an entitlement to sth)(classical) power and wealth
5	1697	拍摄	pāishè	to take (a picture), to shoot (a film)
5	1701	采取	cǎiqǔ	to adopt or carry out (measures, policies, course of action)to take
5	1701	区域	qūyù	arearegiondistrict
5	1703	期间	qījiān	period of timetimetime periodperiod
5	1703	意外	yìwài	unexpectedaccidentmishap
5	1705	风险	fēngxiǎn	risk, hazard
5	1705	时刻	shíkè	timejuncturemomentperiod of time
5	1707	断	duàn	to breakto snapto cut offto give up or abstain from sth
5	1707	平	píng	flat, level, smoothto make even, to levelequal, on the same level(bound form) fair, impartial
5	1708	观察	guānchá	to observe, to watch, to survey
5	1709	愿	yuàn	(bound form) wish, hope, desireto be willingto wish (that sth may happen), mayvow, pledge
5	1716	难以	nányǐ	hard to (predict, imagine etc)
5	1720	接近	jiējìn	to approach, to get close to
5	1730	运	yùn	to moveto transportto useto apply
5	1731	敌人	dírén	enemy
5	1734	重大	zhòngdà	greatimportantmajorsignificant
5	1735	表明	biǎomíng	to make clearto make knownto state clearlyto indicate
5	1741	墙	qiáng	wall(slang) to block (a website)
5	1747	程序	chéngxù	proceduressequenceordercomputer program
5	1749	持续	chíxù	to continue, to last, to persist
5	1749	具有	jùyǒu	to have, to possess
5	1749	医疗	yīliáo	medical treatment
5	1757	切	qiē	to cut, to slice, to carve(math.) tangential
5	1763	戏	xì	dramatrickplayshow
5	1766	合同	hétong	contract, agreement
5	1771	发表	fābiǎo	to issueto publish
5	1772	处于	chǔyú	to be in (some state, position, or condition)
5	1782	相关	xiāngguān	relatedrelevantpertinentto be interrelated
5	1797	简直	jiǎnzhí	simply, really
5	1798	展示	zhǎnshì	to reveal, to display, to show, to exhibit
5	1809	退	tuì	to retreat, to withdrawto reject, to return (sth)to decline
5	1810	情绪	qíngxù	moodstate of mindmoodiness
5	1814	强大	qiángdà	big and strong, formidable, powerful
5	1826	替	tì	to substitute forto take the place ofto replacefor
5	1826	掌握	zhǎngwò	to grasp (often fig.)to controlto seize (initiative, opportunity, destiny)to master
5	1826	证据	zhèngjù	evidenceprooftestimony
5	1830	幸运	xìngyùn	fortunate, luckygood fortune, luck
5	1835	制作	zhìzuò	to make, to manufacture
5	1835	最佳	zuìjiā	optimumoptimalpeakbest (athlete, movie etc)
5	1839	记忆	jìyì	to remember, to recallmemory
5	1851	资金	zījīn	funds, capital
5	1852	员工	yuángōng	staff, personnel, employee
5	1862	立即	lìjí	immediately
5	1863	升	shēng	to ascend, to riseto promote, to elevateliterunit of dry measure for grain
5	1865	内部	nèibù	interiorinside (part, section)internal
5	1867	经营	jīngyíng	to engage in (business etc), to run, to operate
5	1868	在于	zàiyú	to rest with, to lie in, to be due to (a certain attribute)(of a matter) to be determined by, to be up to (sb)
5	1869	初	chū	(bound form) at first, initially(bound form) first, early(bound form) (in lunar calendar dates, before numerals 1–10) days 1 to 10 of a month, as in "the third"
5	1869	发挥	fāhuī	to displayto exhibitto bring out implicit or innate qualitiesto express (a thought or moral)
5	1875	立刻	lìkè	immediately, at once, right away
5	1876	独立	dúlì	independentindependenceto stand alone
5	1879	实验	shíyàn	experimenttestexperimentalto experiment
5	1882	表情	biǎoqíng	(facial) expressionto express one's feelings
5	1886	社区	shèqū	communityneighborhood
5	1890	手段	shǒuduàn	method, way, means (of doing sth)skill, abilitytrick, wile
5	1893	采访	cǎifǎng	to interviewto gather newsto hunt for and collectto cover
5	1897	通常	tōngcháng	regular, usual, normalusually, normally
5	1899	针对	zhēnduì	to target, to focus on, to be aimed at or against, in response to
5	1906	即将	jíjiāng	about to, on the point of, soon
5	1907	角度	jiǎodù	angle(fig.) point of view
5	1908	宝	bǎo	jewelgemtreasureprecious
5	1908	遗憾	yíhàn	regretto regretto be sorry that
5	1912	对象	duìxiàng	target, objectpartner, boyfriend, girlfriend
5	1912	接触	jiēchù	to touchto contactaccessin touch with
5	1924	规则	guīzé	rule, regulationregular, orderly, fixed
5	1929	欧洲	Ōuzhōu	Europe
5	1930	损失	sǔnshī	lossdamageto loseto suffer damage
5	1935	合理	hélǐ	rational, reasonable, sensible, fair
5	1935	骗	piàn	to cheatto swindleto deceiveto get on (a horse etc) by swinging one leg over
5	1943	依然	yīrán	still, as before
5	1945	阶段	jiēduàn	stagesectionphaseperiod
5	1955	成熟	chéngshú	mature, ripeto mature, to ripen
5	1957	一致	yīzhì	consistent, unanimous, in agreementtogether, in unison
5	1963	信任	xìnrèn	to trustto have confidence in
5	1968	刺激	cìjī	to provoke, to irritate, to upset, to stimulate, to exciteirritant
5	1968	反正	fǎnzhèng	anywayin any caseto come over from the enemy's side
5	1971	贴	tiē	to stickto pasteto post (e.g. on a blog)to keep close to
5	1987	尽快	jǐnkuài	as quickly as possible, as soon as possible
5	1991	药物	yàowù	medicamentspharmaceuticalsmedicationmedicine
5	1996	进一步	jìnyībù	to go a step further(develop, understand, improve etc) more, further
5	1997	移动	yídòng	to movemovementmigrationmobile
5	1999	销售	xiāoshòu	to sellto marketsales (representative, agreement etc)
5	2003	呼吸	hūxī	to breathe
5	2006	可怕	kěpà	awfuldreadfulfearfulformidable
5	2006	确认	quèrèn	to confirmto verifyconfirmation
5	2008	防	fáng	to protectto defendto guard againstto prevent
5	2023	舞台	wǔtái	(lit. and fig.) stage, arena
5	2027	化	huà	to make intoto change into-izationto ... -ize
5	2028	出色	chūsè	remarkable, outstanding
5	2032	调整	tiáozhěng	to adjust, to revise, to reorganize
5	2044	领	lǐng	to leadneckcollarto receive
5	2046	滚	gǔn	to rollto boilto take a hikeGet lost!
5	2051	结	jié	knotsturdybondto tie
5	2051	结	jiē	to bear (fruit)(of a plant) to produce (fruit or seeds)
5	2064	讲话	jiǎnghuà	a speechto speakto talkto address
5	2072	紧急	jǐnjí	urgentemergency
5	2072	宣传	xuānchuán	to disseminateto give publicity topropaganda
5	2075	撞	zhuàng	to knock againstto bump intoto run intoto meet by accident
5	2080	优势	yōushì	superioritydominanceadvantage
5	2085	随时	suíshí	at any time, at all timesat the right time, whenever necessary
5	2087	付出	fùchū	to pay, to expend, to invest (energy or time)
5	2090	时期	shíqī	periodphase
5	2092	哎	āi	hey!(interjection used to attract attention or to express surprise or disapprobation)
5	2099	好运	hǎoyùn	good luck
5	2101	治	zhì	to treat (a disease)to ruleto governto manage
5	2102	措施	cuòshī	measurestep
5	2109	导演	dǎoyǎn	to directdirector (film etc)
5	2117	利益	lìyì	benefit(in sb's) interest
5	2117	生物	shēngwù	organism, living creature, life form(attributive) biological, bio-
5	2119	评价	píngjià	to evaluateto assess
5	2123	迷	mí	fan, enthusiastto bewildercrazy aboutlost
5	2124	形象	xíngxiàng	imageformfigurevisualization
5	2126	方案	fāng'àn	planprogram (for action etc)proposalproposed bill
5	2126	欠	qiàn	to oweto lack(literary) to be deficient in(bound form) yawn
5	2127	主题	zhǔtí	themesubject
5	2129	商业	shāngyè	businesstradecommerce
5	2131	到达	dàodá	to reach, to arrive
5	2133	主任	zhǔrèn	directorhead
5	2138	功能	gōngnéng	function, capability
5	2140	避免	bìmiǎn	to avertto preventto avoidto refrain from
5	2146	生产	shēngchǎn	to produce, to manufactureto give birth to a child
5	2151	试验	shìyàn	experimenttestto experimentexperimental
5	2157	成长	chéngzhǎng	to matureto growgrowth
5	2160	闹	nào	noisycacophonousto make noiseto disturb
5	2165	彼此	bǐcǐ	each other, one another
5	2168	推荐	tuījiàn	to recommend
5	2171	指导	zhǐdǎo	to guide, to direct, to instructcoach, trainer
5	2178	品牌	pǐnpái	brand, brand name
5	2188	盖	gài	to cover; to buildlidtopcover
5	2188	原则	yuánzé	principledoctrine
5	2190	联合	liánhé	to combineto joinunitealliance
5	2197	炒	chǎo	to sauté, to stir-fryto speculate (in real estate etc), to scalpto hype upto sack, to fire (sb)
5	2200	录	lù	to recorddiaryrecordto hit
5	2208	微笑	wēixiào	smileto smile
5	2208	组合	zǔhé	to assemble, to combine, to composecombination, association, set, compilation(math.) combinatorial
5	2211	观点	guāndiǎn	point of viewviewpointstandpoint
5	2211	惊喜	jīngxǐ	nice surpriseto be pleasantly surprised
5	2212	强烈	qiángliè	strong, intense
5	2213	争取	zhēngqǔ	to fight forto strive forto win over
5	2218	公平	gōngpíng	fairimpartial
5	2221	高级	gāojí	high levelhigh gradeadvancedhigh-ranking
5	2225	洞	dòng	caveholezero (unambiguous spoken form when spelling out numbers)
5	2227	良好	liánghǎo	goodfavorablewellfine
5	2231	思考	sīkǎo	to reflect onto ponder over
5	2244	签	qiān	to sign one's nameto write brief comments on a documentinscribed bamboo stickvisa
5	2256	自从	zìcóng	since (a time)ever since
5	2262	尝试	chángshì	to try (to see what it's like or whether one can do it)
5	2268	命运	mìngyùn	fate, destiny
5	2270	疾病	jíbìng	disease, sickness, ailment
5	2271	女子	nǚzǐ	womanfemale
5	2276	类似	lèisì	similar, analogous
5	2277	凭	píng	on the basis ofto lean againstto rely onno matter (how, what etc)
5	2279	尽量	jǐnliàng	as much as possibleto the greatest extent
5	2283	娱乐	yúlè	to entertainto amuseentertainmentrecreation
5	2285	不然	bùrán	not sonoor elseotherwise
5	2290	资格	zīgé	qualificationsseniority
5	2296	企业	qǐyè	company, firm, enterprise, corporation
5	2299	工具	gōngjù	toolinstrumentutensilmeans (to achieve a goal etc)
5	2302	追求	zhuīqiú	to pursue (a goal etc) stubbornlyto seek afterto woo
5	2305	欣赏	xīnshǎng	to appreciate, to enjoy, to admire
5	2308	高度	gāodù	heightaltitudeelevationhigh degree
5	2310	挑	tiāo	to chooseto carry on a shoulder poleto pickto nitpick
5	2313	碎	suì	(transitive or intransitive) to break into pieces, to shatter, to crumblebroken, fragmentary, scatteredgarrulous
5	2315	连续	liánxù	continuousin a rowserialconsecutive
5	2318	阻止	zǔzhǐ	to preventto block
5	2319	老公	lǎogōng	(coll.) husband
5	2319	资源	zīyuán	natural resource (such as water or minerals)resource (such as manpower or tourism)
5	2326	决赛	juésài	finals (of a competition)
5	2330	主席	zhǔxí	chairpersonpremierchairman
5	2335	形成	xíngchéng	to form, to take shape
5	2346	行业	hángyè	trade, profession, industry, business
5	2349	背后	bèihòu	behindat the backin the rearbehind sb's back
5	2349	配合	pèihé	to cooperate, to coordinatematchingfitting in withcompatible with
5	2352	显得	xiǎnde	to seemto lookto appear
5	2353	亲自	qīnzì	personallyin persononeself
5	2353	物质	wùzhì	mattersubstancematerialmaterialistic
5	2363	承担	chéngdān	to undertaketo assume (responsibility etc)
5	2363	面临	miànlín	to face sth, to be confronted with
5	2364	神秘	shénmì	mysteriousmystery
5	2365	自动	zìdòng	automaticvoluntarily
5	2369	明确	míngquè	clear-cut, definite, explicitto clarify, to specify, to make definite
5	2371	结合	jiéhé	to combineto linkto integratebinding
5	2374	当中	dāngzhōng	amongin the middlein the center
5	2377	登记	dēngjì	to register (one's name)
5	2377	男子	nánzǐ	a man, a male
5	2378	躲	duǒ	to hideto dodgeto avoid
5	2383	来源	láiyuán	source (of information etc)origin
5	2389	生存	shēngcún	to existto survive
5	2392	充分	chōngfèn	amplesufficientadequatefull
5	2398	批	pī	classifier for batches; to criticizeto ascertainto act onto pass on
5	2399	主人	zhǔrén	ownerhostmaster
5	2400	经典	jīngdiǎn	the classicsscripturesclassicalclassic (example, case etc)
5	2401	法院	fǎyuàn	court of lawcourt
5	2402	醉	zuì	intoxicated
5	2410	念	niàn	to readto study (a subject)to attend (a school)to read aloud
5	2420	背景	bèijǐng	background, backdrop, context(fig.) powerful backer
5	2425	进步	jìnbù	progress, improvementto improve, to progress
5	2429	对待	duìdài	to treattreatment
5	2435	大会	dàhuì	general assemblygeneral meetingconvention
5	2438	或是	huòshì	oreither one or the other
5	2440	现象	xiànxiàng	phenomenonappearance
5	2445	实力	shílì	strength
5	2449	私人	sīrén	privatepersonalinterpersonalsb with whom one has a close personal relationship
5	2451	一路	yīlù	the whole journeyall the waygoing the same waygoing in the same direction
5	2459	领域	lǐngyù	domain, sphere, field, territory, area
5	2461	拼	pīn	to piece together, to put togetherto pool (resources etc), to shareto risk all, to go all outto spell (words)
5	2468	湖	hú	lake
5	2470	主动	zhǔdòng	to take the initiativeto do sth of one's own accordspontaneousactive
5	2475	服装	fúzhuāng	dressclothingcostumeclothes
5	2476	形式	xíngshì	formouter appearanceshapeformality
5	2476	硬	yìng	hard, stiff, solid(fig.) strong, firmresolutely, uncompromisinglylaboriously, with great difficulty
5	2477	毕竟	bìjìng	after allall in allwhen all is said and donein the final analysis
5	2479	居民	jūmín	resident, inhabitant
5	2479	限制	xiànzhì	to restrictto limitto confinerestriction
5	2480	恭喜	gōngxǐ	to congratulate(interj.) congratulations!
5	2483	万一	wànyī	just in caseif by any chancecontingency
5	2487	如今	rújīn	nowadays, now
5	2491	前往	qiánwǎng	to leave for, to proceed towards, to go to
5	2494	分手	fēnshǒu	to part companyto split upto break up
5	2496	恋爱	liàn'ài	(romantic) lovein loveto have an affair
5	2498	成立	chénglì	to establishto set upto be tenableto hold water
5	2500	歌曲	gēqǔ	song
5	2500	团队	tuánduì	team
5	2502	模式	móshì	mode, pattern, model
5	2507	细节	xìjié	details, particulars
5	2512	唉	āi	interjection or grunt of agreement or recognition (e.g. yes, it's me!)to sigh
5	2512	现代	xiàndài	modern timesmodern agemodern era
5	2514	维持	wéichí	to keep, to maintain, to preserve
5	2521	道理	dàoli	reasonargumentsenseprinciple
5	2524	迅速	xùnsù	rapidspeedyfast
5	2525	似的	shìde	seems as ifrather like
5	2532	必	bì	certainlymustwillnecessarily
5	2535	出席	chūxí	to attendto participatepresent
5	2542	深刻	shēnkè	profounddeepdeep-going
5	2548	婚礼	hūnlǐ	wedding ceremonywedding
5	2552	全面	quánmiàn	all-aroundcomprehensivetotaloverall
5	2553	体验	tǐyàn	to experience for oneself
5	2557	玻璃	bōli	glass(slang) male homosexual
5	2557	话题	huàtí	subject (of a talk or conversation)topic
5	2557	坚强	jiānqiáng	staunchstrong
5	2558	古	gǔ	ancientoldpaleo-
5	2563	咬	yǎo	to biteto nip
5	2570	合法	héfǎ	lawfullegitimatelegal
5	2579	工程	gōngchéng	engineeringan engineering projectprojectundertaking
5	2584	实施	shíshī	to implementto carry out
5	2585	湿	shī	moistwet
5	2593	缺乏	quēfá	to lack, to be short of
5	2594	暗	àn	darkto turn darksecret, hidden(literary) confused, ignorant
5	2594	诗	shī	poempoetryverse
5	2598	类型	lèixíng	type, kind, category(computer programming) type
5	2607	锁	suǒ	to lock, to lock upa lock
5	2608	造	zào	to maketo buildto manufactureto invent
5	2608	重复	chóngfù	to repeatto duplicate
5	2614	个性	gèxìng	individualitypersonality
5	2614	批准	pīzhǔn	to approve, to ratify
5	2618	前进	qiánjìn	to go forwardto forge aheadto advanceonward
5	2618	他人	tārén	another person, sb else, other people
5	2622	骂	mà	to scoldto abuseto curse
5	2625	机器	jīqì	machine
5	2638	守	shǒu	to guardto defendto keep watchto abide by the law
5	2639	滑	huá	to slip, to slideslippery, smoothsly, slippery, not to be trusted
5	2640	操作	cāozuò	to workto operateto manipulate
5	2644	达成	dáchéng	to reach (an agreement)to accomplish
5	2653	标志	biāozhì	sign, mark, symbol, logoto symbolize, to indicate, to mark
5	2655	公布	gōngbù	to announce, to make public, to publish
5	2656	本人	běnrén	I, me, myselfoneself, yourself, himself, herself, the person concerned
5	2673	人才	réncái	talenttalented personlooksattractive looks
5	2676	黄金	huángjīn	goldgolden (opportunity)prime (time)
5	2677	魅力	mèilì	charmfascinationglamorcharisma
5	2684	舞蹈	wǔdǎo	dance (performance art)dancing
5	2698	伙伴	huǒbàn	companion, palpartner, business associate
5	2704	因素	yīnsù	elementfactor
5	2711	发布	fābù	to releaseto issueto announceto distribute
5	2712	忍	rěn	to bearto endureto tolerateto restrain oneself
5	2714	双方	shuāngfāng	bilateralboth sidesboth parties involved
5	2716	摸	mō	to feel with the handto touchto stroketo grope
5	2717	组成	zǔchéng	to formto make upto constitute
5	2723	离婚	líhūn	to divorce
5	2723	退出	tuìchū	to withdrawto abortto quitto log out (computing)
5	2737	库	kù	warehousestorehouse(file) library
5	2738	吵	chǎo	noisy, loudto quarrel, to argue
5	2746	奖励	jiǎnglì	to rewardreward (as encouragement)
5	2753	温暖	wēnnuǎn	warm
5	2759	承受	chéngshòu	to bearto supportto inherit
5	2763	齐	qí	neatevenlevel withidentical
5	2765	市民	shìmín	city resident, townspeople
5	2767	人口	rénkǒu	populationpeople
5	2768	咨询	zīxún	to inquire, to consult, to seek advice from
5	2771	表面	biǎomiàn	surfacefaceoutsideappearance
5	2771	地位	dìwèi	positionstatusplace
5	2780	青	qīng	greenblueblackyouth
5	2780	顺	shùn	along, to obeyto followto arrangeto make reasonable
5	2782	登	dēng	to climb; to publishto scale (a height)to ascendto mount
5	2784	不幸	bùxìng	misfortuneadversityunfortunatesad
5	2786	结构	jiégòu	structurecompositionmakeuparchitecture
5	2790	妇女	fùnǚ	woman
5	2791	领先	lǐngxiān	to leadto be in front
5	2794	矛盾	máodùn	contradictionconflicting viewscontradictory
5	2810	上升	shàngshēng	to riseto go upto ascend
5	2818	围	wéi	to encircleto surroundall aroundto wear by wrapping around (scarf, shawl)
5	2824	路线	lùxiàn	itineraryroutepolitical line (e.g. right revisionist road)
5	2824	完整	wánzhěng	completeintact
5	2829	碰	pèng	to touchto meet withto bump
5	2829	煮	zhǔ	to cookto boil
5	2833	在乎	zàihu	to rest with, to lie in, to be due to (a certain attribute)(often used in the negative) to care about
5	2835	飞行	fēixíng	(of planes etc) to flyflyingflightaviation
5	2836	较	jiào	(before an adjective) relatively, comparatively, rather(bound form) to compare(literary) to disputecompared to
5	2837	请求	qǐngqiú	to request, to askrequest
5	2842	纪念	jìniàn	to commemorate, to honor the memory ofmemento, keepsake, souvenir
5	2845	福	fú	good fortunehappinessluck
5	2852	族	zú	racenationalityethnicityclan
5	2862	全新	quánxīn	all new, completely new
5	2875	插	chā	to insertstick inpierceto take part in
5	2885	分别	fēnbié	to part, to leave each otherto distinguish, to tell apartdifference, distinctionin different ways, differently
5	2889	愿望	yuànwàng	desirewish
5	2899	圆	yuán	roundcirclecircularspherical
5	2900	广场	guǎngchǎng	public square, plaza
5	2908	地下	dìxià	undergroundsubterraneancovert
5	2909	臭	chòu	stenchsmellyto smell (bad)repulsive
5	2910	违法	wéifǎ	illegalto break the law
5	2911	长期	chángqī	long-term, for a protracted period
5	2914	灰	huī	gray, dustashlimediscouraged, dejected
5	2915	堆	duī	to pile upto heap upa masspile
5	2921	保留	bǎoliú	to keepto retainto have reservations (about sth)to hold back (from saying sth)
5	2922	品	pǐn	(bound form) article, commodity, product, goods(bound form) grade, rankkind, type, varietycharacter, disposition, nature, temperament
5	2924	收集	shōují	to gatherto collect
5	2940	深入	shēnrù	to penetrate deeplythorough
5	2942	情感	qínggǎn	feelingemotionto move (emotionally)
5	2946	称为	chēngwéi	to be called, to be known as, to call it "..."
5	2947	车辆	chēliàng	vehicle
5	2959	当年	dāngnián	in those days, back then, in those yearsto be in the prime of life
5	2959	使得	shǐde	to make, to cause, to bring aboutusable, serviceablefeasible, workable, doable
5	2963	公寓	gōngyù	apartment building, block of flats (may be a public housing block or a condominium etc)
5	2966	人群	rénqún	crowd
5	2967	依靠	yīkào	to rely on, to depend on
5	2968	弱	ruò	weak, feebleyounginferior, not as good as(following a decimal or fraction) slightly less than
5	2970	产	chǎn	to produceto give birthto reproduceproduct
5	2971	不足	bùzú	insufficientlackingdeficiencynot enough
5	2972	报警	bàojǐng	to sound an alarmto report sth to the police
5	2972	业务	yèwù	businessprofessional workservice
5	2978	驾驶	jiàshǐ	to drive (vehicle), to pilot (ship, airplane etc)driver, pilot, captain
5	2980	计算	jìsuàn	to calculate, to computeto consider, to think overto plot, to scheme
5	2981	开发	kāifā	to exploit (a resource), to open up (for development), to develop
5	2984	甲	jiǎ	first (in a list, as a party to a contract etc)first of the ten Heavenly Stems(used for an unspecified person or thing)letter "A" or roman "I" in list "A, B, C", or "I, II, III" etc
5	2984	始终	shǐzhōng	from beginning to endall along
5	2989	争	zhēng	to strive forto vie forto argue or debatedeficient or lacking (dialect)
5	2991	贡献	gòngxiàn	to contributeto dedicateto devotecontribution
5	2993	划	huà	to delimitto transferto assignto plan
5	2993	划	huá	to row; to scratchto paddleprofitableworth (the effort)
5	2994	出版	chūbǎn	to publish
5	3002	移	yí	to moveto shiftto changeto alter
5	3003	测	cè	to surveyto measureto conjecture
5	3008	诊断	zhěnduàn	to diagnose
5	3012	剪	jiǎn	to cut as with scissors(bound form) scissors or similar tool(bound form) to wipe out, to exterminateto edit (video, audio etc)
5	3015	临时	línshí	temporaryas the time draws nearat the last momentinterim
5	3016	富	fù	richabundantwealthy
5	3016	物品	wùpǐn	articles, goods
5	3019	单独	dāndú	aloneby oneselfon one's own
5	3025	止	zhǐ	to stopto prohibituntilonly
5	3028	保安	bǎo'ān	to ensure public securityto ensure safety (for workers engaged in production)public securitysecurity guard
5	3028	实验室	shíyànshì	laboratory
5	3034	平衡	pínghéng	balanceequilibrium
5	3036	开放	kāifàng	to be open (to the public)to bloomto opento open up (to the outside)
5	3036	全体	quántǐ	allentire
5	3042	挤	jǐ	to crowd into cram into force others asideto press
5	3044	医学	yīxué	medicinemedical sciencestudy of medicine
5	3051	大型	dàxíng	largelarge-scale
5	3060	作出	zuòchū	to put outto come up withto make (a choice, decision, proposal, response, comment etc)to issue (a permit, statement, explanation, apology, reassurance to the public etc)
5	3062	搜索	sōusuǒ	to search (a place, a database, online etc), to search for (sth)
5	3064	炸	zhà	to burst, to explodeto blow up, to bomb(coll.) to fly into a rage(coll.) to scamper off, to scatter
5	3064	炸	zhá	to deep fry(coll.) to blanch (a vegetable)
5	3065	展开	zhǎnkāi	to unfold, to spread out, to open upto launch, to carry out
5	3068	把握	bǎwò	to grasp (also fig.)to seizeto holdassurance
5	3070	酒吧	jiǔbā	bar (place to buy drinks)
5	3072	胃	wèi	stomach
5	3075	成就	chéngjiù	accomplishmentsuccessachievementto achieve (a result)
5	3088	激烈	jīliè	(of competition or fighting) intensefierce(of pain) acute(of an expression of opinion) impassioned
5	3090	想念	xiǎngniàn	to missto remember with longingto long to see again
5	3092	预测	yùcè	to forecastto predict
5	3096	固定	gùdìng	to fixto fastento set rigidly in placefixed
5	3096	勇气	yǒngqì	courage
5	3097	注册	zhùcè	to registerto enroll
5	3104	果然	guǒrán	reallysure enoughas expectedif indeed
5	3108	位于	wèiyú	to be located atto be situated atto lie
5	3112	静	jìng	stillcalmquietnot moving
5	3118	摇	yáo	to shaketo rockto rowto crank
5	3122	需求	xūqiú	requirementto require(economics) demand
5	3124	展现	zhǎnxiàn	to unfold before one's eyes, to emerge, to reveal, to display
5	3133	培养	péiyǎng	to cultivateto breedto fosterto nurture
5	3136	平静	píngjìng	calm, tranquil, serene
5	3136	谈话	tánhuà	to talk (with sb)to have a conversationtalkconversation
5	3137	平安	píng'ān	safe and soundwellwithout mishapquiet and safe
5	3138	传说	chuánshuō	legend, folk taleto repeat from mouth to mouth, they say that
5	3149	环节	huánjié	(zoology) segment (of the body of a worm, centipede etc)(fig.) a part of an integrated whole: aspect (of a project), element (of a policy), sector (of the economy), stage (of a process) etc
5	3151	转变	zhuǎnbiàn	to changeto transformshifttransformation
5	3155	至今	zhìjīn	so farto this dayuntil now
5	3156	无数	wúshù	countlessnumberlessinnumerable
5	3157	后果	hòuguǒ	consequences, aftermath
5	3158	打破	dǎpò	to break, to smash
5	3160	违反	wéifǎn	to violate (a law)
5	3164	全力	quánlì	with all one's strengthfull strengthall-out (effort)fully (support)
5	3169	石头	shítou	stone
5	3176	主持	zhǔchí	to take charge ofto manage or directto preside overto uphold
5	3178	关闭	guānbì	to close, to shut (a window etc)(of a shop, school etc) to shut down
5	3178	软	ruǎn	softflexible
5	3182	访问	fǎngwèn	to visit, to call on (a person or place)(computing) to visit (a website), to access (a network resource etc)(Tw) to interview (e.g. for a report or feature story)
5	3185	签名	qiānmíng	to sign (one's name with a pen etc)to autographsignature
5	3190	先进	xiānjìn	sophisticated, advanced (technology etc)meritorious, exemplary (deeds etc)
5	3191	摄影	shèyǐng	to take a photographphotographyto shoot (a movie)
5	3196	交换	jiāohuàn	to exchangeto swapto switch (telecom)commutative (math)
5	3196	描述	miáoshù	to describedescription
5	3198	今日	jīnrì	today
5	3211	挡	dǎng	to resistto obstructto hinderto keep off
5	3211	届	jiè	classifier for events, meetings, elections, sporting fixtures, years (of graduation)to arrive at (place or time)periodto become due
5	3212	认	rèn	to recognizeto knowto admit
5	3215	亿	yì	100 million
5	3230	在场	zàichǎng	to be present, to be on the scene
5	3233	敏感	mǐngǎn	sensitivesusceptible
5	3235	运气	yùnqi	luck (good or bad)
5	3240	玩具	wánjù	playthingtoy
5	3244	防止	fángzhǐ	to preventto guard againstto take precautions
5	3247	年纪	niánjì	age
5	3247	设置	shèzhì	to set up, to install
5	3247	智慧	zhìhuì	wisdom, intelligence
5	3249	含	hán	to keep in the mouthto contain
5	3254	采用	cǎiyòng	to adoptto employto use
5	3257	夫妇	fūfù	a (married) couplehusband and wife
5	3263	摔	shuāi	to throw downto fallto drop and break
5	3266	沟通	gōutōng	to join, to connect, to link upto communicate
5	3266	手指	shǒuzhǐ	finger
5	3269	结论	jiélùn	conclusionverdictto concludeto reach a verdict
5	3275	提升	tíshēng	to promote (to a higher-ranking position)to lift, to hoist(fig.) to elevate, to raise, to improve
5	3282	化学	huàxué	chemistrychemical
5	3282	总之	zǒngzhī	in a wordin shortin brief
5	3289	地面	dìmiàn	floorgroundsurface
5	3292	天空	tiānkōng	sky
5	3308	统一	tǒngyī	to unify, to integrateunified, integrated
5	3310	制度	zhìdù	system (e.g. political, adminstrative etc)institution
5	3312	绕	rào	to windto coil (thread)to rotate aroundto spiral
5	3314	玉米	yùmǐ	cornmaize
5	3316	工业	gōngyè	industry
5	3318	身材	shēncái	staturebuild (height and weight)figure
5	3321	设施	shèshī	facilitiesinstallation
5	3323	腰	yāo	the waist and lower back(bound form) kidney of an animal (as food)the waist of trousers or a skirt(metonym) money pouch, pocket
5	3331	抱怨	bàoyuàn	to complainto grumbleto harbor a complaintto feel dissatisfied
5	3339	从事	cóngshì	to engage into go forto undertaketo deal with
5	3342	无关	wúguān	unrelatedhaving nothing to do (with sth else)
5	3344	义务	yìwù	duty, obligationvolunteer (work etc)
5	3345	奇迹	qíjì	miracle, wonder, marvel
5	3345	运用	yùnyòng	to useto put to use
5	3347	逐渐	zhújiàn	gradually
5	3357	动手	dòngshǒu	to set about (a task)to raise a hand to hit sbto touch, to handle (typically used in cautioning sb *not* to touch sth)
5	3359	靠近	kàojìn	to be close toto approach, to draw near
5	3364	制定	zhìdìng	to draw up, to formulate
5	3369	沉默	chénmò	silenttaciturnuncommunicative
5	3374	直播	zhíbō	(TV, radio) to broadcast livelive broadcast(Internet) to livestream(agriculture) direct seeding
5	3375	独特	dútè	unique, distinctive
5	3391	应当	yīngdāng	should, ought to
5	3393	罚	fá	to punish, to penalize, to fine
5	3394	交往	jiāowǎng	to associate (with)to have contact (with)to hang out (with)to date
5	3398	各自	gèzì	eachrespectiveapiece
5	3403	糟糕	zāogāo	too badhow terriblewhat bad luckterrible
5	3417	空中	kōngzhōng	in the skyin the air
5	3426	连接	liánjiē	to link, to join, to connect
5	3431	药品	yàopǐn	medicamentsmedicinedrug
5	3433	影片	yǐngpiàn	a copy of a filmfilm, motion picture, movie(Tw) video, video clip
5	3439	拆	chāi	to tear opento tear downto tear apartto open
5	3442	退休	tuìxiū	to retire (from the workforce), to go into retirement
5	3444	此时	cǐshí	nowthis moment
5	3444	当作	dàngzuò	to treat asto regard as
5	3448	成果	chéngguǒ	resultachievementgainprofit
5	3448	蛇	shé	snakeserpent
5	3450	眼泪	yǎnlèi	tear, teardrop
5	3453	画面	huàmiàn	scenetableaupictureimage
5	3458	精力	jīnglì	energy
5	3463	隔	gé	to separateto partitionto stand or lie betweenat a distance from
5	3464	等于	děngyú	to equalto be tantamount to
5	3465	概念	gàiniàn	conceptidea
5	3466	周年	zhōunián	anniversaryannual
5	3471	宽	kuān	widebroadlooserelaxed
5	3473	统计	tǒngjì	statisticsto countto add up
5	3475	创作	chuàngzuò	to create, to produce, to writea creative work, a creation
5	3477	本地	běndì	localthis locality
5	3478	大脑	dànǎo	braincerebrum
5	3486	据说	jùshuō	it is said that, reportedly
5	3490	自身	zìshēn	itselfoneselfone's own
5	3497	特征	tèzhēng	characteristicdiagnostic propertydistinctive featuretrait
5	3502	去世	qùshì	to pass awayto die
5	3503	大事	dàshì	major eventmajor political event (war or change of regime)major social event (wedding or funeral)(do sth) in a big way
5	3513	平均	píngjūn	average, on averageevenly, in equal proportions
5	3513	县	xiàn	county(Japan) prefecture
5	3515	询问	xúnwèn	to inquire, to ask about
5	3523	事物	shìwù	thing, object
5	3526	演讲	yǎnjiǎng	to give a lecture, to make a speech
5	3538	屏幕	píngmù	screen (TV, computer or movie)
5	3539	软件	ruǎnjiàn	software
5	3552	严肃	yánsù	(of an atmosphere etc) solemn, grave, serious(of a manner etc) earnest, severe, exactingto strictly enforce
5	3554	负担	fùdān	burdento bear (an expense, a responsibility etc)
5	3559	否认	fǒurèn	to declare to be untrueto deny
5	3562	肌肉	jīròu	muscleflesh
5	3562	随后	suíhòu	afterward, later, subsequently, following that
5	3563	安慰	ānwèi	to comfort, to console
5	3578	过分	guòfèn	excessive, undueunduly, overly
5	3585	升级	shēngjí	to go up by one grade, to be promotedto escalate (in intensity)(computing) to upgrade
5	3588	加速	jiāsù	to accelerate, to speed up, to expedite
5	3594	人体	réntǐ	human body
5	3595	反而	fǎn'ér	on the contrary, instead
5	3605	体会	tǐhuì	to know from experienceto learn through experienceto realizeunderstanding
5	3619	培训	péixùn	to trainto cultivateto groomtraining
5	3627	税	shuì	taxesduties
5	3634	独自	dúzì	alone
5	3635	扩大	kuòdà	to expandto enlargeto broaden one's scope
5	3651	推进	tuījìn	to push onto impelto carry forwardto advance
5	3653	安装	ānzhuāng	to installto erectto fixto mount
5	3653	搜	sōu	to search
5	3665	大众	dàzhòng	the massesthe great bulk of the populationpopular (of music, science etc)
5	3671	假如	jiǎrú	if
5	3673	相对	xiāngduì	relativelyoppositeto resistto oppose
5	3674	改善	gǎishàn	to make better, to improve
5	3677	拥抱	yōngbào	to embraceto hug
5	3679	晒	shài	(of the sun) to shine onto bask in (the sunshine)to dry (clothes, grain etc) in the sun(fig.) to expose and share (one's experiences and thoughts) on the Web (loanword from "share")
5	3682	计算机	jìsuànjī	computer(Tw) calculator
5	3692	房屋	fángwū	housebuilding
5	3694	纪录	jìlù	to recordrecord (written account)note-takerrecord (in sports etc)
5	3710	农民	nóngmín	peasant, farmer
5	3721	买卖	mǎimài	to buy and sell
5	3741	形势	xíngshì	circumstancessituationterrain
5	3745	劝	quàn	to adviseto urgeto try to persuadeto exhort
5	3758	出售	chūshòu	to sellto offer for saleto put on the market
5	3767	总部	zǒngbù	headquarters
5	3769	分离	fēnlí	to separate
5	3770	运输	yùnshū	to transportto carrytransportation
5	3773	扇	shàn	fansliding, hinged or detachable flat part of sthclassifier for doors, windows etc
5	3773	扇	shān	to fan, to slapto slap sb on the face
5	3776	利润	lìrùn	profits
5	3782	堵	dǔ	to block up (a road, pipe etc)to stop up (a hole)(fig.) (of a person) choked up with anxiety or stresswall (literary)
5	3787	珍惜	zhēnxī	to treasureto valueto cherish
5	3790	传播	chuánbō	to disseminate, to propagate, to spread
5	3794	匹	pǐ	classifier for horses, mules etc(bound form) matching, comparable to(bound form) alone, single, one of a pairclassifier for cloth: bolt
5	3794	随意	suíyì	as one wishesaccording to one's wishesat willvoluntary
5	3798	好奇	hàoqí	inquisitivecuriousinquisitivenesscuriosity
5	3804	集体	jítǐ	collective (decision)joint (effort)a groupa team
5	3808	预计	yùjì	to forecastto predictto estimate
5	3809	收获	shōuhuò	to harvestto reapto gaincrop
5	3810	装饰	zhuāngshì	to decoratedecorationdecorativeornamental
5	3812	锅	guō	pot, pan, wok, cauldronpot-shaped thing
5	3823	太太	tàitai	married womanMrsMadamwife
5	3836	轻易	qīngyì	easy, simplerashly, offhandedly
5	3839	强调	qiángdiào	to emphasize (a statement)to stress
5	3841	丑	chǒu	uglyshamefuldisgraceful
5	3851	分配	fēnpèi	to distributeto assignto allocateto partition (a hard drive)
5	3852	账户	zhànghù	(bank, computer etc) account
5	3853	当成	dàngchéng	to consider as, to take to be
5	3864	适当	shìdàng	suitable, appropriate
5	3867	如同	rútóng	likeas
5	3871	提起	tíqǐ	to mention, to bring up(lit. and fig.) to lift, to raiseto initiate (legal proceedings)
5	3871	修改	xiūgǎi	to amendto alterto modify
5	3883	冻	dòng	to freezeto feel very coldaspic or jelly
5	3885	要不	yàobù	otherwiseor elsehow about...?either... (or...)
5	3889	辞职	cízhí	to resign
5	3894	遵守	zūnshǒu	to comply with, to abide by, to respect (an agreement)
5	3896	抓紧	zhuājǐn	to keep a firm grip onto pay close attention toto lose no time in (doing sth)
5	3898	相处	xiāngchǔ	to be in contact (with sb)to associateto interactto get along (well, poorly)
5	3900	建造	jiànzào	to construct, to build
5	3914	反映	fǎnyìng	to mirrorto reflectmirror imagereflection
5	3914	思维	sīwéi	(line of) thought, thinking
5	3916	保存	bǎocún	to conserve, to preserve, to keep, to store, (computing) to save (a file etc)
5	3918	饼	bǐng	round flat cakecookiecakepastry
5	3920	阵	zhèn	classifier for events or states of short durationdisposition of troopswavespate
5	3938	地震	dìzhèn	earthquake
5	3940	电视台	diànshìtái	television station
5	3943	发明	fāmíng	to inventan invention
5	3944	疼痛	téngtòng	pain(of a body part) to be painful, to be sore, to hurt(of a person) to be in pain
5	3952	返回	fǎnhuí	to return toto come (or go) back
5	3964	玫瑰	méiguī	rose flowerrugosa rose (shrub) (Rosa rugosa)
5	3967	过度	guòdù	excessiveover-excessgoing too far
5	3969	挥	huī	to waveto brandishto commandto conduct
5	3980	突出	tūchū	prominentoutstandingto give prominence toto protrude
5	3988	富有	fùyǒu	rich, wealthy, affluentto be rich in, to be replete with
5	3988	减肥	jiǎnféi	to lose weight
5	3997	电池	diànchí	battery, electric cell
5	4002	乐观	lèguān	optimistic, hopeful
5	4005	产业	chǎnyè	industryestatepropertyindustrial
5	4020	涨	zhǎng	to rise (of prices, rivers)
5	4022	热烈	rèliè	enthusiasticardentwarm
5	4023	吨	dūn	ton (loanword)
5	4023	居住	jūzhù	to resideto dwellto live in a placeresident in
5	4024	相似	xiāngsì	similar, alike
5	4026	担任	dānrèn	to hold a governmental office or postto assume office ofto take charge ofto serve as
5	4029	广	guǎng	widenumerousto spread
5	4045	宿舍	sùshè	dormitorydorm roomliving quartershostel
5	4070	线路	xiànlù	(electricity) line, circuit, wire(traffic) road, track, route
5	4077	沉	chén	to submergeto immerseto sinkto keep down
5	4078	善良	shànliáng	good and honestkindhearted
5	4079	可靠	kěkào	reliable
5	4081	其余	qíyú	the restthe othersremainingremainder
5	4088	规模	guīmó	scale, scope, extent
5	4092	决心	juéxīn	determinationresolutiondeterminedfirm and resolute
5	4094	乡村	xiāngcūn	countrysiderusticvillage
5	4100	捡	jiǎn	to pick up, to collect, to gather
5	4103	蔬菜	shūcài	vegetables
5	4106	哪怕	nǎpà	eveneven ifeven thoughno matter how
5	4107	补充	bǔchōng	to replenishto supplementto complementadditional
5	4111	伙	huǒ	companionpartnergroupclassifier for groups of people
5	4118	最初	zuìchū	firstprimaryinitialoriginal
5	4119	克服	kèfú	(try to) overcome (hardships etc)to conquerto put up withto endure
5	4129	薄	báo	thincold in mannerindifferentweak
5	4138	装修	zhuāngxiū	to decorateinterior decorationto fit upto renovate
5	4140	填	tián	to fill or stuff(of a form etc) to fill in
5	4143	成分	chéngfèn	composition, ingredient, element, componentone's social status
5	4145	同一	tóngyī	identical, the same
5	4146	召开	zhàokāi	to convene (a conference or meeting)to convoketo call together
5	4159	有限	yǒuxiàn	limited, finite
5	4167	代替	dàitì	to replace, to take the place of
5	4170	过于	guòyú	excessively, too
5	4172	有利	yǒulì	advantageous, favorable
5	4179	博物馆	bówùguǎn	museum
5	4185	热爱	rè'ài	to love ardentlyto adore
5	4185	体现	tǐxiàn	to embodyto reflectto incarnate
5	4189	生长	shēngzhǎng	to growto grow upto be brought up
5	4207	论文	lùnwén	papertreatisethesisto discuss a paper or thesis (old)
5	4212	半夜	bànyè	midnightin the middle of the night
5	4212	特色	tèsè	a characteristic, a distinctive feature or quality
5	4213	用户	yònghù	userconsumersubscribercustomer
5	4223	从而	cóng'ér	thus, thereby
5	4225	整体	zhěngtǐ	whole, entiretyoverall, whole, generalon the whole, overall
5	4226	综合	zōnghé	comprehensivecompositesynthesizedmixed
5	4235	形容	xíngróng	to describe(literary) countenance, appearance
5	4242	列车	lièchē	(railway) train
5	4256	吸收	xīshōu	to absorbto assimilateto ingestto recruit
5	4264	迎接	yíngjiē	to welcome, to greet
5	4265	改进	gǎijìn	to improve, to make betterimprovement
5	4270	舒适	shūshì	cozysnug
5	4276	建设	jiànshè	to build, to construct, to establish, to develop, to institute
5	4277	文学	wénxué	literature
5	4278	美味	měiwèi	deliciousdelicious fooddelicacy
5	4286	仿佛	fǎngfú	to seem, as if, seeminglyalike, similar
5	4288	不利	bùlì	unfavorabledisadvantageousharmfuldetrimental
5	4288	漏	lòu	to leakto divulgeto leave out by mistakewaterclock or hourglass (old)
5	4295	难度	nándù	degree of difficulty
5	4310	铁路	tiělù	railroadrailway
5	4325	目光	mùguāng	gaze, (fig.) attentionexpression in one's eyes, look(lit. and fig.) sight, vision
5	4332	雾	wù	fogmist
5	4337	伸	shēn	to stretchto extend
5	4350	有力	yǒulì	powerfulforcefulvigorous
5	4355	穷	qióng	poordestituteto use upto exhaust
5	4365	奋斗	fèndòu	to strive, to struggle
5	4371	约定	yuēdìng	to agree on sth (after discussion)to conclude a bargainto arrangeto promise
5	4372	技能	jìnéng	technical abilityskill
5	4382	消费	xiāofèi	to consume (goods and services, resources etc)
5	4383	实行	shíxíng	to implementto carry outto put into practice
5	4394	打扮	dǎban	to dress upto decorateto dressto make up
5	4402	乐趣	lèqù	delight, pleasure, joy
5	4410	知名	zhīmíng	well-known, famous
5	4450	裁判	cáipàn	(sports) umpire, referee, judge(law) to judge, to adjudicate, verdict, judgement(sports) to referee
5	4450	从不	cóngbù	never
5	4452	渐渐	jiànjiàn	gradually
5	4455	口味	kǒuwèi	a person's preferencestastes (in food)flavor
5	4462	具备	jùbèi	to possessto haveequipped withable to fulfill (conditions or requirements)
5	4464	姿势	zīshì	postureposition
5	4471	增强	zēngqiáng	to increaseto strengthen
5	4482	谨慎	jǐnshèn	cautiousprudent
5	4486	握	wò	to hold, to graspto clench (one's fist)(bound form) to have in one's controlclassifier: a handful
5	4488	尽力	jìnlì	to strive one's hardest, to spare no effort
5	4488	陌生	mòshēng	strange, unfamiliar
5	4498	新娘	xīnniáng	bride
5	4500	车祸	chēhuò	traffic accident, car crash
5	4500	扶	fú	to support with the handto help sb upto support oneself by holding onto somethingto help
5	4502	下载	xiàzǎi	to download
5	4508	维修	wéixiū	maintenance (of equipment)to protect and maintain
5	4509	整整	zhěngzhěng	wholefull
5	4510	构成	gòuchéng	to constituteto formto composeto make up
5	4512	口袋	kǒudài	pocketbag, sack
5	4514	不良	bùliáng	bad, harmful, unhealthy(of a device, connection, material etc) defective, faulty
5	4514	无限	wúxiàn	unlimitedunbounded
5	4527	发言	fāyán	to make a speechstatementutterance
5	4527	真诚	zhēnchéng	sincere, genuine, true
5	4529	前来	qiánlái	to come (formal)beforepreviously
5	4530	平台	píngtái	platformterraceflat-roofed building
5	4533	依据	yījù	according tobasisfoundation
5	4542	挣	zhèng	to make (money)to struggle to get freeto strive to acquire
5	4558	观念	guānniàn	notionthoughtconceptsense
5	4565	催	cuī	to urgeto pressto promptto rush sb
5	4565	大胆	dàdǎn	boldbrazenaudaciousoutrageous
5	4569	改革	gǎigé	reformto reform
5	4576	嘴巴	zuǐba	mouthslap in the face
5	4582	留言	liúyán	to leave a message, to leave one's commentsmessage
5	4591	告别	gàobié	to leave, to part fromto bid farewell to, to say goodbye to
5	4599	秘书	mìshū	secretary
5	4602	捐	juān	to contribute, to donateto relinquish, to abandon(bound form) tax, levy
5	4607	卧室	wòshì	bedroom
5	4607	众多	zhòngduō	numerous
5	4614	失误	shīwù	lapsemistaketo make a mistakefault
5	4617	含量	hánliàng	contentquantity contained
5	4624	燃烧	ránshāo	to igniteto combustto burncombustion
5	4626	反复	fǎnfù	repeatedlyover and overto upendunstable
5	4626	牙齿	yáchǐ	toothdental
5	4627	极其	jíqí	extremely
5	4630	尊敬	zūnjìng	to respect, to revere, to esteemhonorable, distinguished (used on formal occasions before a term of address)
5	4634	包装	bāozhuāng	to wrap, to package (goods etc)packaging, packing materials(fig.) to present attractively, to craft an image, to package (sb or sth)
5	4644	开通	kāitōng	to open (a new road or railway line), to set up (a hotline), to launch (a service), to subscribe to (a members-only service)
5	4648	宠物	chǒngwù	house pet
5	4648	增	zēng	(bound form) to increase, to augment, to add to
5	4649	四处	sìchù	all over the placeeverywhere and all directions
5	4665	同情	tóngqíng	to sympathize withsympathy
5	4668	病情	bìngqíng	state of an illnesspatient's condition
5	4677	说不定	shuōbudìng	can't say for suremaybe
5	4680	场所	chǎngsuǒ	locationplace
5	4696	挑选	tiāoxuǎn	to chooseto select
5	4698	成本	chéngběn	(manufacturing, production etc) costs
5	4699	亲人	qīnrén	one's close relatives
5	4715	早已	zǎoyǐ	for a long time, long since(dialect) in the past
5	4716	睡眠	shuìmián	sleepto sleep(computing) to enter sleep mode
5	4723	比例	bǐlì	proportionscale
5	4724	输入	shūrù	to importto input
5	4731	灯光	dēngguāng	(stage) lightinglight
5	4732	色彩	sècǎi	tint, coloring, coloration(fig.) flavor, character
5	4748	劳动	láodòng	worktoilphysical labor
5	4749	创新	chuàngxīn	to bring forth new ideas, to blaze new trailsinnovation
5	4757	事先	shìxiān	in advancebefore the eventbeforehandprior
5	4758	失业	shīyè	unemploymentto lose one's job
5	4758	无效	wúxiào	not validineffectivein vain
5	4772	哎呀	āiyā	interjection of wonder, shock or admiration
5	4775	新人	xīnrén	newcomer, new recruit, fresh talentnewlywed, esp. new bridenewlywed couple, bride and groom(paleoanthropology) later-period Homo sapiens
5	4782	刚好	gānghǎo	justexactlyto happen to be
5	4786	规律	guīlǜ	regular patternrule (e.g. of science)law of behaviorrhythm
5	4791	待遇	dàiyù	treatmentpaysalarystatus
5	4795	比分	bǐfēn	score (of a game or competition)
5	4795	淡	dàn	insipiddilutedweakmild
5	4808	上下	shàngxià	the top and bottom of sththe full vertical extent of sth, from top to bottomto go up and downbefore and after
5	4843	物理	wùlǐ	physicsphysical, relating to the material world
5	4844	机器人	jīqìrén	robot, android
5	4857	前途	qiántú	prospectsfuture outlookjourney
5	4865	营养	yíngyǎng	nutritionnourishment
5	4892	说服	shuōfú	to persuadeto convinceto talk sb over
5	4920	朵	duǒ	classifier for flowers, clouds etcflowerearlobefig. item on both sides
5	4923	成人	chéngrén	an adultto reach adulthood
5	4925	距	jù	to be at a distance of ... from, to be apart from(bound form) distancespur (on the leg of certain birds: gamecock, pheasant etc)
5	4939	汽油	qìyóu	gasoline
5	4948	传递	chuándì	to transmit, to pass on to sb else(math.) transitive
5	4948	浓	nóng	concentrateddensestrong (smell etc)
5	4966	毛病	máobìng	faultdefectshortcomingsailment
5	4970	沿	yán	alongto follow (a line, tradition etc)to carry onto trim (a border with braid, tape etc)
5	4974	逻辑	luóji	(loanword) logic
5	4977	脸色	liǎnsè	complexionlook
5	4978	用品	yòngpǐn	articles for useproductsgoods
5	4999	擅长	shàncháng	to be good at, to be expert in
5	5002	兔子	tùzi	harerabbit
5	5007	弯	wān	to bendbenta bend, a turn (in a road etc)
5	5020	忽视	hūshì	to neglect, to overlook, to disregard, to ignore
5	5024	密切	mìqiè	close, intimateto strengthen (ties, cooperation etc)closely, intently, carefully(math.) to osculate
5	5028	哲学	zhéxué	philosophy
5	5030	光明	guāngmíng	lightradiance(fig.) bright (prospects etc)openhearted
5	5047	嘉宾	jiābīn	esteemed guesthonored guestguest (on a show)
5	5049	象征	xiàngzhēng	symbol, emblemto symbolize, to signify, to represent
5	5057	小型	xiǎoxíng	small scalesmall size
5	5084	本质	běnzhì	essencenatureinnate characterintrinsic quality
5	5085	提问	tíwèn	to question, to quiz, to grill
5	5087	录取	lùqǔ	to accept an applicant (prospective student, employee etc) who passes an entrance examto admit (a student)to hire (a job candidate)
5	5099	浅	qiǎn	shallowlight (color)
5	5102	犹豫	yóuyù	to hesitate
5	5107	实践	shíjiàn	practiceto put into practiceto live up to (a promise)to carry out (a project)
5	5108	当前	dāngqián	the present timeto be faced with
5	5108	好转	hǎozhuǎn	to improveto take a turn for the betterimprovement
5	5122	早期	zǎoqī	early period, early phase, early stage
5	5125	难得	nándé	seldomrarehard to come by
5	5134	讲述	jiǎngshù	to talk about, to narrate, to give an account
5	5145	从前	cóngqián	previouslyformerlyonce upon a time
5	5170	大厦	dàshà	large building(used in the names of grand buildings such as Broadway Mansions (in Shanghai) or Empire State Building etc)
5	5173	损害	sǔnhài	harmto damageto impair
5	5177	品质	pǐnzhì	characterintrinsic quality (of a person)quality (of a product or service, or as in "quality of life", "air quality" etc)
5	5179	设立	shèlì	to set up, to establish
5	5185	预防	yùfáng	to preventto take precautions againstto protectto guard against
5	5188	效率	xiàolǜ	efficiency
5	5196	情景	qíngjǐng	scene, spectaclecircumstances, situation
5	5199	必然	bìrán	inevitablecertainnecessity
5	5205	珍贵	zhēnguì	precious
5	5207	赔	péi	to compensate for lossto indemnifyto suffer a financial loss
5	5217	摘	zhāi	to take, to pick (flowers, fruit etc), to pluck, to remove, to take off (glasses, hat etc)to select, to pick outto borrow money at a time of urgent need
5	5219	写作	xiězuò	to writeto composewritingwritten works
5	5221	商人	shāngrén	merchantbusinessman
5	5229	糟	zāo	in a mess, baddregsdraffpickled in wine
5	5236	业余	yèyú	in one's spare timeoutside working hoursamateur (historian etc)
5	5241	学者	xuézhě	scholar
5	5243	古老	gǔlǎo	ancientoldage-old
5	5260	对比	duìbǐ	to contrastcontrastratio
5	5260	危害	wēihài	to harm, to jeopardize, to endangerharmful effect, damage
5	5265	手续	shǒuxù	procedureformalities
5	5266	季度	jìdù	quarter of a yearseason (sports)
5	5269	四周	sìzhōu	all around
5	5276	休闲	xiūxián	leisurerelaxationnot workingidle
5	5289	签字	qiānzì	to sign (one's name)signature
5	5290	戏剧	xìjù	a drama, a play, theaterscript of a play
5	5297	围绕	wéirào	to revolve aroundto center on (an issue)
5	5311	在内	zàinèi	(included) in itamong them
5	5320	缩小	suōxiǎo	to reduce, to decrease, to shrink
5	5329	含有	hányǒu	to containincluding
5	5343	偶然	ǒurán	incidentallyoccasionaloccasionallyby chance
5	5343	掌声	zhǎngshēng	applause
5	5350	接收	jiēshōu	reception (of transmitted signal)to receiveto acceptto admit
5	5365	种子	zhǒngzi	seed
5	5378	模糊	móhu	vague, indistinct, fuzzyto blur, to obscure, to confuse, to mix up
5	5380	差别	chābié	difference, distinction, disparity
5	5381	赞成	zànchéng	to approve of, to agree with(literary) to help bring about
5	5383	更新	gēngxīn	to replace the old with newto renewto renovateto upgrade
5	5395	复制	fùzhì	to duplicateto make a copy ofto copyto reproduce
5	5399	消化	xiāohuà	to digest (food)(fig.) to absorb (information etc), to assimilate, to process
5	5402	录音	lùyīn	to record soundan audio recording
5	5407	接待	jiēdài	to receive, to entertain, to host (guests, visitors or clients)
5	5417	推动	tuīdòng	to push (e.g. for acceptance of a plan), to promote, to give impetus to
5	5419	疑问	yíwèn	questioninterrogationdoubt
5	5429	适用	shìyòng	to be applicable
5	5432	包裹	bāoguǒ	parcelto wrap upto bind upbundle
5	5438	键	jiàn	key (on a piano or computer keyboard)button (on a mouse or other device)chemical bondlinchpin
5	5440	闲	xián	idleenclosureunoccupiedleisure
5	5447	客观	kèguān	objectiveimpartial
5	5447	善于	shànyú	to be good at, to be adept at
5	5460	发起	fāqǐ	to originateto initiateto launch (an attack, an initiative etc)to start
5	5484	应用	yìngyòng	to put to use, to applypractical, applied (science, linguistics etc)application, practical use(computing) app
5	5505	花费	huāfèi	expensecostto spend (time or money)expenditure
5	5510	鼓	gǔ	drumto drumto striketo rouse
5	5520	大多	dàduō	for the most partmanymostthe greater part
5	5523	歌词	gēcí	song lyriclyrics
5	5524	包含	bāohán	to containto embodyto include
5	5527	过敏	guòmǐn	(medicine) allergic, hypersensitive(fig.) oversensitive, prone to overreact
5	5540	现状	xiànzhuàng	current situation
5	5571	集合	jíhé	to gather, to assemble(math.) set
5	5572	宝贵	bǎoguì	valuablepreciousto valueto treasure
5	5578	进口	jìnkǒu	to importimportedentranceinlet (for the intake of air, water etc)
5	5605	工程师	gōngchéngshī	engineer
5	5611	土豆	tǔdòu	potato(Tw) peanut
5	5620	展览	zhǎnlǎn	to put on displayto exhibitexhibitionshow
5	5632	流感	liúgǎn	flu, influenza
5	5640	行驶	xíngshǐ	to travel along a route (of vehicles etc)
5	5642	超出	chāochū	to exceedto overstepto go too farto encroach
5	5648	饮食	yǐnshí	eating and drinkingfood and drink, diet
5	5649	脚步	jiǎobù	footstepstep
5	5660	完善	wánshàn	(of systems, facilities etc) comprehensivewell-developedexcellentto refine
5	5675	猴子	hóuzi	monkey
5	5677	陪伴	péibàn	to accompany
5	5682	参考	cānkǎo	referenceconsultationto consultto refer
5	5709	志愿者	zhìyuànzhě	volunteer
5	5719	泪	lèi	(bound form) tears, teardrops
5	5720	重量	zhòngliàng	weight
5	5722	缓解	huǎnjiě	to bring reliefto alleviate (a crisis)to dull (a pain)
5	5745	货物	huòwù	goodscommoditymerchandise
5	5755	群体	qúntǐ	communitycolony
5	5763	发达	fādá	well-developed, flourishingto develop, to promote, to expand(literary) to achieve fame and fortune, to prosper
5	5768	提交	tíjiāo	to submit (a report etc)to refer (a problem) to sb
5	5772	人工	réngōng	artificialmanpowermanual work
5	5789	共享	gòngxiǎng	to shareto enjoy together
5	5789	信用	xìnyòng	trustworthiness(commerce) credit(literary) to trust and appoint
5	5793	乡	xiāng	country or countrysidenative placehome village or towntownship (PRC administrative unit)
5	5808	天上	tiānshàng	the sky, the heavens
5	5810	商务	shāngwù	commercial affairscommercialcommercebusiness
5	5818	回收	huíshōu	to recycleto reclaimto retrieveto recover
5	5824	沙漠	shāmò	desert
5	5825	存款	cúnkuǎn	to deposit money (in a bank etc)bank savingsbank deposit
5	5826	语气	yǔqì	tonemanner of speakingmood
5	5839	形状	xíngzhuàng	form, shape
5	5844	短期	duǎnqī	short-term
5	5852	深度	shēndù	depth(of a speech etc) profundityadvanced stage of development
5	5874	了不起	liǎobuqǐ	amazingterrificextraordinary
5	5875	停留	tíngliú	to stay somewhere temporarilyto stop over
5	5893	幼儿园	yòu'éryuán	kindergartennursery school
5	5923	删	shān	to delete
5	5928	延长	yáncháng	to prolongto extendto delay
5	5960	如下	rúxià	as follows
5	5967	外婆	wàipó	(coll.) mother's mothermaternal grandmother
5	5972	飞行员	fēixíngyuán	pilotaviator
5	5991	便利	biànlì	convenienteasyto facilitate
5	6022	盆	pén	basinflower potunit of volume equal to 12 and 8, approx 128 liters
5	6022	实习	shíxí	to practicefield workto interninternship
5	6027	性质	xìngzhì	naturecharacteristic
5	6036	大力	dàlì	energetically, vigorously
5	6041	开展	kāizhǎn	to launchto developto unfold(of an exhibition etc) to open
5	6046	神话	shénhuà	legendfairy talemythmythology
5	6061	紫	zǐ	purpleviolet
5	6069	长久	chángjiǔ	long-time, long-termlasting, enduring, permanentfor a long time
5	6093	推广	tuīguǎng	to extendto spreadto popularizegeneralization
5	6105	营业	yíngyè	to do businessto trade
5	6123	古代	gǔdài	ancient times
5	6125	中华民族	Zhōnghuámínzú	the Chinese nationthe Chinese people (collective reference to all the ethnic groups in China)
5	6128	紧密	jǐnmì	inseparably close
5	6132	铃	líng	(small) bell
5	6132	体力	tǐlì	physical strengthphysical power
5	6155	农业	nóngyè	agriculturefarming
5	6165	视为	shìwéi	to view asto see asto consider to beto deem
5	6166	诗人	shīrén	poetbard
5	6207	打断	dǎduàn	to interruptto break offto break (a bone)
5	6215	洒	sǎ	to sprinkleto sprayto spillto shed
5	6221	语音	yǔyīn	speech soundspronunciationcolloquial (rather than literary) pronunciation of a Chinese characterphonetic
5	6231	注重	zhùzhòng	to pay attention toto emphasize
5	6232	夜间	yèjiān	nighttimeevening or night (e.g. classes)
5	6239	有助于	yǒuzhùyú	to contribute to, to promote
5	6248	等候	děnghòu	to waitto wait for
5	6252	面积	miànjī	area (of a floor, piece of land etc)surface areatract of land
5	6265	桃	táo	peach
5	6274	用力	yònglì	to exert oneself physically
5	6278	广泛	guǎngfàn	wide, broad, extensive, widespread
5	6281	拨打	bōdǎ	to callto dial
5	6286	加工	jiāgōng	to processprocessingworking (of machinery)
5	6301	行程	xíngchéng	journey, travel route, itinerarydistance of travelcourse (of history)stroke (of a piston)
5	6306	手套	shǒutào	glovemitten
5	6332	品种	pǐnzhǒng	breedvariety
5	6338	记载	jìzǎi	to write downto recordwritten account
5	6355	悄悄	qiāoqiāo	quiet, making little or no noisesurreptitious, stealthyanxious, worried
5	6358	差距	chājù	disparity, gap
5	6369	总共	zǒnggòng	altogether, in sum, in all, in total
5	6379	粮食	liángshi	foodstuffcereals
5	6390	证书	zhèngshū	credentialscertificate
5	6407	豆腐	dòufu	tofubean curd
5	6415	促进	cùjìn	to promote (an idea or cause), to advance, boost
5	6422	病房	bìngfáng	ward (of a hospital)sickroom
5	6428	研发	yánfā	research and developmentto develop
5	6433	西装	xīzhuāng	suitWestern-style clothes
5	6443	优惠	yōuhuì	discount (price)privilegefavorable (terms)preferential (treatment)
5	6456	字母	zìmǔ	letter (of the alphabet)
5	6465	忙碌	mánglù	busy, bustling
5	6466	灰色	huīsè	grayash graygrizzlypessimistic
5	6468	高档	gāodàng	superior qualityhigh gradetop grade
5	6473	束	shù	bunchto bindbundleclassifier for bunches, bundles, beams of light etc
5	6477	个别	gèbié	individually, one by onejust one or two, exceptional, rare
5	6484	蝴蝶	húdié	butterfly
5	6489	否定	fǒudìng	to negateto denyto rejectnegative (answer)
5	6489	销量	xiāoliàng	sales volume
5	6491	灵活	línghuó	flexiblenimbleagile
5	6516	分类	fēnlèi	to classify
5	6530	外部	wàibù	the outside, (attributive) externalexterior, surface
5	6543	亲切	qīnqiè	amiablecordialclose and dearfamiliar
5	6551	预订	yùdìng	to place an orderto book ahead
5	6559	充足	chōngzú	adequatesufficientabundant
5	6563	名称	míngchēng	name (of a thing)name (of an organization)
5	6564	向上	xiàngshàng	upwardupto advanceto try to improve oneself
5	6574	预约	yùyuē	bookingreservationto bookto make an appointment
5	6576	趋势	qūshì	trend, tendency
5	6580	艰苦	jiānkǔ	difficulthardarduous
5	6580	抢救	qiǎngjiù	to rescue
5	6602	名牌	míngpái	famous brandnameplatename tag
5	6605	更换	gēnghuàn	to replace (a worn-out tire etc)to change (one's address etc)
5	6608	丢失	diūshī	to lose, to misplace
5	6623	鼓掌	gǔzhǎng	to applaudto clap
5	6632	学术	xuéshù	learningscienceacademic
5	6658	近期	jìnqī	near in timein the near futurevery soonrecent
5	6677	地理	dìlǐ	geography
5	6681	翅膀	chìbǎng	wing
5	6690	阳台	yángtái	balconyporch
5	6747	名片	míngpiàn	(business) card
5	6762	评	píng	to comment, to evaluateto discussto criticizeto judge
5	6772	缓慢	huǎnmàn	slow, unhurried, sluggish
5	6775	行走	xíngzǒu	to walk
5	6845	出自	chūzì	to come from
5	6883	由此	yóucǐ	herebyfrom this
5	6892	尾巴	wěiba	tail
5	6918	罚款	fákuǎn	to finepenaltyfine (monetary)
5	6920	握手	wòshǒu	to shake hands
5	6930	租金	zūjīn	rent
5	6940	智能	zhìnéng	intelligentablesmart (phone, system, bomb etc)
5	6943	手工	shǒugōng	handworkmanual
5	6962	心态	xīntài	attitude (of the heart)state of one's psycheway of thinkingmentality
5	6976	总体	zǒngtǐ	overallcompletelytotallytotal
5	6988	登录	dēnglù	to registerto log in
5	7020	题目	tímù	subject, title, topicexercise or exam question
5	7020	应对	yìngduì	to answer, to replyto handle, to deal withresponse
5	7027	节省	jiéshěng	to savesavingto use sparinglyto cut down on
5	7051	围巾	wéijīn	scarfshawl
5	7080	光线	guāngxiàn	light raylightilluminationlighting (for a photograph)
5	7087	删除	shānchú	to deleteto cancel
5	7098	强度	qiángdù	strengthintensity
5	7116	车厢	chēxiāng	carriage
5	7116	一次性	yīcìxìng	one-off (offer)one-timesingle-usedisposable (goods)
5	7124	变动	biàndòng	to changeto fluctuatechangefluctuation
5	7134	失眠	shīmián	to suffer from insomnia
5	7139	烧烤	shāokǎo	barbecueto roast
5	7169	新型	xīnxíng	new type, new kind
5	7181	互动	hùdòng	to interactinteractive
5	7192	优美	yōuměi	gracefulfineelegant
5	7225	将近	jiāngjìn	almostnearlyclose to
5	7247	分布	fēnbù	to scatterto distributeto be distributed (over an area etc)(statistical, geographic) distribution
5	7251	必需	bìxū	to needto requireessentialindispensable
5	7283	赛场	sàichǎng	racetrackfield (for athletics competition)
5	7315	人力	rénlì	manpowerlabor power
5	7319	递	dì	to hand over, to pass on, to deliver(bound form) progressively, in the proper order
5	7321	低头	dītóu	to bow the headto yieldto give in
5	7337	子女	zǐnǚ	children, sons and daughters
5	7350	面向	miànxiàng	to face, to turn towards, geared towards, catering for, -oriented(Tw) aspect, facet
5	7354	消费者	xiāofèizhě	consumer
5	7377	种植	zhòngzhí	to plant, to grow (a crop), to cultivate
5	7400	住房	zhùfáng	housing
5	7435	台阶	táijiē	stepsflight of stepsstep (over obstacle)fig. way out of an embarrassing situation
5	7507	打听	dǎting	to ask aboutto make some inquiriesto ask around
5	7508	此后	cǐhòu	after thisafterwardshereafter
5	7509	打包	dǎbāo	to wrap, to packto put leftovers in a doggy bag for take-out(computing) to package (i.e. create an archive file)
5	7521	促使	cùshǐ	to prompt, to induce, to spur
5	7535	定期	dìngqī	at set datesat regular intervalsperiodiclimited to a fixed period of time
5	7579	动人	dòngrén	touchingmoving
5	7596	种类	zhǒnglèi	kindgenustypecategory
5	7618	老百姓	lǎobǎixìng	ordinary peoplethe "person in the street"
5	7633	有益	yǒuyì	usefulbeneficialprofitable
5	7642	户外	hùwài	outdoor
5	7649	急需	jíxū	to urgently needurgent need
5	7666	牛仔裤	niúzǎikù	jeans
5	7693	凭借	píngjiè	to rely onto depend onby means ofthanks to
5	7707	浏览	liúlǎn	to skim overto browse
5	7737	看作	kànzuò	to look upon asto regard as
5	7748	橘子	júzi	tangerine
5	7765	剧场	jùchǎng	theater
5	7766	斜	xié	inclinedslantingobliquetilting
5	7768	有害	yǒuhài	destructiveharmfuldamaging
5	7802	开业	kāiyè	to open a businessto open a practiceopen (for business)
5	7803	浇	jiāo	to pour liquidto irrigate (using waterwheel)to waterto cast (molten metal)
5	7804	图书	túshū	books (in a library or bookstore)
5	7805	生动	shēngdòng	(of descriptions, writing etc) vivid, lively
5	7812	泪水	lèishuǐ	teardroptears
5	7820	乙	yǐ	second of the ten Heavenly Stemssecond in orderletter "B" or Roman "II" in list "A, B, C", or "I, II, III" etcsecond party
5	7826	电器	diànqì	(electrical) appliancedevice
5	7831	梨	lí	pear
5	7842	步行	bùxíng	to go on footto walk
5	7849	热心	rèxīn	enthusiastic, ardent, zealous
5	7863	就业	jiùyè	to get a jobemployment
5	7880	时常	shícháng	often, frequently
5	7894	彩色	cǎisè	colormulticolored
5	7895	纷纷	fēnfēn	one after anotherin successionone by onecontinuously
5	7924	上涨	shàngzhǎng	to riseto go up
5	7926	单元	dānyuán	unit (forming an entity)element(in a residential building) entrance or staircase
5	7952	流传	liúchuán	to spread, to circulate, to hand down
5	7955	海关	hǎiguān	customs (i.e. border crossing inspection)
5	7959	消极	xiāojí	negativepassiveinactive
5	7973	简历	jiǎnlì	curriculum vitae (CV)résumébiographical notes
5	7977	自觉	zìjué	to realize, to be aware of, to feel that, to be conscious of (sth relating to oneself)responsible, predisposed to do the right thing, considerate of others
5	7983	收看	shōukàn	to watch (a TV program)
5	7991	海外	hǎiwài	overseas, abroad
5	8032	专心	zhuānxīn	to focus one's attention, to concentrate on (doing sth)
5	8047	公务员	gōngwùyuán	civil servant, public servant
5	8051	中介	zhōngjiè	to act as intermediaryto linkintermediateinter-
5	8053	看望	kànwàng	to pay a visit to, to see (sb)
5	8063	热量	rèliàng	heatquantity of heatcalorific value
5	8073	早晚	zǎowǎn	morning and evening(in reference to sth that is bound to happen) sooner or later, one of these days(coll.) (this, or that) point of time(dialect) at some time in the future
5	8080	亏	kuī	to lose (money), to have a deficitto be deficientto treat unfairlyluckily, fortunately, thanks to
5	8140	救护车	jiùhùchē	ambulance
5	8141	键盘	jiànpán	keyboard
5	8149	实用	shíyòng	practical, functional, pragmatic, applied (science)to apply in practice
5	8156	繁荣	fánróng	prosperous, booming
5	8165	册	cè	classifier for booksbookbooklet
5	8167	长度	chángdù	length
5	8179	被子	bèizi	blanket, quilt
5	8202	车库	chēkù	garage
5	8257	签订	qiāndìng	to agree to and sign (a treaty etc)
5	8262	迎	yíng	to welcome, to meetto forge ahead (esp. in the face of difficulties), to meet face to face
5	8269	鸭子	yāzi	duck(slang) male prostitute
5	8285	车主	chēzhǔ	vehicle owner
5	8287	赏	shǎng	to appreciate (beauty)to bestow (a reward)to give (to an inferior)to hand down
5	8315	引进	yǐnjìn	to introduce (from outside)to recommend
5	8340	排列	páiliè	to arrange in order(math.) permutation
5	8349	充电	chōngdiàn	to recharge (a battery)(fig.) to recharge one's batteries (through leisure)to update one's skills and knowledge
5	8360	用途	yòngtú	use, application
5	8442	促销	cùxiāo	to promote sales
5	8463	加热	jiārè	to heat
5	8495	称赞	chēngzàn	to praise, to commend, to compliment
5	8507	电动	diàndòng	electric-powered(Tw) video game
5	8534	赠送	zèngsòng	to present as a gift
5	8549	不得了	bùdéliǎo	extremelydesperately seriousdisastrousexceedingly
5	8578	标题	biāotí	titleheadingheadlinecaption
5	8603	预报	yùbào	forecast
5	8622	窄	zhǎi	narrownarrow-mindedbadly off
5	8628	点心	diǎnxin	light refreshmentspastrydim sum (in Cantonese cooking)dessert
5	8632	番茄	fānqié	tomato
5	8644	比喻	bǐyù	to compareto liken tometaphoranalogy
5	8652	新郎	xīnláng	bridegroom, groom
5	8666	到期	dàoqī	to fall due (loan etc)to expire (visa etc)to mature (investment bond etc)
5	8670	修建	xiūjiàn	to buildto construct
5	8700	高大	gāodà	tall, lofty, towering
5	8731	光临	guānglín	(formal) to honor with one's presenceto attend
5	8734	逐步	zhúbù	progressivelystep by step
5	8737	动画	dònghuà	animationcartoon
5	8739	整齐	zhěngqí	orderlyneateventidy
5	8740	常识	chángshí	common sense, general knowledge
5	8748	可见	kějiàn	it can clearly be seen (that this is the case)it is (thus) clearclearvisible
5	8772	无奈	wúnài	to have no alternativefrustratedexasperatedhelpless
5	8797	研制	yánzhì	to research and manufacture, to research and to develop
5	8809	成年	chéngnián	to grow to adulthoodfully grown, adultthe whole year
5	8810	职工	zhígōng	employee, staff member, worker
5	8812	木头	mùtou	wood, log(fig.) blockhead, dolt
5	8815	格外	géwài	especially, particularly, even more than usualextra, additional
5	8819	大象	dàxiàng	elephant
5	8858	讲座	jiǎngzuò	course of lectures, lecture serieschair (academic position)
5	8868	长远	chángyuǎn	long-termlong-range
5	8871	迷路	mílù	to lose the waylostlabyrinthlabyrinthus vestibularis (of the inner ear)
5	8873	印刷	yìnshuā	to printprinting
5	8907	外形	wàixíng	figureshapeexternal formcontour
5	8918	赠	zèng	to give as a presentto repelto bestow an honorary title after death (old)
5	8924	舍不得	shěbude	to hate to do sthto hate to part withto begrudge
5	8931	大爷	dàye	term of respect for older man(coll.) father's older brotheruncle
5	8931	熟人	shúrén	acquaintancefriend
5	8953	报到	bàodào	to report for dutyto check into register
5	8971	初期	chūqī	initial stagebeginning period
5	8979	因而	yīn'ér	thereforeas a resultthusand as a result
5	8993	在线	zàixiàn	online, connected to the Internet(fig.) (coll.) (of a person) mentally focused, engaged, (of skills, performance etc) sharp, on point, functioning at a high level
5	8996	河流	héliú	river
5	9027	通行	tōngxíng	to go through, to pass throughto be in general use
5	9089	学历	xuélì	educational backgroundacademic qualifications
5	9102	一代	yīdài	an era, an age, a generation
5	9147	纪念日	jìniànrì	day of commemorationmemorial day
5	9170	美术	měishù	artfine artspainting
5	9178	聘请	pìnqǐng	to engageto hire (a lawyer etc)
5	9195	门诊	ménzhěn	outpatient service
5	9198	故乡	gùxiāng	homehomelandnative place
5	9208	家务	jiāwù	household dutieshousework
5	9209	海鲜	hǎixiān	seafood
5	9219	邮票	yóupiào	(postage) stamp
5	9221	开幕	kāimù	to open (a conference)to inaugurate
5	9271	树木	shùmù	tree
5	9314	武术	wǔshù	military skill or technique (in former times)all kinds of martial art sports (some claiming spiritual development)self-defensetradition of choreographed fights from opera and film (recent usage)
5	9329	开幕式	kāimùshì	opening ceremony
5	9336	特有	tèyǒu	specific (to)characteristic (of)distinctive
5	9352	领带	lǐngdài	necktie
5	9357	闹钟	nàozhōng	alarm clock
5	9364	熬夜	áoyè	to stay up late or all night
5	9396	折扣	zhékòu	discount
5	9403	主观	zhǔguān	subjective
5	9438	缩短	suōduǎn	to shorten, to reduce, to curtail
5	9452	先后	xiānhòu	early or late, first and last, priorityin succession, one after another
5	9459	气球	qìqiú	balloon
5	9461	敢于	gǎnyú	to have the courage to do sthto dare tobold in
5	9492	长途	chángtú	long distancelong-distance phone calllong-distance coach
5	9549	书房	shūfáng	study (room)studio
5	9553	广大	guǎngdà	(of an area) vast or extensivelarge-scalewidespread(of people) numerous
5	9556	总数	zǒngshù	totalsumaggregate
5	9563	剪刀	jiǎndāo	scissors
5	9596	合影	héyǐng	group phototo take a group photo
5	9604	食用	shíyòng	to eat, to consumeedible
5	9623	熟练	shúliàn	practicedproficientskilledskillful
5	9636	过期	guòqī	to be overdueto exceed the time limitto expire (as in expiration date)
5	9659	大于	dàyú	greater than, bigger than, more than
5	9674	中期	zhōngqī	middle (of a period of time)medium-term (plan, forecast etc)
5	9692	里头	lǐtou	inside, interior
5	9699	及格	jígé	to pass an exam or a testto meet a minimum standard
5	9702	存放	cúnfàng	to depositto storeto leave in sb's care
5	9711	讲究	jiǎngjiu	to pay particular attention tocarefully selected for qualitytastefully chosen
5	9732	科研	kēyán	(scientific) research
5	9764	高效	gāoxiào	efficienthighly effective
5	9773	虫子	chóngzi	insectbugworm
5	9834	此前	cǐqián	before thisbefore thenpreviously
5	9933	词汇	cíhuì	vocabularylist of words (e.g. for language teaching purposes)word
5	9958	大米	dàmǐ	(husked) rice
5	9979	傍晚	bàngwǎn	in the eveningwhen night fallstowards eveningat night fall
5	10035	失恋	shīliàn	to lose one's loveto break up (in a romantic relationship)to feel jilted
5	10095	工艺	gōngyì	arts and craftsindustrial arts
5	10100	不要紧	bùyàojǐn	it doesn't matterunimportantnot seriousnever mind
5	10119	领取	lǐngqǔ	to receive, to draw, to get
5	10141	行人	xíngrén	pedestriantraveler on footpasser-byofficial responsible for arranging audiences with the emperor
5	10185	初级	chūjí	juniorprimary
5	10197	外公	wàigōng	(coll.) mother's fathermaternal grandfather
5	10253	展出	zhǎnchū	to put on displayto be on showto exhibit
5	10260	路人	lùrén	passer-bystranger
5	10268	信封	xìnfēng	envelope
5	10298	优质	yōuzhì	excellent quality
5	10323	硬件	yìngjiàn	hardware
5	10338	改正	gǎizhèng	to correctto amendto put rightcorrection
5	10344	拖鞋	tuōxié	slipperssandalsflip-flops
5	10416	山区	shānqū	mountain area
5	10450	好评	hǎopíng	favorable criticismpositive evaluation
5	10477	驾照	jiàzhào	driver's license
5	10494	水分	shuǐfèn	moisture content(fig.) overstatement, padding
5	10522	爱护	àihù	to cherishto treasureto take care ofto love and protect
5	10535	黄瓜	huángguā	cucumber
5	10541	单一	dānyī	singleonlysole
5	10587	二手	èrshǒu	second-hand (information, equipment etc)indirectly acquiredassistant
5	10626	现代化	xiàndàihuà	modernization
5	10627	优良	yōuliáng	finegoodfirst-rate
5	10636	儿女	érnǚ	children, sons and daughtersa young man and a young woman (in love)
5	10644	账号	zhànghào	account number, account, username
5	10703	住宿	zhùsù	to stay atlodgingaccommodation
5	10722	站台	zhàntái	platform (at a railway station)(Tw) (of an influential person) to publicly endorse or campaign for (a candidate)(Tw) (dated) website
5	10727	跑道	pǎodào	athletic tracktrackrunway (i.e. airstrip)
5	10754	创业	chuàngyè	to begin an undertaking, to start an enterpriseentrepreneurship
5	10782	暴雨	bàoyǔ	torrential rainrainstorm
5	10811	本领	běnlǐng	skillabilitycapability
5	10815	勤奋	qínfèn	hardworkingdiligent
5	10932	原有	yuányǒu	originalformer
5	10967	床单	chuángdān	bed sheet
5	11007	试用	shìyòng	to try sth outto be on probation
5	11013	雨水	yǔshuǐ	rainwater, rainfall, rain
5	11103	旅行社	lǚxíngshè	travel agency
5	11305	急诊	jízhěn	to give or receive urgent medical treatmentemergency treatment (at a hospital emergency department or from a doctor on a house call)
5	11420	柜子	guìzi	cupboardcabinet
5	11452	陆地	lùdì	dry land (as opposed to the sea)
5	11546	沙子	shāzi	sandgrit
5	11598	学科	xuékē	subjectbranch of learningcourseacademic discipline
5	11689	邮局	yóujú	post office
5	11719	提倡	tíchàng	to promoteto advocate
5	11743	产量	chǎnliàng	output
5	11806	请教	qǐngjiào	to ask for guidanceto consult
5	11860	昆虫	kūnchóng	insect
5	11872	概括	gàikuò	to summarize, to generalizebriefly, in broad outline
5	11900	餐饮	cānyǐn	food and beveragecateringrepast
5	11956	舍得	shěde	to be willing to part with sth
5	12138	大妈	dàmā	aunt (affectionate term for an elderly woman)father's elder brother's wife
5	12138	随手	suíshǒu	convenientlywithout extra troublewhile doing itin passing
5	12167	纪录片	jìlùpiàn	documentary (film or TV program)newsreel
5	12168	汗水	hànshuǐ	sweatperspiration
5	12173	姥姥	lǎolao	(coll.) mother's mother, maternal grandmother
5	12191	离职	lízhí	to leave one's job temporarily (e.g. for study)to leave one's job, to resign
5	12234	转告	zhuǎngào	to pass onto communicateto transmit
5	12235	带动	dàidòng	to spur, to provide impetus, to drive
5	12299	调皮	tiáopí	naughtymischievousunruly
5	12302	城区	chéngqū	city districturban area
5	12318	大批	dàpī	large quantities of
5	12338	正如	zhèngrú	just asprecisely as
5	12455	物业	wùyè	propertyreal estateproperty management
5	12549	游览	yóulǎn	to go sightseeingto tourto visit
5	12577	悠久	yōujiǔ	long (tradition, history etc)
5	12587	制订	zhìdìng	to work outto formulate
5	12593	外观	wàiguān	outward appearance
5	12648	陆续	lùxù	in turnsuccessivelyone after the otherbit by bit
5	12765	试卷	shìjuàn	examination papertest paper
5	12768	加深	jiāshēn	to deepen
5	12805	调研	diàoyán	to investigate and researchresearchinvestigation
5	12847	胆小	dǎnxiǎo	timidcowardice
5	12925	影视	yǐngshì	movies and television
5	13022	超速	chāosù	to exceed the speed limitto speedhigh-speed
5	13074	除夕	Chúxī	lunar New Year's Eve
5	13274	国庆	Guóqìng	National Day
5	13374	问卷	wènjuàn	questionnaire
5	13530	果实	guǒshí	fruit (produced by a plant)(fig.) fruits (of success etc)resultsgains
5	13555	日历	rìlì	calendar
5	13580	往返	wǎngfǎn	to go back and forth, to go to and fro, to do a round trip
5	13619	增进	zēngjìn	to promoteto enhanceto furtherto advance (a cause etc)
5	13635	深远	shēnyuǎn	far-reachingprofound and long-lasting
5	13653	音量	yīnliàng	loudnessvolume
5	13656	碰见	pèngjiàn	to run intoto meet (unexpectedly)to bump into
5	13754	年夜饭	niányèfàn	reunion dinner on Lunar New Year's Eve (Chinese New Year tradition)
5	13803	深厚	shēnhòu	deep, profound
5	14037	涨价	zhǎngjià	to increase in priceto appreciate (in value)
5	14126	样式	yàngshì	typestyle
5	14155	亲情	qīnqíng	affectionfamily lovelove, esp. within a married couple or between parents and children
5	14235	住址	zhùzhǐ	address
5	14653	要不是	yàobushì	if it were not forbut for
5	14847	近日	jìnrì	(in) the past few daysrecently(within) the next few days
5	14983	图画	túhuà	drawingpicture
5	15037	火锅	huǒguō	hotpot(basketball) a blocked shot, a block
5	15051	书法	shūfǎ	calligraphyhandwritingpenmanship
5	15276	小于	xiǎoyú	less than, <
5	15281	竹子	zhúzi	bamboo
5	15312	丰富多彩	fēngfùduōcǎi	richly colorful
5	15374	长处	chángchù	good aspectsstrong points
5	15396	升温	shēngwēn	to become hottemperature rise(fig.) to intensifyto hot up
5	15662	时差	shíchā	time differencetime lagjet lag
5	15668	学分	xuéfēn	course credit
5	15736	能干	nénggàn	capablecompetent
5	15849	风俗	fēngsú	social custom
5	15924	近年来	jìnniánlái	for the past few years
5	16199	教材	jiàocái	teaching material
5	16321	开水	kāishuǐ	boiled waterboiling water
5	16554	书架	shūjià	bookshelf
5	16743	响声	xiǎngshēng	noise
5	17113	押金	yājīn	depositdown payment
5	17118	物价	wùjià	(commodity) prices
5	17349	台灯	táidēng	desk lamptable lamp
5	17523	一路顺风	yīlùshùnfēng	to have a pleasant journey (idiom)
5	17535	宽度	kuāndù	width
5	17575	橡皮	xiàngpí	rubberan eraser
5	17634	元旦	Yuándàn	New Year's Day
5	17888	普及	pǔjí	to spread extensivelyto generalizewidespreadpopular
5	17899	亲朋好友	qīnpénghǎoyǒu	friends and familykith and kin
5	17989	厚度	hòudù	thickness
5	18037	汇率	huìlǜ	exchange rate
5	18087	鼠标	shǔbiāo	(computing) mouse
5	18327	中医	zhōngyī	traditional Chinese medical sciencea doctor trained in Chinese medicine
5	18414	年初	niánchū	beginning of the year
5	18480	乘务员	chéngwùyuán	attendant on an airplane, train, boat etc
5	18562	急忙	jímáng	hastily
5	18675	售价	shòujià	selling price
5	18880	吸管	xīguǎn	(drinking) strawpipetteeyedroppersnorkel
5	19155	窗台	chuāngtái	windowsill, window ledge
5	19472	中外	zhōngwài	Sino-foreignChinese-foreignhome and abroad
5	19939	学年	xuénián	academic year
5	20452	中级	zhōngjí	middle level (in a hierarchy)
5	20591	首次	shǒucì	firstfirst timefor the first time
5	20620	豆浆	dòujiāng	soy milk
5	20713	近代	jìndài	the not-very-distant pastmodern times, excluding recent decades(in the context of Chinese history) the period from the Opium Wars until the May 4th Movement (mid-19th century to 1919)capitalist times (pre-1949)
5	20715	胡同	hútòng	lane, alley
5	21019	特产	tèchǎn	special local product(regional) specialty
5	21165	配送	pèisòng	to put together an order and deliver itto deliver (goods)
5	21349	中华	Zhōnghuá	Zhonghua, historical and cultural term for China, often used to denote Chinese civilization and identity
5	21641	人民币	rénmínbì	Renminbi, the official currency of the PRC (currency codes: RMB or CNY)
5	22241	着凉	zháoliáng	to catch cold
5	22936	中药	zhōngyào	traditional Chinese medicine
5	23326	盒饭	héfàn	meal in a partitioned box
5	23390	国画	guóhuà	traditional Chinese painting
5	23667	保质期	bǎozhìqī	shelf lifeexpiration date
5	23825	厘米	límǐ	centimeter
5	23912	话费	huàfèi	call charge
5	24114	日用品	rìyòngpǐn	articles for daily use
5	24273	扇子	shànzi	fan
5	25241	虚心	xūxīn	open-mindedhumble
5	26304	叉子	chāzi	fork
5	27327	姥爷	lǎoye	(coll.) mother's father, maternal grandfather
5	27605	省会	shěnghuì	provincial capital
5	28429	高科技	gāokējì	high tech, high technology
5	28577	挂号	guàhào	to register (at a hospital etc)to send by registered mail
5	28795	读音	dúyīn	pronunciationliterary (rather than colloquial) pronunciation of a Chinese character
5	28844	五颜六色	wǔyánliùsè	multicoloredevery color under the sun
5	29040	夜市	yèshì	night market
5	29232	用法	yòngfǎ	usage
5	29792	主食	zhǔshí	staple food
5	29918	跳高	tiàogāo	(athletics) high jump
5	30196	家电	jiādiàn	household electric appliance
5	30823	压岁钱	yāsuìqián	money given to children as a gift on Chinese New Year's Eve
5	31561	西餐	xīcān	Western-style food
5	32713	短处	duǎnchù	shortcomingdefectfaultone's weak points
5	32890	酸甜苦辣	suāntiánkǔlà	(lit.) sour, sweet, bitter and spicy (idiom)(fig.) all kinds of flavors, the joys and sorrows of life
5	34114	闭幕式	bìmùshì	closing ceremony
5	36385	尺子	chǐzi	ruler (measuring instrument)
5	37393	毛笔	máobǐ	writing brush
5	38012	占线	zhànxiàn	busy (telephone line)
5	40040	跳远	tiàoyuǎn	long jump (athletics)
5	41071	没法	méifǎ	unable to do anything about itat a lossto have no choice
5	48366	电子版	diànzǐbǎn	electronic editiondigital version
5	50741	连忙	liánmáng	promptly, at once
5	1000000	便利店	biànlìdiàn	convenience store
5	1000000	二维码	èrwéimǎ	2D barcode, matrix code(esp.) QR code
6	227	成	chéng	to succeedto finishto completeto accomplish
6	246	啦	la	sentence-final particle, contraction of, indicating exclamationparticle placed after each item in a list of examples
6	246	于	yú	(of time or place) in, at, on(indicating any indirect relation) to, toward, vis-à-vis, with regard to, for(indicating a source) from, out of(used in comparison) than
6	497	求	qiú	to seekto look forto requestto demand
6	557	杀	shā	to kill, to slay, to murder, to attackto weaken, to reduce(dialect) to smart(used after a verb) extremely
6	614	嘛	ma	modal particle indicating that sth is obviousparticle indicating a pause for emphasis
6	679	线	xiàn	threadstringwireline
6	679	因	yīn	causereasonbecause
6	695	特	tè	specialuniquedistinguishedespecially
6	736	局	jú	officesituationclassifier for games: match, set, round etc
6	752	未	wèi	not yetdid nothave notnot
6	762	哇	wa	replaces when following the vowel "u" or "ao"
6	786	神	shén	god, deitysupernatural, magical, mysteriousspirit, mind, energylively, expressive
6	956	死亡	sǐwáng	to diedeath
6	966	则	zé	(literary) (conjunction used to express contrast with a previous clause) but, then(bound form) standard, norm(bound form) principle(literary) to imitate, to follow
6	1019	清	qīng	(of water etc) clear, cleanquiet, stillpure, uncorruptedclear, distinct
6	1066	轮	lún	wheel, disk, ringsteamshipto take turns, to rotateclassifier for big round objects: disk, or recurring events: round, turn
6	1089	投票	tóupiào	to vote, to cast a vote
6	1122	逼	bī	to force (sb to do sth)to compelto press forto extort
6	1228	尽	jǐn	to the greatest extent(when used before a noun of location) furthest or extremeto be within the limits ofto give priority to
6	1236	投资	tóuzī	investmentto invest
6	1274	战争	zhànzhēng	war, conflict
6	1363	盘	pán	tray, plate, dish(finance) (bound form) market prices(computing) (bound form) diskto coil (a rope, pigtail etc)
6	1409	皮	pí	skin, peel, rind, outer layerleather, hide, furcover, wrapping, outer covering(of food) no longer crisp, soggy
6	1429	枪	qiāng	gunfirearmriflespear
6	1485	呆	dāi	foolish, stupidexpressionless, blank
6	1491	网	wǎng	net, webnetworkto net, to catch with a net
6	1494	雷	léi	thunder(bound form) (military) mine, as in land mine(coll.) to shock, to stun, to astound(Tw) (coll.) spoiler
6	1505	武器	wǔqì	weaponarms
6	1517	圈	quān	circle, ring, loop(fig.) social circle, niche group, community, fandomclassifier for loops, orbits, lapsto surround, to encircle
6	1522	招	zhāo	to recruitto provoketo beckonto incur
6	1543	科	kē	branch of studyadministrative sectiondivisionfield
6	1545	版	bǎn	a registerblock of printingeditionversion
6	1553	英雄	yīngxióng	hero
6	1579	攻击	gōngjī	to attackto accuseto chargean attack (terrorist or military)
6	1583	镇	zhèn	to press downto calmto subdueto suppress
6	1603	俱乐部	jùlèbù	(loanword) club (the organization or its premises)
6	1623	顶	dǐng	apexcrown of the headtoproof
6	1634	自我	zìwǒ	the self, oneself, self-(psychology) ego
6	1635	犯	fàn	to violateto offendto assaultcriminal
6	1682	服	fú	clothesdressgarmentto serve (in the military, a prison sentence etc)
6	1694	布	bù	clothto declareto announceto spread
6	1699	样	yàng	mannerpatternwayappearance
6	1714	理	lǐ	texturegrain (of wood)inner essenceintrinsic order
6	1715	恨	hèn	to hateto regret
6	1718	射	shè	to shootto launchto allude toradio- (chemistry)
6	1741	时尚	shíshàng	fashionfadfashionable
6	1749	剑	jiàn	double-edged swordclassifier for blows of a sword
6	1750	和平	hépíng	peacepeaceful
6	1772	爆炸	bàozhà	explosionto explodeto blow upto detonate
6	1795	偷	tōu	to stealto pilferto snatchthief
6	1799	基地	jīdì	base (of operations, industrial, military, research etc)
6	1809	黄	huáng	yellowpornographicto fall through
6	1816	岛	dǎo	island
6	1822	战斗	zhàndòu	to fightto engage in combatstrugglebattle
6	1825	官	guān	government officialgovernmentalofficialpublic
6	1840	公开	gōngkāi	open, overt, publicto make public, to release
6	1849	混	hùn	to mixto minglemuddledto drift along
6	1850	人家	rénjiā	householddwellingfamilysb else's house
6	1854	摆	bǎi	to arrangeto exhibitto move to and froa pendulum
6	1856	吓	xià	to frightento scare
6	1868	军队	jūnduì	armed forces, troops
6	1874	基金	jījīn	fund
6	1875	编	biān	to weaveto plaitto organizeto group
6	1893	学会	xuéhuì	to learn, to masterinstitute, learned society, (scholarly) association
6	1909	部队	bùduì	armyarmed forcestroopsforce
6	1942	可怜	kělián	pitifulpatheticto have pity on
6	1948	为何	wèihé	why
6	1953	爆	bào	to explode, to burstto stir-fry briefly, to quick-boil
6	1958	毒	dú	poisonto poisonpoisonousmalicious
6	1958	吐	tǔ	to spitto send out (silk from a silkworm, bolls from cotton flowers etc)to sayto pour out (one's grievances)
6	1962	中央	zhōngyāng	centralmiddlecentercentral authorities (of a state)
6	1970	州	zhōu	prefecture(old) province(old) administrative divisionstate (e.g. of US)
6	1971	解	jiě	to divideto break upto splitto separate
6	1978	罪	zuì	guiltcrimefaultblame
6	1981	显著	xiǎnzhù	outstandingnotableremarkablestatistically significant
6	1985	承诺	chéngnuò	to promiseto undertake to do somethingcommitment
6	2006	感染	gǎnrǎn	to infect, infection(fig.) to influence
6	2012	启动	qǐdòng	to start (a machine)(fig.) to set in motionto launch (an operation)to activate (a plan)
6	2016	一一	yīyī	one by one, one after another
6	2032	算是	suànshì	considered to beat last
6	2035	滴	dī	to dripto let drip, to apply (eye drops etc)(bound form) a drop (of liquid)classifier for drops of liquid
6	2056	逃	táo	to escapeto run awayto flee
6	2058	婚姻	hūnyīn	marriage, matrimony
6	2059	打击	dǎjī	to hitto striketo attackto crack down on sth
6	2080	转移	zhuǎnyí	to shift, to relocate, to transfer(fig.) to shift (attention), to change (the subject etc)(medicine) to metastasize
6	2082	印	yìn	to printto markto engravea seal
6	2089	卷	juǎn	to roll up(fig.) to sweep up, to engulf, to drag into (a situation)(slang) to compete to an unhealthy degree, hypercompetitivea roll
6	2096	透	tòu	(bound form) to penetrate, to seep throughto tell secretly, to leakthoroughly, through and throughto appear, to show
6	2111	酷	kù	ruthlessstrong (e.g. of wine)(loanword) coolhip
6	2129	人士	rénshì	personfigurepublic figure
6	2130	拖	tuō	to dragto towto trailto hang down
6	2134	集团	jítuán	groupbloccorporationconglomerate
6	2138	为止	wéizhǐ	until
6	2151	进展	jìnzhǎn	to make headway, to make progress
6	2163	塞	sāi	to plug, to stop up, to stuff in(bound form) a stopper, a cork
6	2176	系列	xìliè	seriesset
6	2191	检测	jiǎncè	to test, to detect
6	2198	塔	tǎ	pagoda, tower, pylon(loanword) (pastry) tart
6	2208	真相	zhēnxiàng	the truth about sth, the actual facts
6	2220	搭	dā	to put upto build (scaffolding)to hang (clothes on a pole)to connect
6	2227	病毒	bìngdú	virus
6	2229	权力	quánlì	powerauthority
6	2235	夫人	fūren	ladymadamMrs
6	2244	毫无	háowú	not in the leastto completely lack
6	2245	制	zhì	systemto controlto regulate
6	2258	泡	pào	bubble, foamblisterto soak, to steep, to infuseto dawdle, to loiter
6	2265	户	hù	a householddoorfamily
6	2278	归	guī	to returnto go back toto give back to(of a responsibility) to be taken care of by
6	2291	胸	xiōng	chestbosomheartmind
6	2300	嫁	jià	(of a woman) to marryto marry off a daughterto shift (blame etc)
6	2305	命令	mìnglìng	ordercommand
6	2305	政策	zhèngcè	policy
6	2307	神经	shénjīng	nervemental state(coll.) unhingednutjob
6	2335	一辈子	yībèizi	(for) a lifetime
6	2348	士兵	shìbīng	soldier
6	2351	母	mǔ	motherelderly female relativeoriginsource
6	2351	评论	pínglùn	to comment onto discusscommentcommentary
6	2371	仪式	yíshì	ceremony
6	2381	冒	mào	to emit, to give off, to send out (or up, forth)to brave, to face(bound form) recklessto falsely adopt (sb's identity etc), to feign
6	2387	烂	làn	soft, mushywell-cooked and softto rot, to decomposerotten
6	2398	除	chú	to get rid ofto removeto excludeto eliminate
6	2405	本身	běnshēn	itselfin itselfper se
6	2412	端	duān	(bound form) tip, end, extremity(bound form) aspect, facet(bound form) upright, properto hold sth level with both hands, to carry
6	2412	时光	shíguāng	time (esp. as sth that passes)
6	2421	扣	kòu	to fastento buttonbuttonbuckle
6	2421	狼	láng	wolf
6	2445	道德	dàodé	virtuemoralityethics
6	2447	编辑	biānjí	to editto compileeditorcompiler
6	2449	挖	wā	to digto excavateto scoop out
6	2449	证实	zhèngshí	to confirm (sth to be true)to verify
6	2454	要么	yàome	oreither one or the other
6	2463	恶心	ěxīn	nauseato feel sickdisgustnauseating
6	2465	将军	jiāngjūn	generalhigh-ranking military officerto check or checkmatefig. to embarrass
6	2467	透露	tòulù	to leak outto divulgeto reveal
6	2469	兵	bīng	soldiersa forcean armyweapons
6	2493	侧	cè	the sideto incline towardsto leaninclined
6	2503	闭	bì	to closeto stop upto shutto obstruct
6	2505	异常	yìcháng	unusual, abnormalextremely, exceptionally
6	2506	粉	fěn	powdercosmetic face powderfood prepared from starch, noodles or pasta made from any kind of flourto turn to powder
6	2507	足	zú	(bound form) foot, legsufficient, ampleas much as, fully
6	2509	曲	qū	bentcrookedwrong
6	2512	档案	dàng'àn	file, record, archive
6	2517	协会	xiéhuì	an associationa society
6	2520	公	gōng	publiccollectively ownedcommoninternational (e.g. high seas, metric system, calendar)
6	2532	细胞	xìbāo	cell (biology)
6	2536	症状	zhèngzhuàng	symptom (of an illness)
6	2537	试图	shìtú	to attemptto try
6	2539	患者	huànzhě	patient, sufferer
6	2548	艘	sōu	classifier for ships
6	2556	财产	cáichǎn	propertyassetsestate
6	2564	银	yín	silversilver-coloredrelating to money or currency
6	2566	刺	cì	thornstingthrustto prick
6	2570	至于	zhìyú	as foras toto go so far as to
6	2580	肥	féi	fatfertileloose-fitting or largeto fertilize
6	2581	患	huàn	to suffer (from illness)to contract (a disease)misfortunetrouble
6	2581	镜头	jìngtóu	camera lenscamera shot (in a movie etc)scene
6	2589	贷款	dàikuǎn	a loanto provide a loan (e.g. bank)to raise a loan (from e.g. a bank)
6	2595	凌晨	língchén	very early in the morningin the wee hours
6	2616	害	hài	to do harm toto cause trouble toharmevil
6	2620	淘汰	táotài	to wash out(fig.) to cullto weed outto eliminate
6	2622	立	lì	to standto set upto establishto lay down
6	2626	料	liào	materialstuffgrainfeed
6	2628	公众	gōngzhòng	public
6	2630	释放	shìfàng	to release (a prisoner), to set freeto release (energy, gas, resources), to express (emotions, goodwill, intentions)
6	2662	撒	sā	to let goto castto let looseto discharge
6	2663	心脏	xīnzàng	heart
6	2672	斗争	dòuzhēng	a strugglefightbattle
6	2680	给予	jǐyǔ	(literary) to give, to accord, to render
6	2687	指挥	zhǐhuī	to conductto commandto directconductor (of an orchestra)
6	2698	突破	tūpò	to break throughto make a breakthroughto surmount (an obstacle)(sports) to break through the opponent's defense
6	2700	露	lù	dewsyrupnectaroutdoors (not under cover)
6	2706	为此	wèicǐ	for this reasonwith regards to thisin this respectin order to do this
6	2712	环	huán	ringhooploop(chain) link
6	2717	回头	huítóu	to turn round, to turn one's headlater, by and by
6	2726	法官	fǎguān	judge (in court)
6	2729	嘿	hēi	hey
6	2731	股票	gǔpiào	share certificatestock (finance)
6	2736	脑袋	nǎodai	headskullbrainsmental capability
6	2736	血液	xuèyè	blood(fig.) lifeblood
6	2737	主管	zhǔguǎn	in chargeresponsible forperson in chargemanager
6	2740	动力	dònglì	motive power(fig.) motivation, impetus
6	2756	祝福	zhùfú	blessingsto wish sb well
6	2764	公主	gōngzhǔ	princess
6	2768	松	sōng	looseto loosento relaxfloss (dry, fluffy food product made from shredded, seasoned meat or fish, used as a topping or filling)
6	2776	埋	mái	to bury
6	2786	率	lǜ	(bound form) ratio, rate, proportion
6	2787	能量	néngliàng	energycapabilities
6	2794	野	yě	fieldplainopen spacelimit
6	2808	清理	qīnglǐ	to clear upto tidy upto dispose of
6	2822	激情	jīqíng	passionfervorenthusiasmstrong emotion
6	2823	从未	cóngwèi	never
6	2830	谈判	tánpàn	to negotiatenegotiationtalksconference
6	2831	成交	chéngjiāo	to complete a contractto reach a deal
6	2831	业	yè	line of businessindustryoccupationjob
6	2842	造型	zàoxíng	to model, to shapeappearance, style, design, form, pose
6	2850	补	bǔ	to repairto patchto mendto make up for
6	2855	装备	zhuāngbèi	equipmentto equipto outfit
6	2859	障碍	zhàng'ài	barrierobstructionhindranceimpediment
6	2864	自杀	zìshā	to kill oneselfto commit suicideto attempt suicide
6	2869	危机	wēijī	crisis
6	2877	公民	gōngmín	citizen
6	2878	当初	dāngchū	at that timeoriginally
6	2891	线索	xiànsuǒ	trailcluesthread (of a story)
6	2892	引	yǐn	to draw (e.g. a bow)to pullto stretch sthto extend
6	2909	金属	jīnshǔ	metal
6	2909	闪	shǎn	to dodgeto duck out of the wayto beat itshaken (by a fall)
6	2940	石油	shíyóu	oilpetroleum
6	2941	频道	píndào	frequency(television) channel
6	2965	散	sàn	to scatterto break up (a meeting etc)to disperseto disseminate
6	2971	警告	jǐnggào	to warnto admonish
6	2983	基因	jīyīn	gene (loanword)
6	2983	晕	yūn	confuseddizzygiddyto faint
6	2985	就算	jiùsuàn	(coll.) even if
6	2986	革命	gémìng	to withdraw the mandate of heaven (and transition to a new dynasty) (original meaning)revolutionrevolutionaryto revolt (against sb or sth)
6	2987	孤独	gūdú	lonelysolitary
6	2990	针	zhēn	needlepininjectionstitch
6	2991	官员	guānyuán	official (in an organization or government)administrator
6	2995	暴力	bàolì	violenceforceviolent
6	3002	神奇	shénqí	magicalmysticalmiraculous
6	3013	尴尬	gāngà	awkward, embarrassed
6	3025	脑子	nǎozi	brainsmind
6	3030	代价	dàijià	pricecostconsideration (in share dealing)
6	3041	婴儿	yīng'ér	infantbabylead (Pb)
6	3046	瞧	qiáo	to look atto seeto see (a doctor)to visit
6	3060	团结	tuánjié	to uniteunity, solidarityunited
6	3062	涉及	shèjí	to involve, to relate to, to concern, to touch upon
6	3087	踩	cǎi	to step onto treadto stampto press a pedal
6	3090	发动	fādòng	to startto launchto unleashto mobilize
6	3096	策略	cèlüè	strategy, tacticscrafty, adroit
6	3109	陷入	xiànrù	to sink intoto get caught up into land in (a predicament)
6	3114	肯	kěn	to agree, to consentto be willing to
6	3116	回报	huíbào	(in) returnreciprocationpaybackretaliation
6	3127	愤怒	fènnù	angryindignantwrathire
6	3129	评估	pínggū	to evaluateto assessassessmentevaluation
6	3144	原本	yuánběn	originallythe original, original copy, original version
6	3150	宫	gōng	palacetemplecastration (as corporal punishment)first note in pentatonic scale
6	3156	维护	wéihù	to defendto safeguardto protectto uphold
6	3160	气氛	qìfēn	atmosphere, mood
6	3163	跟踪	gēnzōng	to follow sb's tracksto tailto shadowtracking
6	3165	望	wàng	full moonto hopeto expectto visit
6	3168	活力	huólì	energyvitalityvigorvital force
6	3168	心灵	xīnlíng	brightsmartquick-wittedheart
6	3172	委托	wěituō	to entrustto trustto commission
6	3185	航空	hángkōng	aviation
6	3191	通道	tōngdào	(communications) channelthoroughfarepassage
6	3192	田	tián	fieldfarm
6	3200	才能	cáinéng	talentabilitycapacity
6	3200	文明	wénmíng	civilizedcivilizationculture
6	3202	偶像	ǒuxiàng	idol
6	3209	混乱	hùnluàn	confused, chaotic, disorderly
6	3214	创意	chuàngyì	creativecreativity
6	3217	黑暗	hēi'àn	darkdarklydarkness
6	3227	冲突	chōngtū	conflictto conflictclash of opposing forcescollision (of interests)
6	3229	惊讶	jīngyà	amazedastonishedto surpriseamazing
6	3232	大师	dàshī	great mastermaster
6	3242	得知	dézhī	to find outto learn of
6	3243	提示	tíshì	to point outto remind (sb of sth)to suggestsuggestion
6	3251	典型	diǎnxíng	modeltypical casearchetypetypical
6	3256	之所以	zhīsuǒyǐ	(after a noun N and before a predicate P) the reason why N PExample: "the reason why I dislike him (is ...)"
6	3265	教训	jiàoxun	to provide guidance, to lecture sb, to upbraida talking-to, a bitter lesson
6	3271	除非	chúfēi	only if (..., or otherwise, ...)only whenonly in the case thatunless
6	3278	清醒	qīngxǐng	clear-headedsoberawake
6	3279	章	zhāng	chaptersectionclausemovement (of symphony)
6	3288	艰难	jiānnán	difficult, arduous, hard
6	3292	纯	chún	puresimpleunmixedgenuine
6	3299	怀孕	huáiyùn	pregnantto have conceivedgestationpregnancy
6	3300	定位	dìngwèi	to orientateto positionto categorize (as)to characterize (as)
6	3300	一阵	yīzhèn	a bursta fita peala spell (period of time)
6	3301	撑	chēng	to supportto prop upto push or move with a poleto maintain
6	3313	即便	jíbiàn	even ifeven thoughright awayimmediately
6	3320	遭到	zāodào	to sufferto meet with (sth unfortunate)
6	3321	喷	pēn	to spout, to spurt, to spray, to puff(slang) to criticize scathingly (esp. online)
6	3326	职责	zhízé	dutyresponsibilityobligation
6	3348	改造	gǎizào	to transformto reformto remodelto remold
6	3353	肺	fèi	lung
6	3363	民主	mínzhǔ	democracydemocratic
6	3370	栋	dòng	classifier for houses or buildingsridgepole (old)
6	3386	监督	jiāndū	to supervise, to oversee, to inspect
6	3395	遭遇	zāoyù	to meet with, to encounter (esp. misfortune or hardship)an experience (esp. adverse)
6	3402	时机	shíjī	opportunity, opportune moment
6	3404	引发	yǐnfā	to lead toto triggerto initiateto cause
6	3419	恐惧	kǒngjù	to be frightenedfeardread
6	3419	险	xiǎn	dangerdangerousrugged
6	3422	折	zhé	to breakto fractureto snapto suffer loss
6	3423	砍	kǎn	to chopto cut downto throw sth at sb
6	3423	渴望	kěwàng	to thirst forto long for
6	3424	摆脱	bǎituō	to break away fromto cast off (old ideas etc)to get rid ofto break away (from)
6	3442	财富	cáifù	wealthriches
6	3453	模型	móxíng	modelmoldmatrixpattern
6	3458	爆发	bàofā	to break out, to erupt, to explode, to burst out
6	3462	夺	duó	to seizeto take away forciblyto wrest control ofto compete or strive for
6	3465	能源	néngyuán	energy sources, energy
6	3471	扮演	bànyǎn	to play the role ofto act
6	3481	核心	héxīn	core, nucleus
6	3490	扎	zhā	to prickto run or stick (a needle etc) intomug or jug used for serving beer (loanword from "jar")
6	3491	保障	bǎozhàng	to ensureto guaranteeto safeguard
6	3495	资产	zīchǎn	propertyassets
6	3506	运行	yùnxíng	(of celestial bodies etc) to move along one's course(fig.) to function, to be in operation(of a train service etc) to operate, to run(of a computer) to run
6	3509	局面	júmiàn	aspectphasesituation
6	3510	期望	qīwàng	to have expectationsto earnestly hopeexpectationhope
6	3514	供应	gōngyìng	to supply, to provide (goods, services etc)
6	3531	一时	yīshí	a period of timea whilefor a short whiletemporary
6	3534	温柔	wēnróu	gentle and soft, tender, sweet (commonly used to describe a girl or woman)
6	3538	补偿	bǔcháng	to compensateto make up
6	3539	抛	pāo	to throwto tossto flingto cast
6	3543	显	xiǎn	to make visibleto revealprominentconspicuous
6	3554	脖子	bózi	neck
6	3571	战胜	zhànshèng	to prevail overto defeatto surmount
6	3572	年度	niándù	year (e.g. school year, fiscal year)annual
6	3580	寂寞	jìmò	lonelylonesome(of a place) quietsilent
6	3580	检验	jiǎnyàn	to inspectto examineto test
6	3583	排除	páichú	to eliminateto removeto excludeto rule out
6	3586	国王	guówáng	king
6	3589	发行	fāxíng	to publish, to issue, to release, to distribute
6	3591	密	mì	dense, close, thickintimate, close(bound form) secret, confidential(Internet slang) to send a private message to (sb), to DM
6	3610	播	bō	(bound form) to sow (seeds), to spread (ideas, rumors etc), to broadcast (radio signals etc)
6	3615	社	shè	(bound form) society, organization, agency(old) god of the land
6	3628	当天	dāngtiān	on that day
6	3630	井	jǐng	a wellneatorderly
6	3631	王子	wángzǐ	princeson of a king
6	3640	粘	zhān	to glue, to pasteto adhere, to stick to
6	3642	钻	zuān	to drillto boreto get intoto make one's way into
6	3660	欢乐	huānlè	gaietygladnessgleemerriment
6	3668	怀念	huáiniàn	to cherish the memory ofto think ofto reminisce
6	3668	荣誉	róngyù	honorcreditglory(honorable) reputation
6	3669	解放	jiěfàng	to liberateto emancipateliberationrefers to the Communists' victory over the Nationalists in 1949
6	3669	收藏	shōucáng	to collect (works of art, dolls, antiques etc), to put away for safekeeping, (Internet) to bookmarka collection
6	3672	幻想	huànxiǎng	to fantasize, to imaginean illusion, a fantasy
6	3675	团体	tuántǐ	grouporganizationteam
6	3680	悲剧	bēijù	tragedy
6	3685	消防	xiāofáng	firefightingfire control
6	3689	太空	tàikōng	outer space
6	3692	感激	gǎnjī	to be gratefulto appreciatethankful
6	3693	夹	jiā	to press from either sideto place in betweento sandwichto carry sth under armpit
6	3699	指示	zhǐshì	to point outto indicateto instructdirectives
6	3702	暴露	bàolù	to exposeto revealto lay bare
6	3703	出于	chūyú	due toto stem from
6	3703	官方	guānfāng	governmentofficial (approved or issued by an authority)
6	3710	机械	jīxiè	machinemachinerymechanical(old) cunning
6	3710	伤口	shāngkǒu	woundcut
6	3712	瞬间	shùnjiān	in an instant, in a flash
6	3716	电力	diànlì	electrical powerelectricity
6	3720	得了	déle	all right!that's enough!
6	3723	引导	yǐndǎo	to guideto lead (around)to conductto boot
6	3724	协助	xiézhù	to provide assistance, to aid
6	3739	悲伤	bēishāng	sad, sorrowful
6	3739	属	shǔ	categorygenus (taxonomy)family membersdependents
6	3745	财务	cáiwù	financial affairs, finance
6	3746	损伤	sǔnshāng	to harmto damageto injureimpairment
6	3747	顾问	gùwèn	adviserconsultant
6	3747	主角	zhǔjué	leading role, leadprotagonist
6	3752	娶	qǔ	to take a wifeto marry (a woman)
6	3755	助理	zhùlǐ	assistant
6	3759	潜力	qiánlì	potential, latent capacity
6	3774	笑容	xiàoróng	smilesmiling expression
6	3789	消除	xiāochú	to eliminateto remove
6	3808	寻求	xúnqiú	to seek, to look for
6	3811	通讯	tōngxùn	communicationsnews storydispatch
6	3821	隐藏	yǐncáng	to hideto concealto maskto shelter
6	3824	落后	luòhòu	to fall behindto lag (in technology etc)backwardto retrogress
6	3829	算了	suànle	let it belet it passforget about it
6	3832	狠	hěn	ruthless, fierce, ferociousdetermined, resoluteto harden (one's heart)
6	3835	策划	cèhuà	to plotto schemeto bring aboutto engineer
6	3836	蹲	dūn	to crouchto squatto stay (somewhere)
6	3841	冒险	màoxiǎn	to take risksto take chancesforayadventure
6	3847	牵	qiān	to lead alongto pull (an animal on a tether)(bound form) to involveto draw in
6	3849	冲动	chōngdòng	to have an urgeto be impetuousimpulseurge
6	3850	考验	kǎoyàn	to testto put to the testtrialordeal
6	3853	技巧	jìqiǎo	skilltechnique
6	3855	天下	tiānxià	land under heaventhe whole worldthe whole of Chinarealm
6	3881	公正	gōngzhèng	just, fair, equitable
6	3883	和谐	héxié	harmoniousharmony(euphemism) to censor
6	3886	高手	gāoshǒu	expertpast masterdab hand
6	3891	呈现	chéngxiàn	to appearto emergeto present (a certain appearance)to demonstrate
6	3896	暖	nuǎn	warmto warm
6	3915	规划	guīhuà	to draw up a plan, to map out a programa plan, a program
6	3916	不许	bùxǔ	not to allowmust notcan't
6	3921	不止	bùzhǐ	incessantlywithout endmore thannot limited to
6	3924	录像	lùxiàng	to videotapeto videorecordvideo recording
6	3929	免	miǎn	to excuse sbto exemptto remove or dismiss from officeto avoid
6	3933	转身	zhuǎnshēn	(of a person) to turn roundto face about(of a widow) to remarry (archaic)
6	3939	赔偿	péicháng	to compensate
6	3950	混合	hùnhé	to mix, to blendhybrid, composite
6	3958	会见	huìjiàn	to meet with (sb who is paying a visit)
6	3966	代理	dàilǐ	to act on behalf of sb in a responsible positionto act as an agent or proxysurrogate(computing) proxy
6	3970	明明	míngmíng	obviouslyplainlyundoubtedlydefinitely
6	3975	群众	qúnzhòng	massmultitudethe masses
6	3986	投诉	tóusù	to lodge a complaint
6	3987	无疑	wúyí	undoubtedly, without doubt, for sure
6	3990	按摩	ànmó	massageto massage
6	3997	倾向	qīngxiàng	trendtendencyorientation
6	4003	实话	shíhuà	truth
6	4007	救命	jiùmìng	to save sb's life(interj.) Help!Save me!
6	4014	无所谓	wúsuǒwèi	to be indifferentnot to mattercannot be said to be
6	4016	老鼠	lǎoshǔ	rat, mouse
6	4025	移民	yímín	to immigrateto migrateemigrantimmigrant
6	4037	联合国	Liánhéguó	United Nations
6	4038	情形	qíngxing	circumstances, situation, state of affairs
6	4039	持有	chíyǒu	to hold (passport, views etc)
6	4043	趁	chèn	to avail oneself ofto take advantage of
6	4049	合并	hébìng	to mergeto annex
6	4056	带领	dàilǐng	to guideto lead
6	4061	探索	tànsuǒ	to explore, to probe
6	4063	对抗	duìkàng	to withstandto resistto stand offantagonism
6	4065	灭	miè	to extinguish or put outto go out (of a fire etc)to exterminate or wipe outto drown
6	4066	秩序	zhìxù	order, orderliness (in society, in the classroom, on the roads etc)
6	4071	血管	xuèguǎn	veinartery
6	4084	热线	rèxiàn	hotline (communications link)
6	4084	娃娃	wáwa	babysmall childdoll
6	4084	以往	yǐwǎng	in the past, formerly
6	4086	关联	guānlián	to be related, to be connectedrelationship, connection
6	4100	金钱	jīnqián	moneycurrency
6	4105	消灭	xiāomiè	to put an end toto annihilateto cause to perishto perish
6	4109	欺骗	qīpiàn	to deceive, to cheat
6	4114	街头	jiētóu	street
6	4117	惊人	jīngrén	astonishing
6	4119	质疑	zhìyí	to call into question, to challenge (the truth or validity of)
6	4123	摩托车	mótuōchē	(loanword) motorbike, motorcycle
6	4125	金融	jīnróng	bankingfinancefinancial
6	4129	贸易	màoyì	(commercial) trade
6	4154	痕迹	hénjì	vestigemarktrace
6	4175	染	rǎn	to dyeto catch (a disease)to acquire (bad habits etc)to contaminate
6	4178	清晰	qīngxī	clear, distinct
6	4184	码头	mǎtou	wharf, dock, quay, pier
6	4192	循环	xúnhuán	to cycleto circulatecircleloop
6	4195	汇报	huìbào	to reportto give an account ofto collect information and report back
6	4197	总裁	zǒngcái	chairmandirector-general (of a company etc)
6	4200	鉴定	jiàndìng	to examine sth to determine its authenticity, quality, value etc, to appraise, to evaluate, to authenticate
6	4200	协调	xiétiáo	to coordinateto harmonizeto fit togetherto match (colors etc)
6	4202	超越	chāoyuè	to surpass, to exceed, to transcend
6	4209	铺	pù	plank bedplace to sleepshopstore
6	4211	泥	ní	mudclaypastepulp
6	4214	正义	zhèngyì	justice, righteousnessjust, righteous(in the titles of traditional commentaries) correct interpretation
6	4219	民众	mínzhòng	the populace, the masses, the common people
6	4233	场景	chǎngjǐng	scene, scenario, situation, setting
6	4241	青春	qīngchūn	youthyouthfulness
6	4243	救援	jiùyuán	to saveto supportto helpto assist
6	4261	欲望	yùwàng	desire, longing, appetite, craving
6	4262	败	bài	to defeatto damageto lose (to an opponent)to fail
6	4265	立场	lìchǎng	positionstandpoint
6	4272	火灾	huǒzāi	serious fire (in a city or a forest etc)
6	4272	认定	rèndìng	to maintain (that sth is true)to determine (a fact)determination (of an amount)of the firm opinion
6	4284	跌	diē	to fallto tumbleto trip(of prices etc) to drop
6	4284	会计	kuàijì	accountantaccountancyaccounting
6	4292	妙	miào	cleverwonderful
6	4295	狮子	shīzi	lion
6	4295	头脑	tóunǎo	brainsmindskull(fig.) gist (of a matter)
6	4297	倒是	dàoshi	contrary to what one might expectactuallycontrariwisewhy don't you
6	4300	此刻	cǐkè	this momentnowat present
6	4303	足以	zúyǐ	sufficient toso much so thatso that
6	4305	尺	chǐ	a Chinese footone-third of a metera rulera tape-measure
6	4315	通信	tōngxìn	to correspond (by letter, email etc)to send or receive messages through telecommunications
6	4318	场面	chǎngmiàn	scenespectacleoccasionsituation
6	4334	祖国	zǔguó	motherland
6	4353	惩罚	chéngfá	penaltypunishmentto punish
6	4356	事务	shìwù	(political, economic etc) affairsworktransaction (as in a computer database)
6	4370	在意	zàiyì	to care aboutto mind
6	4381	寸	cùn	a unit of lengthinchthumb
6	4384	抵抗	dǐkàng	to resistresistance
6	4386	动机	dòngjī	motive, motivation
6	4390	情节	qíngjié	circumstancesplot, storyline
6	4393	虽	suī	althougheven though
6	4393	预期	yùqī	to expectto anticipate
6	4413	吵架	chǎojià	to quarrelto have a rowquarrel
6	4418	货车	huòchē	truckvanfreight wagon
6	4428	出场	chūchǎng	(of a performer) to come onto the stage to perform(of an athlete) to enter the arena to compete(fig.) to enter the scene (e.g. a new product)(of an examinee etc) to leave the venue
6	4429	天才	tiāncái	talentgiftgeniustalented
6	4429	一向	yīxiàng	a period of time in the recent past(indicating a period of time up to the present) all along, the whole time
6	4430	绝望	juéwàng	to despairto give up all hopedesperatedesperation
6	4430	迷人	mírén	fascinatingenchantingcharmingtempting
6	4431	职位	zhíwèi	position, post, job
6	4444	化妆	huàzhuāng	to put on makeup
6	4446	节奏	jiézòu	rhythmtempomusical pulsecadence
6	4446	骗子	piànzi	swindlera cheat
6	4446	外科	wàikē	surgery (branch of medicine)
6	4451	角落	jiǎoluò	corner (of a room, courtyard etc)(fig.) remote spot, nook
6	4455	剧本	jùběn	script, screenplay, scenario, libretto
6	4458	亲密	qīnmì	intimateclose
6	4464	版本	bǎnběn	versioneditionrelease
6	4467	干脆	gāncuì	candiddirect and to the pointsimplyjust
6	4467	干扰	gānrǎo	to disturbto interfereperturbationinterference (physics)
6	4469	肿	zhǒng	to swellswellingswollen
6	4471	途径	tújìng	way, means, channel
6	4472	不安	bù'ān	unpeacefulunstableuneasydisturbed
6	4476	体系	tǐxì	systemsetup
6	4480	遭受	zāoshòu	to suffer, to sustain (loss, misfortune)
6	4482	康复	kāngfù	to recuperateto recover (health)to convalesce
6	4489	穿过	chuānguò	to pass through
6	4493	轨道	guǐdào	track (for trains etc)orbit (of a satellite)(fig.) a person's established path in lifedesired trajectory (of a business or other endeavor)
6	4497	城镇	chéngzhèn	towncities and towns
6	4498	忍受	rěnshòu	to bear, to endure
6	4501	脆弱	cuìruò	weakfrail
6	4509	漫画	mànhuà	caricaturecartoonJapanese manga
6	4518	肩膀	jiānbǎng	shoulder
6	4528	继承	jìchéng	to inheritto succeed to (the throne etc)to carry on (a tradition etc)
6	4555	弥补	míbǔ	to complementto make up for a deficiency
6	4563	扑	pū	to throw oneself atto pounce onto devote one's energiesto flap
6	4566	抵达	dǐdá	to arriveto reach (a destination)
6	4573	肝	gān	liver(slang) to put in long hours, typically late into the night, playing (a video game)(of a video game) involving a lot of repetition in order to progress, grindy
6	4579	也好	yěhǎo	that's finemay as well(reduplicated) regardless of whether ... or
6	4590	偷偷	tōutōu	stealthilysecretlycovertlyfurtively
6	4602	忽略	hūlüè	to neglect, to overlook, to ignore
6	4625	酱	jiàng	thick paste of fermented soybeanmarinated in soy pastepastejam
6	4627	支撑	zhīchēng	to prop upto supportstrutbrace
6	4631	依旧	yījiù	as before, stillto remain the same
6	4633	来临	láilín	to approach, to come closer
6	4636	元素	yuánsù	element (key component of sth)(chemistry) element(math.) element (member of a set)
6	4640	强迫	qiǎngpò	to compelto force
6	4649	浮	fú	to floatsuperficialfloatingunstable
6	4654	奖品	jiǎngpǐn	awardprize
6	4658	仓库	cāngkù	depotstorehousewarehouse
6	4664	回顾	huígù	to look backto review
6	4669	岗位	gǎngwèi	a post, a job
6	4669	模仿	mófǎng	to imitateto copyto emulateto mimic
6	4669	前提	qiántí	premisepreconditionprerequisite
6	4674	破产	pòchǎn	to go bankruptto become impoverishedbankruptcy
6	4675	清洁	qīngjié	cleanto clean
6	4676	内衣	nèiyī	undergarmentunderwear
6	4676	烫	tàng	to scaldto burn (by scalding)to blanch (cooking)to heat (sth) up in hot water
6	4682	焦点	jiāodiǎn	(lit. and fig.) focal point, focus
6	4682	自豪	zìháo	proud (of one's achievements etc)
6	4685	福利	fúlì	benefit (provided by an employer or organization)(social) welfare
6	4690	故障	gùzhàng	malfunctionbreakdowndefectshortcoming
6	4694	手法	shǒufǎ	techniquetrickskill
6	4694	指责	zhǐzé	to criticizeto find fault withto denounce
6	4698	闯	chuǎng	to rushto chargeto dashto break through
6	4704	免疫	miǎnyì	immunity (to disease)
6	4707	戒指	jièzhi	(finger) ring
6	4715	单纯	dānchún	simplepureunsophisticatedmerely
6	4717	割	gē	to cutto cut apart
6	4719	初步	chūbù	initialpreliminarytentative
6	4725	假设	jiǎshè	to supposeto presumeto assumesupposing that
6	4725	困扰	kùnrǎo	to perplexto disturbto cause complications
6	4729	布置	bùzhì	to arrange, to set up, to lay outto assign (tasks, homework etc)
6	4732	优先	yōuxiān	to have priority, to take precedence
6	4734	吊	diào	to suspendto hang upto hang a person
6	4735	手臂	shǒubì	arm (from shoulder to wrist), (fig.) assistant, helper
6	4738	携带	xiédài	to carry (on one's person)to support (old)
6	4749	聚集	jùjí	to assemble, to gather
6	4756	指定	zhǐdìng	to appointto assignto indicate clearly and with certaintydesignated
6	4761	部位	bùwèi	part (esp. of the body, but also of a vegetable, e.g. the root, or a garment, e.g. the sleeve, etc)
6	4761	融入	róngrù	to blend intoto integrateto assimilateto merge
6	4775	激励	jīlì	to encourageto urgemotivationincentive
6	4780	坚定	jiāndìng	firmsteadystaunchresolute
6	4781	粒	lì	grain, granule, pellet, particleclassifier for small round objects (peas, bullets, peanuts, pills, grains etc)(Tw) classifier for larger round objects (watermelon etc)
6	4795	高层	gāocéng	high-risehigh level, high class
6	4795	许可	xǔkě	to allowto permit
6	4796	灾难	zāinàn	disaster, catastrophe
6	4799	以便	yǐbiàn	so thatso as toin order to
6	4817	军人	jūnrén	servicemansoldiermilitary personnel
6	4821	定义	dìngyì	definitionto define
6	4824	图像	túxiàng	image, picture, graphic
6	4825	逗	dòu	to tease (playfully), to entice(coll.) to joke(coll.) funny, amusingto stay, to sojourn
6	4833	飘	piāo	to float (in the air), to flutter, to waftcomplacent, frivolousweak, shaky, wobbly
6	4833	修复	xiūfù	to restore, to renovate(computing) to repair (a corrupted file etc)
6	4838	常规	chángguī	code of conduct, conventions, common practiceroutine (medical procedure etc)
6	4839	依赖	yīlài	to depend on, to be dependent on
6	4846	分散	fēnsàn	to scatterto disperseto distribute
6	4850	误	wù	mistakeerrorto missto harm
6	4852	添	tiān	to add, to increase, to replenish
6	4856	履行	lǚxíng	to fulfill (one's obligations)to carry out (a task)to implement (an agreement)to perform
6	4857	竞赛	jìngsài	to compete, to racecontest, competition, match, race
6	4859	被迫	bèipò	to be compelled, to be forced
6	4859	争夺	zhēngduó	to fight overto contestto vie over
6	4864	扫描	sǎomiáo	to scan
6	4867	理念	lǐniàn	ideaconceptphilosophytheory
6	4870	排名	páimíng	to rank (1st, 2nd etc)ranking
6	4871	频率	pínlǜ	frequency
6	4877	逃跑	táopǎo	to flee from sthto run awayto escape
6	4880	平等	píngděng	equalequality
6	4885	罐	guàn	canjarpot
6	4898	众人	zhòngrén	everyone
6	4902	自愿	zìyuàn	voluntary
6	4916	铜	tóng	copper (chemistry)
6	4917	暗示	ànshì	to hint, to suggesthint, suggestion
6	4920	尖	jiān	pointed, tapering, sharp(of a sound) shrill, piercing(of one's hearing, sight etc) sharp, acute, keento make (one's voice) shrill
6	4920	箭	jiàn	arrow
6	4929	原始	yuánshǐ	firstoriginalprimitiveoriginal (document etc)
6	4933	总算	zǒngsuàn	at long lastfinallyon the whole
6	4939	谈论	tánlùn	to discuss, to talk about
6	4948	扭	niǔ	to turnto twistto wringto sprain
6	4951	转换	zhuǎnhuàn	to changeto switchto convertto transform
6	4952	搭配	dāpèi	to pair upto matchto arrange in pairsto add sth into a group
6	4961	活跃	huóyuè	activelivelyexcitedto enliven
6	4961	净	jìng	cleancompletelyonlynet (income, exports etc)
6	4971	诞生	dànshēng	to be born
6	4974	场合	chǎnghé	occasion, situation, contextsetting, venue
6	4990	收购	shōugòu	to purchase or acquire in bulk or at an official level (esp. by a state or organization)to acquire or take over (a company or equity), acquisition, takeover
6	4998	重建	chóngjiàn	to rebuild, to reconstruct, to reestablish
6	5008	串	chuàn	to string togetherto skewerto connect wronglyto gang up
6	5014	横	héng	horizontalacrosscrosswisehorizontal stroke (in Chinese characters)
6	5015	看好	kānhǎo	to keep an eye on
6	5024	眼光	yǎnguāng	gazeinsightforesightvision
6	5028	占据	zhànjù	to occupy, to hold
6	5029	夸张	kuāzhāng	to exaggerateoverstated, exaggeratedhyperbole(coll.) excessive, ridiculous, outrageous
6	5035	一流	yīliú	top qualityfront ranking
6	5040	管道	guǎndào	tubingpipeline(fig.) channelmeans
6	5050	效应	xiàoyìng	effect (scientific phenomenon)
6	5059	射击	shèjī	to shoot, to fire (a gun)
6	5068	掏	tāo	to fish out (from pocket)to scoop
6	5077	认可	rènkě	to approveapprovalacknowledgmentOK
6	5105	中毒	zhòngdú	to be poisoned
6	5115	家属	jiāshǔ	family member(family) dependent
6	5120	坚决	jiānjué	firm, resolute, determined
6	5139	外表	wàibiǎo	externaloutsideoutward appearance
6	5146	十足	shízú	amplecompletehundred percenta pure shade (of some color)
6	5160	窗口	chuāngkǒu	windowopening providing restricted access (e.g. customer service window)computer operating system windowfig. medium
6	5167	老实	lǎoshi	honest, sincerewell-behavednaive, gullible
6	5177	势力	shìli	powerinfluencea force (military, political etc)
6	5184	抑制	yìzhì	to inhibitto keep downto suppress
6	5186	精心	jīngxīn	with utmost carefinemeticulousdetailed
6	5189	极端	jíduān	extreme
6	5194	理性	lǐxìng	reasonrationalityrational
6	5197	服用	fúyòng	to take (medicine)
6	5210	遗产	yíchǎn	heritagelegacyinheritancebequest
6	5227	捐赠	juānzèng	to contribute (as a gift)to donatebenefaction
6	5233	皇帝	huángdì	emperor
6	5246	交谈	jiāotán	to discuss, to conversechat, discussion
6	5252	取代	qǔdài	to replaceto supersedeto supplant(chemistry) substitution
6	5259	模拟	mónǐ	imitationto simulateto imitateanalog (device, as opposed to digital)
6	5260	住宅	zhùzhái	residence, dwelling, abode
6	5269	丧失	sàngshī	to loseto forfeit
6	5270	争论	zhēnglùn	to argueto debateto contendargument
6	5279	旋转	xuánzhuǎn	to rotateto revolveto spinto whirl
6	5282	吞	tūn	to swallowto take
6	5289	等级	děngjí	graderankstatus
6	5294	正面	zhèngmiàn	frontobverse sideright sidepositive
6	5303	毫不	háobù	hardlynot in the leastnot at all
6	5305	隔壁	gébì	next doorneighbor
6	5307	歪	wāi	askewat a crooked angledeviousnoxious
6	5311	跪	guì	to kneel
6	5314	举动	jǔdòng	actactionactivitymove
6	5314	细菌	xìjūn	bacteriumgerm
6	5317	棉	mián	generic term for cotton or kapokcottonpadded or quilted with cotton
6	5317	外交	wàijiāo	diplomacydiplomaticforeign affairs
6	5339	收益	shōuyì	earningsprofit
6	5341	顾	gù	to look after, to take into consideration, to attend to
6	5345	规矩	guīju	lit. compass and set squarefig. established standardrulecustoms
6	5374	大使	dàshǐ	ambassadorenvoy
6	5376	崇拜	chóngbài	to worshipadoration
6	5379	信念	xìnniàn	faithbeliefconviction
6	5384	模样	múyàng	lookstyleappearanceapproximation
6	5385	当场	dāngchǎng	at the scene, on the spot
6	5385	特定	tèdìng	special, specific, designated, particular
6	5407	看待	kàndài	to look upon, to regard
6	5413	打架	dǎjià	to fightto scuffleto come to blows
6	5421	打造	dǎzào	to forge (metal)(fig.) to create, to build, to develop
6	5431	助手	zhùshǒu	assistant, helper
6	5437	得以	déyǐ	able toso that sb canenablingin order to
6	5443	上市	shàngshì	to hit the market (of a new product)to float (a company on the stock market)
6	5450	猜测	cāicè	to guessto conjectureto surmise
6	5455	典礼	diǎnlǐ	ceremony, celebration
6	5466	场地	chǎngdì	spacesiteplacesports pitch
6	5472	脂肪	zhīfáng	fat (in the body, in a plant, or in food)
6	5477	港口	gǎngkǒu	portharbor
6	5487	著作	zhùzuò	to writeliterary workbookarticle
6	5489	放大	fàngdà	to enlargeto magnify
6	5499	覆盖	fùgài	to cover
6	5503	渠道	qúdào	irrigation ditch(fig.) channel, avenue
6	5505	气质	qìzhì	personality traits, temperament, dispositionaura, air, feel, viberefinement, sophistication, class
6	5509	伤亡	shāngwáng	casualtiesinjuries and deaths
6	5536	缺陷	quēxiàn	defect, flaw
6	5549	酒精	jiǔjīng	(coll.) ethanol, ethyl alcohol
6	5561	总理	zǒnglǐ	premierprime minister
6	5564	限	xiàn	to limitto restrict(bound form) limitbound
6	5565	骨头	gǔtou	bonemoral characterbitterness
6	5572	上级	shàngjí	higher authoritiessuperiors
6	5578	睁	zhēng	to open (one's eyes)
6	5592	金牌	jīnpái	gold medal
6	5594	例外	lìwài	exceptionto be an exception
6	5595	沉重	chénzhòng	heavyhardseriouscritical
6	5598	仪器	yíqì	instrument, apparatus
6	5608	命名	mìngmíng	to give a name toto dubto christento designate
6	5614	赋予	fùyǔ	to assignto entrust (a task)to giveto bestow
6	5614	示范	shìfàn	to demonstrateto show how to do sthdemonstrationa model example
6	5614	严厉	yánlì	severestrict
6	5618	封闭	fēngbì	to close, to seal offto close down (an illegal venue)closed (i.e. isolated from outside input)
6	5634	处罚	chǔfá	to penalizeto punish
6	5637	血压	xuèyā	blood pressure
6	5637	遗传	yíchuán	heredityto inherit (a trait)to pass on (to one's offspring)
6	5643	识别	shíbié	to distinguish, to discern, to identify, to recognize
6	5645	纠正	jiūzhèng	to correctto make right
6	5679	期限	qīxiàn	time limitdeadlineallotted time
6	5680	开启	kāiqǐ	to start, to begin, to initiate (an era, process, journey etc)(computing) to enable (a feature)(of a system or device) to start operating automatically, to self-initiateto open (sth that has been sealed)
6	5685	用心	yòngxīn	motiveintentionto be diligent or attentivecareful
6	5689	流动	liúdòng	to flow, to circulate, to move about, mobile, (of assets) liquid
6	5693	拦	lán	to block sb's pathto obstructto flag down (a taxi)
6	5695	外界	wàijiè	the outside worldexternal
6	5701	奉献	fèngxiàn	to offer respectfullyto consecrateto dedicateto devote
6	5704	漫长	màncháng	very longendless
6	5706	番	fān	(bound form) foreign (non-Chinese), barbarianclassifier for processes or actions that take time and effort(classifier) a kind, a sort(classifier)
6	5717	喜剧	xǐjù	a comedy
6	5724	视觉	shìjué	sightvisionvisual
6	5737	香水	xiāngshuǐ	perfumecologne
6	5739	多余	duōyú	superfluousunnecessarysurplus
6	5739	救助	jiùzhù	to help sb in troubleaidassistance
6	5741	测量	cèliáng	surveyto measureto gaugeto determine
6	5747	走廊	zǒuláng	corridor, aisle, hallway, passageway, veranda
6	5752	汇	huì	to remitto converge (of rivers)to exchange
6	5754	一同	yītóng	together
6	5766	珠宝	zhūbǎo	pearlsjewelsprecious stones
6	5777	赖	lài	to depend onto hang on in a placebadto renege (on promise)
6	5782	冲击	chōngjī	to attackto batter(of waves) to pound againstshock
6	5785	水泥	shuǐní	cement
6	5790	职务	zhíwù	postpositionjobduties
6	5798	愁	chóu	to worry about
6	5804	都市	dūshì	city, metropolis
6	5813	专用	zhuānyòng	specialdedicated
6	5823	天真	tiānzhēn	naiveinnocentartless
6	5829	燃料	ránliào	fuel
6	5831	面子	miànzi	outer surface, the outside of sthsocial prestige, face
6	5845	披	pī	to drape over one's shouldersto opento unrollto split open
6	5855	认同	rèntóng	to approve ofto endorseto acknowledgeto recognize
6	5855	思路	sīlù	line of thought, way of thinking
6	5871	严	yán	tight (closely sealed)sternstrictrigorous
6	5892	尺寸	chǐcun	size, dimensions, measurements (esp. of clothes)(coll.) propriety
6	5925	影子	yǐngzi	shadowreflection(fig.) hintindication
6	5943	海岸	hǎi'àn	coastalseacoast
6	5958	地道	dìdao	authenticgenuineproper
6	5961	通话	tōnghuà	to hold a conversationto talk over the telephonephone call
6	5964	迈	mài	to step, to stride(bound form) old, elderly(loanword) mile (esp. in expressions of vehicle speed)
6	5967	担忧	dānyōu	to worryto be concerned
6	5973	嫌	xián	to dislikesuspicionresentmentenmity
6	5974	赞同	zàntóng	to approve of, to agree with (an opinion, action etc), to endorse
6	6003	融合	rónghé	a mixturean amalgamfusionwelding together
6	6011	焦虑	jiāolǜ	anxiousworriedapprehensive
6	6012	牢	láo	(literary) pen, fold (for livestock)prison, jailfirm, secure, fast
6	6017	延续	yánxù	to continueto go onto last
6	6030	电源	diànyuán	electric power source
6	6034	学位	xuéwèi	academic degreeplace in school
6	6038	考察	kǎochá	to inspectto observe and studyon-the-spot investigation
6	6038	岁月	suìyuè	yearstime
6	6047	伴随	bànsuí	to accompanyto followto occur together withconcomitant
6	6061	争议	zhēngyì	controversydisputeto dispute
6	6063	避	bì	to avoidto shunto fleeto escape
6	6063	肠	cháng	intestines
6	6070	决策	juécè	strategic decisiondecision-makingpolicy decisionto determine policy
6	6075	终身	zhōngshēn	lifelongall one's lifemarriage
6	6077	预定	yùdìng	to arrange in advance
6	6082	称呼	chēnghu	to call, to address asform of address, appellation
6	6091	机遇	jīyù	opportunity, favorable turn of events, stroke of luck
6	6097	嘲笑	cháoxiào	to jeer atto derideto ridiculemockery
6	6107	贫困	pínkùn	impoverishedpoverty
6	6114	家园	jiāyuán	homehomeland
6	6120	含义	hányì	meaning (implicit in a phrase)implied meaninghidden meaninghint
6	6124	清洗	qīngxǐ	to wash, to rinse, to clean(fig.) to purge, to get rid of (corrupt individuals etc)
6	6127	遥远	yáoyuǎn	distant, remote
6	6130	上台	shàngtái	to rise to power (in politics)to go on stage (in the theater)
6	6140	气体	qìtǐ	gas (i.e. gaseous substance)
6	6144	捧	pěng	to hold or offer with both handsto sing the praises ofclassifier for what can be held in both hands
6	6146	层次	céngcì	layerlevelgradationarrangement of ideas
6	6168	服从	fúcóng	to obey (an order)to complyto defer
6	6175	渡	dù	to crossto pass throughto ferry
6	6178	勉强	miǎnqiǎng	to do with difficultyto force sb to do sthreluctantbarely enough
6	6183	大地	dàdì	earthmother earth
6	6186	砖	zhuān	bricktile (floor or wall, not roof)
6	6195	案例	ànlì	case (of fraud, hepatitis, international cooperation etc), instance, example
6	6202	杂	zá	mixedmiscellaneousvariousto mix
6	6204	捉	zhuō	to clutchto grabto capture
6	6241	传达	chuándá	to pass onto conveyto relayto transmit
6	6241	图案	tú'àn	design, pattern
6	6250	纪律	jìlǜ	discipline
6	6251	撤销	chèxiāo	to cancel, to revoke, to rescind(computing) to undo
6	6256	闪电	shǎndiàn	lightning
6	6261	演奏	yǎnzòu	to perform on a musical instrument
6	6265	彩票	cǎipiào	lottery ticket
6	6275	法规	fǎguī	legislationstatute
6	6278	童话	tónghuà	children's fairy tales
6	6290	货币	huòbì	currencymonetarymoney
6	6293	阻碍	zǔ'ài	to obstructto hinderto blockobstruction
6	6298	激发	jīfā	to arouseto stimulate(physics) to excite
6	6310	近来	jìnlái	recentlylately
6	6310	相应	xiāngyìng	to correspondanswering (one another)to agree (among the part)corresponding
6	6312	沟	gōu	ditchguttergroovegully
6	6312	同伴	tóngbàn	companion, comrade, fellow
6	6315	不已	bùyǐ	(used after a verb) endlessly, incessantly
6	6323	天然	tiānrán	natural
6	6325	违规	wéiguī	to violate the rules
6	6344	金额	jīn'é	sum of money, amount of money
6	6358	舌头	shétou	tongueenemy soldier captured for the purpose of extracting information
6	6373	工地	gōngdì	construction site
6	6380	周边	zhōubiān	periphery, rim, perimeter, surroundings(computing) (attributive) peripheralmerch
6	6388	专利	zhuānlì	patentsth uniquely enjoyed (or possessed etc) by a certain group of peoplemonopoly
6	6391	特意	tèyì	speciallyintentionally
6	6397	捐款	juānkuǎn	to donate moneyto contribute fundsdonationcontribution (of money)
6	6397	主演	zhǔyǎn	to play the leading role, to starlead actor
6	6398	合成	héchéng	to composeto constitutecompoundsynthesis
6	6408	预料	yùliào	to forecastto anticipateexpectation
6	6418	约束	yuēshù	to restrictto limit toto constrainrestriction
6	6424	胡子	húzi	beardmustache or whiskersfacial hair(coll.) bandit
6	6441	首要	shǒuyào	the most importantof chief importance
6	6445	公告	gōnggào	postannouncement
6	6454	恶劣	èliè	vilenastyof very poor quality
6	6454	过后	guòhòu	after the event
6	6463	答复	dáfù	to answerto replyReply to: (in email header)
6	6466	传输	chuánshū	to transmittransmission
6	6467	同行	tóngháng	person of the same professionof the same trade, occupation or industry
6	6487	利息	lìxī	interest (on a loan)
6	6489	急救	jíjiù	to give emergency treatmentfirst aid
6	6498	主张	zhǔzhāng	to advocateto stand forviewposition
6	6501	辣椒	làjiāo	hot pepperchili
6	6503	跟随	gēnsuí	to follow
6	6505	罕见	hǎnjiàn	rarerarely seen
6	6515	潮流	cháoliú	tidecurrenttrend
6	6523	恰恰	qiàqià	exactly, just, precisely(loanword) cha-cha, cha-cha-cha (dance)
6	6526	村庄	cūnzhuāng	villagehamlet
6	6556	打动	dǎdòng	to move (to pity)arousing (sympathy)touching
6	6559	争吵	zhēngchǎo	to quarreldispute
6	6567	推销	tuīxiāo	to marketto sell
6	6578	机制	jīzhì	mechanism
6	6579	深夜	shēnyè	very late at night
6	6580	透过	tòuguò	to pass throughto penetrateby means ofvia
6	6591	发育	fāyù	to developto maturegrowthdevelopment
6	6591	一带	yīdài	region, area
6	6594	热门	rèmén	popular, hot, in vogue
6	6594	终点	zhōngdiǎn	the endend pointfinishing line (in a race)destination
6	6603	精确	jīngquè	accurate, precise
6	6606	面部	miànbù	face (body part)
6	6609	规范	guīfàn	normstandardspecificationregulation
6	6613	中断	zhōngduàn	to cut shortto break offto discontinueto interrupt
6	6619	拜访	bàifǎng	to pay a visit, to call on
6	6630	医药	yīyào	medical care and medicinesmedicine (drug)medicalpharmaceutical
6	6634	原料	yuánliào	raw material
6	6636	动态	dòngtài	movementmotiondevelopmenttrend
6	6636	透明	tòumíng	transparent(fig.) transparent, open to scrutiny
6	6641	调节	tiáojié	to adjustto regulateto harmonizeto reconcile (accountancy etc)
6	6642	频繁	pínfán	frequentlyoften
6	6645	供给	gōngjǐ	to furnishto providesupply (as in supply and demand)
6	6668	突发	tūfā	to occur suddenly
6	6676	听取	tīngqǔ	to hear (news), to listen to
6	6683	数目	shùmù	amountnumber
6	6688	当选	dāngxuǎn	to be elected, to be selected
6	6694	散发	sànfā	to distribute, to emit, to give off
6	6701	艺人	yìrén	entertainer, performing artistartisan, craftsman
6	6706	出名	chūmíng	well-known for sthto become well knownto make one's markto lend one's name (to an event, endeavor etc)
6	6716	项链	xiàngliàn	necklace
6	6721	杰出	jiéchū	outstandingdistinguishedremarkableprominent
6	6725	鼓舞	gǔwǔ	to inspire, to encourage, to hearten, to boost (morale)
6	6726	抄	chāo	to make a copyto plagiarizeto search and seizeto raid
6	6727	棍	gùn	stick, rod, truncheonscoundrel, villain
6	6729	佩服	pèifú	to admire
6	6735	树立	shùlì	to set upto establish
6	6742	妨碍	fáng'ài	to hinderto obstruct
6	6744	消耗	xiāohào	to consume, to use upto deplete, to expend(old) news, mail, message
6	6746	以免	yǐmiǎn	in order to avoidso as not to
6	6747	平凡	píngfán	commonplaceordinarymediocre
6	6750	花生	huāshēng	peanut
6	6757	听话	tīnghuà	to do what one is toldobedient
6	6771	言语	yányǔ	wordsspeech(spoken) language
6	6776	前景	qiánjǐng	foregroundvista(future) prospectsperspective
6	6784	传真	chuánzhēn	to faxa fax(literary) to portray vividly in painting
6	6789	片刻	piànkè	short period of timea moment
6	6796	隐私	yǐnsī	secretsprivate businessprivacy
6	6804	庞大	pángdà	huge, enormous, tremendous
6	6810	极为	jíwéi	extremely, exceedingly
6	6816	糖果	tángguǒ	candy
6	6821	智力	zhìlì	intelligenceintellect
6	6827	液体	yètǐ	liquid
6	6830	资本	zīběn	capital (economics)
6	6835	券	quàn	bond (esp. document split in two, with each party holding one half)contractdeed (i.e. title deeds)ticket
6	6851	误解	wùjiě	to misunderstandmisunderstanding
6	6859	宴会	yànhuì	banquetfeastdinner party
6	6862	书面	shūmiàn	in writing, written
6	6867	岸	àn	bank, shore, beach, coast
6	6879	有机	yǒujī	organic
6	6882	次数	cìshù	number of timesfrequencyorder number (in a series)power (math.)
6	6892	素质	sùzhì	inner qualitybasic essence
6	6895	联想	liánxiǎng	to associate (cognitively)to make an associative connectionmental associationword prediction and auto-complete functions of input method editing programs
6	6898	纠纷	jiūfēn	dispute
6	6898	浴室	yùshì	bathroom, shower roombathhouse
6	6901	起点	qǐdiǎn	starting point
6	6902	榜样	bǎngyàng	model, example (for people to follow), (in reference to a person) role model
6	6904	创建	chuàngjiàn	to found, to establish
6	6906	后者	hòuzhě	the latter
6	6927	不顾	bùgù	in spite of, regardless of
6	6929	剩余	shèngyú	to remain, to be left overwhat remains, what's left
6	6939	差异	chāyì	difference, discrepancy
6	6948	气味	qìwèi	odor, scent
6	6954	推测	tuīcè	speculationto conjectureto surmiseto speculate
6	6958	点燃	diǎnrán	to igniteto set on fireaflame
6	6960	思念	sīniàn	to think ofto long forto miss
6	6961	刹车	shāchē	to brake (when driving)to stopto switch offto check (bad habits)
6	6962	歇	xiē	to restto take a breakto stopto halt
6	6967	粥	zhōu	congeegruelporridge
6	6978	原理	yuánlǐ	principletheory
6	6992	层面	céngmiàn	aspect, facetlevel (political, psychological, spiritual etc)(geology) bedding plane
6	6994	符号	fúhào	symbol, mark, sign
6	7003	盛	shèng	flourishingvigorousmagnificentextensively
6	7008	清晨	qīngchén	early morning
6	7015	民间	mínjiān	among the peoplepopularfolknon-governmental
6	7035	占有	zhànyǒu	to haveto ownto holdto occupy
6	7042	外来	wàilái	externalforeignoutside
6	7057	导师	dǎoshī	tutorteacheracademic advisor
6	7063	开头	kāitóu	beginningto start
6	7063	倾听	qīngtīng	to listen attentively
6	7069	消毒	xiāodú	to disinfect, to sterilize
6	7083	原先	yuánxiān	originallyoriginalformer
6	7101	枕头	zhěntou	pillow
6	7107	探讨	tàntǎo	to investigateto probe
6	7113	主导	zhǔdǎo	leadingdominantprevailingto lead
6	7125	论坛	lùntán	forum (for discussion)
6	7129	力度	lìdù	strengthvigorefforts(music) dynamics
6	7146	拐	guǎi	to turn (a corner etc)to kidnapto swindleto misappropriate
6	7153	备用	bèiyòng	reservesparealternatebackup
6	7153	型号	xínghào	model (particular version of a manufactured article)type (product specification in terms of color, size etc)
6	7155	发放	fāfàng	to provideto giveto grant
6	7156	排练	páiliàn	to rehearserehearsal
6	7156	弱点	ruòdiǎn	weak pointfailing
6	7156	学员	xuéyuán	studentmember of an institution of learningofficer cadet
6	7159	专注	zhuānzhù	to focus, to concentrate, to give one's full attention
6	7160	漏洞	lòudòng	leakholegaploophole
6	7169	损坏	sǔnhuài	to damageto injure
6	7172	才华	cáihuá	talent
6	7174	验证	yànzhèng	to inspect and verifyexperimental verificationto validate (a theory)to authenticate
6	7177	水面	shuǐmiàn	water surface
6	7178	栏	lán	fencerailinghurdlecolumn or box (of text or other data)
6	7193	传染	chuánrǎn	to infectcontagious
6	7195	查询	cháxún	to checkto inquireto consult (a document etc)inquiry
6	7200	歌唱	gēchàng	to sing
6	7221	求助	qiúzhù	to request helpto appeal (for help)
6	7228	蛋白质	dànbáizhì	protein
6	7240	维生素	wéishēngsù	vitamin
6	7249	进度	jìndù	rate of progress
6	7254	精致	jīngzhì	delicate, fine, exquisite, refined
6	7257	柔软	róuruǎn	soft
6	7266	值班	zhíbān	to work a shifton duty
6	7293	运营	yùnyíng	to be in operationto do business(of train, bus etc) to be in serviceoperation, service
6	7299	一贯	yīguàn	consistentconstantfrom start to finishall along
6	7305	保管	bǎoguǎn	to hold in safekeeping, to have in one's careto guaranteecertainly, surelycustodian, curator
6	7305	卡片	kǎpiàn	card
6	7305	视力	shìlì	eyesight, visual acuity
6	7322	心目	xīnmù	mind
6	7323	滑雪	huáxuě	to skiskiing
6	7324	胃口	wèikǒu	appetiteliking
6	7329	高尚	gāoshàng	nobleloftyrefinedexquisite
6	7335	负面	fùmiàn	negativethe negative side
6	7342	珍珠	zhēnzhū	pearl(fig.) teardrop, tear
6	7348	采集	cǎijí	to gatherto collectto harvest
6	7348	辅助	fǔzhù	to assist, to aidsupplementary, auxiliary
6	7354	生态	shēngtài	ecology (the study of interactions between organisms and their environment)ecological state (the condition or health of a natural environment)(fig.) ecosystem
6	7357	延伸	yánshēn	to extend, to stretch, to expand, to spread
6	7365	加以	jiāyǐ	(formal) to apply, to carry out, to take action to (do sth), to apply (restrictions etc), to give (support, consideration etc)(literary) moreover, in addition
6	7367	痒	yǎng	to itchto tickle
6	7375	设想	shèxiǎng	to imagineto assumeto envisagetentative plan
6	7384	再生	zàishēng	to be rebornto regenerateto be a second so-and-so (famous dead person)recycling
6	7384	崭新	zhǎnxīn	brand new
6	7388	高峰	gāofēng	peaksummitheight
6	7401	月球	yuèqiú	the moon
6	7407	老太太	lǎotàitai	elderly lady (respectful)esteemed mother
6	7419	躲避	duǒbì	to hideto evadeto dodgeto take shelter
6	7419	疲劳	píláo	fatiguewearilywearinessweary
6	7430	拾	shí	to pick upto collate or arrangeten (banker's anti-fraud numeral)
6	7438	温和	wēnhé	mildgentlemoderate
6	7441	目录	mùlù	catalogtable of contentsdirectory (on computer hard drive)list
6	7445	耽误	dānwu	to delayto hold upto waste timeto interfere with
6	7447	景象	jǐngxiàng	scenesight (to behold)
6	7448	淋	lín	to sprinkleto dripto pourto drench
6	7457	彩虹	cǎihóng	rainbow
6	7469	后退	hòutuì	to recoil, to draw back, to fall back, to retreat
6	7489	枝	zhī	branchclassifier for sticks, rods, pencils etc
6	7517	物体	wùtǐ	object, body, substance
6	7519	职员	zhíyuán	office workerstaff member
6	7527	商标	shāngbiāo	trademarklogo
6	7530	旅途	lǚtú	journey, trip
6	7537	本能	běnnéng	instinct
6	7539	塑造	sùzào	to model, to mold(fig.) to create (a character, a market, an image etc)(fig.) (literature) to portray (in words)
6	7554	薪水	xīnshuǐ	salarywage
6	7561	衡量	héngliáng	to weighto examineto consider
6	7563	师父	shīfu	used for (in Taiwan)masterqualified worker
6	7565	健全	jiànquán	robustsound
6	7581	先前	xiānqián	before, previously
6	7587	心爱	xīn'ài	beloved
6	7622	调动	diàodòng	to transferto maneuver (troops etc)movement of personnelto mobilize
6	7639	默默	mòmò	in silence, not speaking
6	7641	辅导	fǔdǎo	to guide, to mentor, to counsel, to coach, to tutor
6	7646	未必	wèibì	not necessarilymaybe not
6	7652	建筑物	jiànzhùwù	buildingstructureedifice
6	7654	采购	cǎigòu	to procure (for an enterprise etc)to purchase
6	7656	旅程	lǚchéng	journeytrip
6	7660	本土	běntǔ	one's native countrynativelocalmetropolitan territory
6	7670	阻挡	zǔdǎng	to stopto resistto obstruct
6	7676	恰当	qiàdàng	appropriatesuitable
6	7683	疑惑	yíhuò	to doubtto distrustunconvincingto puzzle over
6	7699	监测	jiāncè	to monitor
6	7705	称号	chēnghào	nameterm of addresstitle
6	7708	叉	chā	forkpitchforkprongpick
6	7709	追究	zhuījiū	to investigateto look into
6	7732	拖延	tuōyán	to delayto put offto procrastinate
6	7733	文物	wénwù	cultural relichistorical relic
6	7735	个体	gètǐ	an individualself-employed individual, small business operator
6	7736	墙壁	qiángbì	wall
6	7738	开关	kāiguān	power switchgas valveto open the city (or frontier) gateto open and close
6	7743	昂贵	ángguì	expensivecostly
6	7743	仍旧	réngjiù	still (remaining)to remain (the same)yet
6	7745	圆满	yuánmǎn	satisfactory, consummate, perfect
6	7746	古典	gǔdiǎn	classical
6	7757	大方	dàfang	generousmagnanimousstylishin good taste
6	7784	启发	qǐfā	to enlightento explain (a text etc)to stimulate (a mental attitude)enlightenment
6	7796	壶	hú	potclassifier for bottled liquid
6	7820	步骤	bùzhòu	procedurestep
6	7820	订单	dìngdān	(purchase) order
6	7829	远程	yuǎnchéng	remotelong distancelong range
6	7832	选拔	xuǎnbá	to select the best
6	7842	人事	rénshì	personnelhuman resourceshuman affairsways of the world
6	7843	当今	dāngjīn	the present time(old) (in reference to the reigning monarch) His Majesty
6	7847	可行	kěxíng	feasible
6	7876	恰好	qiàhǎo	as it turns outby lucky coincidence(of number, time, size etc) just right
6	7898	进化	jìnhuà	to evolve (biologically, technologically etc), evolution
6	7905	出示	chūshì	to showto take out and show to othersto display
6	7906	洪水	hóngshuǐ	deluge, flood
6	7917	风光	fēngguāng	sceneviewsightlandscape
6	7920	为难	wéinán	to feel embarrassed or awkwardto make things difficult (for someone)to find things difficult (to do or manage)
6	7933	改编	gǎibiān	to adaptto rearrangeto revise
6	7936	吸取	xīqǔ	to absorbto draw (a lesson, insight etc)to assimilate
6	7950	心愿	xīnyuàn	cherished desiredreamcravingwish
6	7954	股市	gǔshì	stock market
6	7960	至关重要	zhìguānzhòngyào	extremely importantvitalcrucialessential
6	7964	充实	chōngshí	richfullsubstantialto enrich
6	7967	识	shí	to knowknowledge
6	7978	往后	wǎnghòu	from now onin the futuretime to come
6	7980	处处	chùchù	everywherein all respects
6	7982	不至于	bùzhìyú	unlikely to go so far as to, not as bad as
6	7983	同类	tónglèi	similarsame typealike
6	8000	醋	cù	vinegarjealousy (in love rivalry)
6	8004	身心	shēnxīn	body and mindmental and physical
6	8011	夸	kuā	to boast, to exaggerateto praise
6	8013	干燥	gānzào	(of weather, climate, soil etc) dry, arid(of skin, mouth etc) dry(fig.) dull, dry, boring(of timber etc) to dry out, to season, to cure
6	8021	不禁	bùjīn	can't help (doing sth)can't refrain from
6	8030	嗓子	sǎngzi	throatvoice
6	8033	使劲	shǐjìn	to exert all one's strength
6	8039	支出	zhīchū	to spend, to pay outexpenses, expenditure
6	8049	中奖	zhòngjiǎng	to win a prize (in a lottery etc)
6	8059	诗歌	shīgē	poem
6	8059	征求	zhēngqiú	to solicitto seekto request (opinions, feedback etc)to petition
6	8061	全程	quánchéng	the whole distance, from beginning to end
6	8061	认知	rènzhī	cognitioncognitiveunderstandingperception
6	8079	周期	zhōuqī	periodcycle
6	8092	坡	pō	slopeslopingslanted
6	8094	氛围	fēnwéi	ambience, atmosphere
6	8095	求婚	qiúhūn	to propose marriage
6	8119	信赖	xìnlài	to trustto have confidence into have faith into rely on
6	8137	口号	kǒuhào	slogancatchphrase
6	8143	拆除	chāichú	to tear downto demolishto dismantleto remove
6	8143	蜜蜂	mìfēng	beehoneybee
6	8156	品尝	pǐncháng	to have a taste of, to sample
6	8179	一模一样	yīmúyīyàng	(idiom) exactly alike, identical
6	8197	煤	méi	coal
6	8208	收取	shōuqǔ	to receiveto collect
6	8212	强化	qiánghuà	to strengthento intensify
6	8213	借助	jièzhù	to draw support fromwith the help of
6	8215	形态	xíngtài	shapeformpatternmorphology
6	8232	夺取	duóqǔ	to seizeto captureto wrest control of
6	8242	不曾	bùcéng	hasn't yet, hasn't ever
6	8249	摄像	shèxiàng	to videotape
6	8271	间接	jiànjiē	indirect
6	8282	运送	yùnsòng	to transportto carry
6	8288	打仗	dǎzhàng	to fight a battleto go to war
6	8288	特地	tèdì	speciallyfor a special purpose
6	8294	强壮	qiángzhuàng	strongsturdyrobust
6	8296	出入	chūrù	to go out and come inentrance and exitexpenditure and incomediscrepancy
6	8298	区分	qūfēn	to differentiateto draw a distinctionto divide into categories
6	8300	报社	bàoshè	newspaper (i.e. a company)
6	8302	筹备	chóubèi	preparationsto get ready for sth
6	8314	结尾	jiéwěi	endingcodato wind up
6	8324	题材	tícái	subject matter
6	8338	通用	tōngyòng	to use anywhere, anytime (card, ticket etc)to be used by everyone (language, textbook etc)(of two or more things) interchangeable
6	8342	钓鱼	diàoyú	to fish (with line and hook), to angle(fig.) to entrap(Tw) to repeatedly nod one's head while dozing
6	8352	迫切	pòqiè	urgent, pressing
6	8359	打交道	dǎjiāodào	to come into contact withto have dealings
6	8368	兼职	jiānzhí	to hold concurrent postsconcurrent jobmoonlighting
6	8369	大致	dàzhì	more or less, roughly, approximately
6	8383	当代	dāngdài	the present agethe contemporary era
6	8390	捕	bǔ	to catch, to seize, to capture
6	8391	好感	hǎogǎn	good opinionfavorable impression
6	8392	搜集	sōují	to gather, to collect
6	8426	大臣	dàchén	chancellor (of a monarchy)cabinet minister
6	8427	配备	pèibèi	to allocateto provideto outfit with
6	8428	难免	nánmiǎn	hard to avoiddifficult to escape fromwill inevitably
6	8438	泼	pō	to splashto spillrough and coarsebrutish
6	8447	招待	zhāodài	to hold a reception, to offer hospitality, to entertain (guests), to serve (customers)
6	8457	性能	xìngnéng	function, performance, behavior
6	8462	过渡	guòdù	to cross over (by ferry)transitioninterimcaretaker (administration)
6	8489	关怀	guānhuái	caresolicitudeto show care forconcerned about
6	8521	入选	rùxuǎn	to be included among those selected for
6	8534	密度	mìdù	density, concentration
6	8539	发光	fāguāng	to emit light, to shine, to glow, to glisten, to be luminous
6	8541	流通	liútōng	to circulate, to distributecirculation, distribution
6	8547	不时	bùshí	from time to timenow and thenoccasionallyfrequently
6	8548	主流	zhǔliú	main stream (of a river)fig. the essential pointmain viewpoint of a mattermainstream (culture etc)
6	8559	陪同	péitóng	to accompany
6	8559	向往	xiàngwǎng	to yearn forto look forward to
6	8569	一身	yīshēn	whole bodyfrom head to toesingle persona suit of clothes
6	8572	中等	zhōngděng	medium
6	8579	拥挤	yōngjǐ	crowdedto throngcongestion
6	8613	一道	yīdào	together
6	8624	反馈	fǎnkuì	to send back informationfeedback
6	8649	精美	jīngměi	exquisite, elegant, fine
6	8651	挫折	cuòzhé	setbackreversecheckdefeat
6	8658	储存	chǔcún	stockpileto storeto stockpilestorage
6	8673	正规	zhèngguī	regularaccording to standards
6	8678	储蓄	chǔxù	to save money (in a bank)savings
6	8683	事后	shìhòu	after the eventin hindsightin retrospect
6	8694	看重	kànzhòng	to regard as important, to value
6	8720	往来	wǎnglái	dealingscontactsto go back and forth
6	8721	后代	hòudài	descendant, progenyposterity, later ages, later generations
6	8723	制品	zhìpǐn	productsgoods
6	8734	来往	láiwǎng	to come and goto have dealings withto be in relation with
6	8740	未成年人	wèichéngniánrén	minor (i.e. person under 18)
6	8741	关爱	guān'ài	to show concern and care for
6	8741	特性	tèxìng	propertycharacteristic
6	8743	草原	cǎoyuán	grasslandprairie
6	8756	内涵	nèihán	meaningful contentimplication(semantics) connotationinner qualities (of a person)
6	8756	灾	zāi	disaster, calamity
6	8759	凡是	fánshì	each and every, every, all, any
6	8773	起初	qǐchū	originally, at first, at the outset
6	8774	小麦	xiǎomài	wheat
6	8778	氧气	yǎngqì	oxygen
6	8782	保健	bǎojiàn	health protectionhealth careto maintain in good health
6	8792	弹性	tánxìng	flexibilityelasticity
6	8802	转动	zhuàndòng	to rotate (about an axis)to revolveto turnto move in a circle
6	8806	富裕	fùyù	prosperous, well-to-do, well-off
6	8807	脆	cuì	brittlefragilecrispcrunchy
6	8810	日益	rìyì	day by daymore and moreincreasinglymore and more with each passing day
6	8828	株	zhū	tree trunkstump (tree root)a plantclassifier for trees or plants
6	8841	不适	bùshì	unwellindisposedout of sorts
6	8844	野生	yěshēng	wildundomesticated
6	8852	概率	gàilǜ	probability (math.)
6	8861	残疾	cánjí	disabledhandicappeddeformity on a person or animal
6	8863	补贴	bǔtiē	to subsidizesubsidyallowanceto supplement (one's salary etc)
6	8886	落地	luòdì	to fall to the ground, to be set on the ground, to reach to the ground(of a baby) to be born(of a plane) to land(fig.) to be implemented, to be put into practice
6	8893	体操	tǐcāo	gymnasticgymnastics
6	8910	肥胖	féipàng	fat, obese
6	8935	持久	chíjiǔ	lastingenduringpersistentpermanent
6	8940	称作	chēngzuò	to be called, to be known as
6	8942	台风	táifēng	stage presence, poise
6	8961	承办	chéngbàn	to undertaketo accept a contract
6	8983	融化	rónghuà	to meltto thawto dissolveto blend into
6	8984	款式	kuǎnshì	patternstyledesign
6	8987	流程	liúchéng	coursestreamsequence of processeswork flow in manufacturing
6	8987	巧妙	qiǎomiào	ingenious, cleveringenuity, artifice
6	9005	书籍	shūjí	booksworks
6	9009	上述	shàngshù	aforementionedabove-mentioned
6	9019	碰撞	pèngzhuàng	to collidecollision
6	9024	录制	lùzhì	to record (video or audio)
6	9035	鲨鱼	shāyú	shark
6	9041	访谈	fǎngtán	to visit and discussto interview
6	9058	土壤	tǔrǎng	soil
6	9062	污水	wūshuǐ	sewage
6	9070	眉毛	méimao	eyebrow
6	9082	扩展	kuòzhǎn	to extendto expandextensionexpansion
6	9101	痛快	tòngkuài	delightedto one's heart's contentstraightforward
6	9104	繁殖	fánzhí	to breedto reproduceto propagate
6	9105	加重	jiāzhòng	to make heavierto emphasize(of an illness etc) to become more seriousto aggravate (a bad situation)
6	9120	被动	bèidòng	passive
6	9152	当面	dāngmiàn	to sb's facein sb's presence
6	9160	眼看	yǎnkàn	soonin a momentto look on as sth happens
6	9165	课题	kètí	taskproblemissue
6	9172	犹如	yóurú	similar to, like
6	9185	饥饿	jī'è	hungerstarvationfamine
6	9191	竖	shù	to erectverticalvertical stroke (in Chinese characters)
6	9217	实质	shízhì	substanceessence
6	9224	人为	rénwéi	artificialman-madehaving human cause or originhuman attempt or effort
6	9246	描写	miáoxiě	to describe, to depict, to portraydepiction, portrayal
6	9253	添加	tiānjiā	to add, to increase
6	9297	要点	yàodiǎn	main pointessential
6	9317	截止	jiézhǐ	to end, to close(electricity) cut-off
6	9341	发病	fābìng	(of an illness) to occur(of a person) to get sick, to fall illonset (of a medical condition)
6	9342	匆匆	cōngcōng	hurriedly
6	9360	高等	gāoděng	high-levelhigher (animals, education etc)advanced (math etc)
6	9363	当下	dāngxià	immediatelyat onceat that momentat the moment
6	9367	描绘	miáohuì	to describe, to depict, to portray
6	9386	观光	guānguāng	to toursightseeingtourism
6	9397	舅舅	jiùjiu	mother's brothermaternal uncle (informal)
6	9398	时速	shísù	speed per hour
6	9427	归还	guīhuán	to return sthto revert
6	9446	相连	xiānglián	to linkto joinlinkconnection
6	9451	限于	xiànyú	to be limited toto be confined to
6	9463	公益	gōngyì	public good, public welfare, public interest
6	9468	乐器	yuèqì	musical instrument
6	9483	事项	shìxiàng	matteritem
6	9485	天然气	tiānránqì	natural gas
6	9507	赞赏	zànshǎng	to admireto praiseto appreciate
6	9527	解读	jiědú	to decipherto decodeto interpret
6	9535	棕色	zōngsè	brown
6	9540	对应	duìyìng	to correspond (to), to be equivalent to, to be a counterpart to
6	9553	明亮	míngliàng	brightshiningglitteringto become clear
6	9572	通风	tōngfēng	airyventilationto ventilateto disclose information
6	9573	奔跑	bēnpǎo	to run
6	9578	减弱	jiǎnruò	to weaken, to diminish
6	9589	绘画	huìhuà	to draw, to paint
6	9597	后期	hòuqī	late stagelater period
6	9599	棒球	bàngqiú	baseball
6	9604	议论	yìlùn	to commentto talk aboutto discussdiscussion
6	9608	方位	fāngwèi	directionpoints of the compassbearingposition
6	9618	衰老	shuāilǎo	to ageto deteriorate with ageold and weak
6	9621	理财	lǐcái	to manage wealth, to manage finances, money management
6	9629	上当	shàngdàng	taken in (by sb's deceit)to be fooledto be duped
6	9637	筛选	shāixuǎn	to filter
6	9640	桥梁	qiáoliáng	bridge (lit. and fig.)
6	9642	手势	shǒushì	gesture, sign, signal
6	9677	观赏	guānshǎng	to look at sth with pleasure, to watch (sth marvelous)ornamental
6	9679	重心	zhòngxīn	focus, emphasis, priority(physics) center of gravity(geometry) centroid
6	9699	开创	kāichuàng	to initiate, to start, to found
6	9707	谦虚	qiānxū	modestself-effacingto make modest remarks
6	9722	源于	yuányú	has its origins in
6	9723	启示	qǐshì	to revealto enlightenenlightenmentrevelation
6	9731	构造	gòuzào	structurecompositiontectonic (geology)
6	9776	国旗	guóqí	flag (of a country)
6	9779	漂	piāo	to floatto drift
6	9792	剧烈	jùliè	violent, acute, severe, fierce
6	9803	水库	shuǐkù	reservoir
6	9841	成千上万	chéngqiānshàngwàn	(lit.) by the thousands and tens of thousands (idiom)(fig.) untold numbers, innumerable, countless
6	9848	发票	fāpiào	invoice, receipt, billuniform invoice
6	9856	巩固	gǒnggù	to consolidate, to strengthenfirm, solid, stable
6	9883	艰辛	jiānxīn	hardshipsarduousdifficult
6	9885	广阔	guǎngkuò	widevast
6	9897	保暖	bǎonuǎn	to keep warm
6	9931	祝愿	zhùyuàn	to wish
6	9934	大吃一惊	dàchīyījīng	(idiom) astounded, flabbergasted, taken aback
6	9937	叙述	xùshù	to relate (a story or information)to tell or talk aboutto recountnarration
6	9938	山顶	shāndǐng	hilltop
6	9945	过时	guòshí	old-fashionedout of dateto be later than the time stipulated or agreed upon
6	9950	路程	lùchéng	routepath traveleddistance traveledcourse (of development)
6	9959	引入	yǐnrù	to draw intoto pull intoto introduce
6	9971	成效	chéngxiào	effectresult
6	9992	众所周知	zhòngsuǒzhōuzhī	(idiom) as everyone knows
6	9997	顽强	wánqiáng	tenacioushard to defeat
6	10002	传染病	chuánrǎnbìng	infectious disease, contagious disease, communicable disease
6	10025	匆忙	cōngmáng	hastyhurried
6	10026	要素	yàosù	essential factorkey constituent
6	10032	转让	zhuǎnràng	to transfer (ownership, rights etc)
6	10054	不成	bùchéng	won't dounable to(at the end of a rhetorical question) can that be?
6	10081	景观	jǐngguān	landscape
6	10092	淹没	yānmò	to submergeto drownto floodto drown out (also fig.)
6	10100	背心	bèixīn	sleeveless garment (vest, waistcoat, singlet, tank top etc)
6	10127	一再	yīzài	repeatedly
6	10131	白白	báibái	in vainto no purposefor nothingwhite
6	10150	野外	yěwài	countrysideareas outside the city
6	10156	培育	péiyù	to trainto breed
6	10174	弯曲	wānqū	to bendto curve aroundcurvedcrooked
6	10181	亲属	qīnshǔ	kinkindredrelatives
6	10184	发电	fādiàn	to generate electricityto send a telegram
6	10196	创办	chuàngbàn	to establish, to found
6	10206	齐全	qíquán	completecomprehensive
6	10215	太阳能	tàiyángnéng	solar energy
6	10239	远方	yuǎnfāng	far awaya distant location
6	10248	名额	míng'é	quotanumber of placesplace (in an institution, a group etc)
6	10261	解答	jiědá	to solve (a problem)to resolve (a difficulty)to provide an answersolution
6	10262	轮椅	lúnyǐ	wheelchair
6	10263	求救	qiújiù	to seek help (when in distress or having difficulties)
6	10301	灰尘	huīchén	dust
6	10303	盼望	pànwàng	to hope for, to look forward to
6	10311	输出	shūchū	to output, to deliver (energy, data, signals etc)to export (goods, services, technology etc)
6	10320	轮流	lúnliú	to alternate, to take turns
6	10344	鲜明	xiānmíng	(of colors) bright, fresh and clearclear-cut, distinct
6	10368	诸多	zhūduō	(used for abstract things) a good deal, a lot of
6	10374	木材	mùcái	wood
6	10375	闻名	wénmíng	well-knownfamousrenownedeminent
6	10384	切实	qièshí	feasiblerealisticpracticalearnestly
6	10419	结实	jiēshi	ruggedsturdystrongdurable
6	10424	古人	gǔrén	people of ancient timesthe ancientsextinct human species such as Homo erectus or Homo neanderthalensis(literary) deceased person
6	10437	船只	chuánzhī	shipboatvessel
6	10472	配套	pèitào	to form a complete setcompatiblematchingcomplementary
6	10481	前期	qiánqī	preceding periodearly stage
6	10488	还原	huányuán	to restore to the original stateto reconstruct (an event)reduction (chemistry)
6	10510	延期	yánqī	to delayto extendto postponeto defer
6	10511	不宜	bùyí	not suitableinadvisableinappropriate
6	10512	垂直	chuízhí	perpendicular, vertical
6	10519	出境	chūjìng	to leave a country or regionoutbound (tourism)
6	10575	治理	zhìlǐ	to governto administerto manageto control
6	10577	姑姑	gūgu	paternal aunt
6	10579	幅度	fúdù	widthextentrangescope
6	10582	暖气	nuǎnqì	central heatingheaterwarm air
6	10593	悲观	bēiguān	pessimistic
6	10602	评选	píngxuǎn	to select on the basis of a vote or consensus
6	10605	率领	shuàilǐng	to leadto commandto head
6	10611	创立	chuànglì	to establish, to set up, to found
6	10615	自助	zìzhù	self-service
6	10617	祖先	zǔxiān	ancestors, forebears(biology) ancestral species, ancient species from which present-day species evolved
6	10626	委屈	wěiqu	wronged, aggrievedto inconvenience, to put (sb) at a disadvantage, to do sb wrongsense of being wronged
6	10629	特长	tècháng	personal strengthone's special ability or strong points
6	10648	薄弱	bóruò	weak, frail
6	10648	主办	zhǔbàn	to organizeto host (a conference or sports event)
6	10650	公认	gōngrèn	publicly known (to be)accepted (as)
6	10675	开设	kāishè	to offer (goods or services)to open (for business etc)
6	10677	百分点	bǎifēndiǎn	percentage point
6	10707	专题	zhuāntí	specific topic (addressed by a book, lecture, TV program etc)article, report or program etc on a specific topic
6	10715	用餐	yòngcān	to eat a meal
6	10723	工夫	gōngfu	period of time (may be months, or mere seconds)spare timeskilllabor
6	10726	看似	kànsì	to look as if, to seem
6	10729	生成	shēngchéng	to generate, to produce, to form, to be formed, to come into beingto be born with, to be blessed with
6	10742	繁忙	fánmáng	busybustling
6	10745	订婚	dìnghūn	to get engaged
6	10748	习俗	xísú	customtraditionlocal traditionconvention
6	10780	金子	jīnzi	gold
6	10813	口腔	kǒuqiāng	oral cavity
6	10838	寿命	shòumìng	life spanlife expectancylifetime (of a machine)
6	10875	划分	huàfēn	to divide upto partitionto differentiate
6	10883	体积	tǐjī	volume (amount of space an object occupies)
6	10905	地域	dìyù	areadistrictregion
6	10916	热点	rèdiǎn	hot spotpoint of special interest
6	10935	人行道	rénxíngdào	sidewalk
6	10949	周到	zhōudào	thoughtfulconsiderateattentivethorough
6	10963	摆放	bǎifàng	to set up, to arrange, to lay out
6	10968	精通	jīngtōng	to be proficient into master (a subject)
6	10986	看中	kànzhòng	to have a preference forto fancyto choose after considerationto settle on
6	11026	自来水	zìláishuǐ	running water, tap water
6	11043	地形	dìxíng	topographyterrainlandform
6	11083	细致	xìzhì	delicatefinecarefulmeticulous
6	11087	畅销	chàngxiāo	to sell wellbestselling, chart-topping
6	11088	名气	míngqi	reputation, fame
6	11095	适宜	shìyí	suitableappropriate
6	11131	养老	yǎnglǎo	to provide for the elderly (family members)to enjoy a life in retirement
6	11134	百货	bǎihuò	general merchandise
6	11193	比方	bǐfang	analogy, illustrative examplefor instance
6	11207	路面	lùmiàn	road surface
6	11218	局限	júxiàn	to limitto confineto restrict sth within set boundaries
6	11281	酱油	jiàngyóu	soy sauce
6	11308	青春期	qīngchūnqī	pubertyadolescence
6	11363	面粉	miànfěn	flour
6	11376	快捷	kuàijié	quickfastnimbleagile
6	11378	空地	kòngdì	vacant landopen space
6	11394	压缩	yāsuō	to compress, compression
6	11436	财物	cáiwù	propertybelongings
6	11452	考古	kǎogǔ	archaeologyto engage in archaeological studies
6	11462	限度	xiàndù	limit
6	11475	姨	yí	mother's sisteraunt
6	11477	排放	páifàng	to arrange in orderto emit, to discharge (exhaust gas, waste water etc)(of animals) to ovulate, to discharge semen
6	11481	白领	báilǐng	white-collarwhite-collar worker
6	11501	滑冰	huábīng	to skateskating
6	11504	密集	mìjí	concentratedcrowded togetherintensivecompressed
6	11527	交际	jiāojì	communicationsocial intercourse
6	11544	仰	yǎng	to face upwardto look upto admireto rely on
6	11551	字幕	zìmù	subtitles, captions (of a movie etc)
6	11554	亚军	yàjūn	second place (in a sports contest)runner-up
6	11560	徒弟	túdì	apprenticedisciple
6	11601	前者	qiánzhě	the former (i.e. the one mentioned first)
6	11618	号召	hàozhào	to callto appeal
6	11622	间隔	jiàngé	gapintervalcompartmentto divide
6	11649	感想	gǎnxiǎng	impressionsreflectionsthoughts
6	11650	入境	rùjìng	to enter a country
6	11661	照明	zhàomíng	lightingilluminationto light upto illuminate
6	11668	地质	dìzhì	geology
6	11680	相差	xiāngchà	to differ
6	11708	账单	zhàngdān	bill
6	11712	短缺	duǎnquē	shortage
6	11719	菊花	júhuā	chrysanthemum(TCM) chrysanthemum flower(slang) anus
6	11723	书写	shūxiě	to write
6	11743	大都	dàdū	for the most parton the wholemetropolitan
6	11770	文献	wénxiàn	reference material (used in scholarly study)
6	11773	夸奖	kuājiǎng	to praiseto applaudto compliment
6	11792	盲人	mángrén	blind person
6	11797	潮湿	cháoshī	dampmoist
6	11822	讲解	jiǎngjiě	to explain
6	11832	容量	róngliàng	capacityvolumequantitative (science)
6	11845	编写	biānxiě	to compile
6	11857	香肠	xiāngcháng	sausage
6	11863	抽奖	chōujiǎng	to draw a prizea lotterya raffle
6	11871	认错	rèncuò	to admit an errorto acknowledge one's mistake
6	11883	传授	chuánshòu	to impart, to pass on, to teach
6	11892	伤员	shāngyuán	wounded person
6	11945	均匀	jūnyún	evenwell-distributedhomogeneouswell-proportioned (figure, body etc)
6	11950	起源	qǐyuán	originto originateto come from
6	11966	火柴	huǒchái	match (for lighting fire)
6	11967	倒闭	dǎobì	to go bankruptto close down
6	11999	耳环	ěrhuán	earring
6	11999	坚固	jiāngù	firmfirmlyhardstable
6	12036	兴起	xīngqǐ	to riseto spring upto burgeonto be aroused
6	12047	为期	wéiqī	(to be done) by (a certain date)lasting (a certain time)
6	12071	多亏	duōkuī	thanks toluckily
6	12143	用处	yòngchu	usefulness
6	12160	海域	hǎiyù	sea areaterritorial watersmaritime space
6	12191	输送	shūsòng	to transport, to convey, to deliver
6	12192	功效	gōngxiào	efficacy
6	12208	口头	kǒutóu	oralverbal
6	12245	就读	jiùdú	to go to school
6	12276	勇于	yǒngyú	to dare toto be brave enough to
6	12281	日夜	rìyè	day and nightaround the clock
6	12288	反思	fǎnsī	to think back over sthto reviewto revisitto rethink
6	12308	麦克风	màikèfēng	(loanword) microphone
6	12319	公元	gōngyuán	CE (Common Era)Christian EraAD (Anno Domini)
6	12321	流量	liúliàng	flow rate, throughput of passengers, volume of traffic(hydrology) dischargedata traffic, network traffic, website traffic, mobile data
6	12339	厂商	chǎngshāng	manufacturerproducer
6	12340	高原	gāoyuán	plateau
6	12344	套餐	tàocān	set meal(fig.) product or service package (e.g. for a cell phone subscription)
6	12345	图表	túbiǎo	chartdiagram
6	12382	考核	kǎohé	to examineto check up onto assessto review
6	12389	食欲	shíyù	appetite
6	12392	风雨	fēngyǔ	wind and rainthe elements(fig.) trials and hardships
6	12404	瓷器	cíqì	chinawareporcelain
6	12451	日后	rìhòu	sometimesomeday (in the future)
6	12452	严禁	yánjìn	to strictly prohibit
6	12496	劳动力	láodònglì	labor forcemanpower
6	12568	抽象	chōuxiàng	abstractabstraction
6	12604	采纳	cǎinà	to acceptto adopt
6	12623	分工	fēngōng	to divide up the workdivision of labor
6	12655	率先	shuàixiān	to take the leadto show initiative
6	12690	历经	lìjīng	to experience, to go through
6	12725	对立	duìlì	to opposeto set sth againstto be antagonistic toantithetical
6	12729	科幻	kēhuàn	science fiction
6	12737	厂家	chǎngjiā	factory, manufacturer(coll.) a factory owner, the factory management
6	12755	跳水	tiàoshuǐ	to dive (into water)(sports) divingto commit suicide by jumping into water(fig.) (of stock prices etc) to fall dramatically
6	12757	推行	tuīxíng	to implement, to carry out, to introduce (a policy, system, reform etc)to promote, to advance (the practice of an art form, the use of a language etc)to push along (a bicycle etc while walking)
6	12761	话筒	huàtǒng	microphone(telephone) receiver, handsetmegaphone(fig.) mouthpiece, spokesperson
6	12772	钟头	zhōngtóu	(coll.) hour
6	12794	台球	táiqiú	billiards
6	12798	互助	hùzhù	to help each other
6	12806	丰收	fēngshōu	to reap a bumper harvest
6	12862	田径	tiánjìng	track and field (athletics)
6	12898	趣味	qùwèi	fun, interest, delighttaste, liking, preference
6	12915	枯燥	kūzào	dry and dull, uninteresting, tedious
6	12917	解说	jiěshuō	to explain (verbally), to give a running commentary
6	12928	一口气	yīkǒuqì	one breathin one breathat a stretch
6	12942	方言	fāngyán	topolectdialect
6	12943	确立	quèlì	to establishto institute
6	12994	单调	dāndiào	monotonous
6	13011	淹	yān	to floodto submergeto drownto irritate the skin (of liquids)
6	13012	优异	yōuyì	exceptional, outstandingly good
6	13013	媳妇	xífù	daughter-in-lawwife of a younger brother or relative of the younger generation
6	13047	北极	běijí	the North Polethe north magnetic pole
6	13075	博览会	bólǎnhuì	an exposition, an international fair
6	13080	儿科	érkē	pediatrics
6	13083	变质	biànzhì	to degenerate, to deteriorate(of food) to go bad, to go off(geology) metamorphism
6	13098	贵重	guìzhòng	precious
6	13115	动听	dòngtīng	pleasant to listen to
6	13139	二氧化碳	èryǎnghuàtàn	carbon dioxide CO2
6	13165	急切	jíqiè	eagerimpatient
6	13208	长寿	chángshòu	longevitylong-lived
6	13231	脚印	jiǎoyìn	footprint
6	13234	流入	liúrù	to flow into, inflow
6	13236	小气	xiǎoqì	stingymiserlynarrow-mindedpetty
6	13237	接连	jiēlián	on endin a rowin succession
6	13257	进而	jìn'ér	and then, and thereby, and in turn
6	13261	简化	jiǎnhuà	to simplify
6	13265	诚信	chéngxìn	honesty, trustworthiness, good faith
6	13271	可口	kěkǒu	tasty, to taste good
6	13301	再三	zàisān	over and over againagain and again
6	13307	海面	hǎimiàn	the surface of the sea, ocean surface
6	13336	不耐烦	bùnàifán	impatientto lose patience
6	13348	奖牌	jiǎngpái	medal (awarded as a prize)
6	13429	平方	píngfāng	square (as in square foot, square mile, square root)
6	13457	噪声	zàoshēng	noise
6	13488	余额	yú'é	balance (of an account, bill etc)surplusremainder
6	13525	海拔	hǎibá	height above sea levelelevation
6	13531	跟前	gēnqián	the front (of)(in) front(in) sb's presencejust before (a date)
6	13534	自言自语	zìyánzìyǔ	(idiom) to talk to oneself, to think aloud, to soliloquize
6	13550	山坡	shānpō	hillside
6	13620	只顾	zhǐgù	to focus solely on, to pay attention only to, to be preoccupied with
6	13624	灾害	zāihài	calamitydisaster
6	13625	夏令营	xiàlìngyíng	summer camp
6	13635	干旱	gānhàn	drought(of land, climate etc) arid, dry
6	13764	定价	dìngjià	to set a priceto fix a price
6	13790	坚硬	jiānyìng	hardsolid
6	13792	内科	nèikē	internal medicine, general medicine
6	13822	技艺	jìyì	skillart
6	13834	专科	zhuānkē	specialized subjectbranch (of medicine)specialized training school
6	13887	文艺	wényì	literature and art
6	13897	一律	yīlǜ	same, identicaluniformly, all, without exception
6	13912	对称	duìchèn	symmetrysymmetrical
6	13943	顿时	dùnshí	immediately, suddenly
6	13949	畅通	chàngtōng	unobstructed, unimpeded, free-flowing, smooth
6	13952	截至	jiézhì	up to (a time)by (a time)
6	13957	公安	gōng'ān	(Ministry of) Public Securitypublic safetypublic security
6	14010	科目	kēmù	academic subjectfield of study
6	14033	高超	gāochāo	excellentsuperlative
6	14045	招生	zhāoshēng	to enroll new studentsto get students
6	14143	出游	chūyóu	to go on a tourto have an outing
6	14175	心疼	xīnténg	to love dearlyto feel sorry for sbto regretto grudge
6	14236	加剧	jiājù	to intensify
6	14240	适度	shìdù	moderatelyappropriate
6	14245	长辈	zhǎngbèi	one's eldersolder generation
6	14319	定时	dìngshí	to fix a timefixed timetimed (of explosive etc)
6	14321	减压	jiǎnyā	to reduce pressureto relax
6	14333	附件	fùjiàn	appendix (in a document)enclosure (accompanying a document)(email) attachmentaccessory (for a car, computer etc)
6	14429	化石	huàshí	fossil
6	14461	入门	rùmén	entrance doorto enter a doorto learn the basics of a subject, introduction (to a subject), (attributive) entry-level
6	14473	淘气	táoqì	naughtymischievous
6	14513	飞速	fēisù	swiftrapidly
6	14562	贴近	tiējìn	to press close toto snuggle closeintimate
6	14592	踏实	tāshi	firmly-basedsteadysteadfastto have peace of mind
6	14605	学问	xuéwèn	learning, knowledge, scholarshipa body of specialized knowledge, (fig.) any activity that demands expertise, skill or experience (e.g. gathering forensic evidence, selecting clothing, managing relationships)
6	14629	大伙	dàhuǒ	everyone, all of us, all of you
6	14630	晾	liàng	to dry in the air(fig.) to cold-shoulder
6	14655	简介	jiǎnjiè	summarybrief introduction
6	14732	炎症	yánzhèng	inflammation
6	14771	与其	yǔqí	rather than
6	14780	借鉴	jièjiàn	to draw on (others' experience)to learn from (how others do things)lesson to be learned (by observing others)
6	14787	亏损	kuīsǔn	deficit(financial) loss
6	14826	炎热	yánrè	blistering hotsizzling hot (weather)
6	14853	后人	hòurén	later generation
6	14866	转交	zhuǎnjiāo	to pass on to sbto carry and give to sb else
6	14891	遗址	yízhǐ	ruinshistoric relics
6	14903	其间	qíjiān	in betweenwithin that intervalin the meantime
6	14926	固体	gùtǐ	solid
6	14970	新款	xīnkuǎn	new stylelatest fashionnew model
6	14977	内外	nèiwài	inside and outsidedomestic and foreignapproximatelyabout
6	15046	房价	fángjià	house pricecost of housing
6	15096	播种	bōzhòng	to grow (maize etc) from seedto plant (maize etc) by sowing seed
6	15101	鲜艳	xiānyàn	bright-colored, gaily-colored
6	15103	报刊	bàokān	newspapers and periodicalsthe press
6	15152	看不起	kànbuqǐ	to look down uponto despise
6	15186	修订	xiūdìng	to revise
6	15211	招手	zhāoshǒu	to waveto beckon
6	15228	只得	zhǐdé	to have no alternative but to, to be obliged to
6	15241	优化	yōuhuà	to optimize(corporate euphemism) to lay off staff
6	15246	庄稼	zhuāngjia	farm crop
6	15260	新颖	xīnyǐng	lit. new budfig. new and original
6	15271	传承	chuánchéng	to pass on (to future generations)passed on (from former times)a continued traditionan inheritance
6	15310	多媒体	duōméitǐ	multimedia
6	15322	稿子	gǎozi	draft of a documentscriptmanuscriptmental plan
6	15393	象棋	xiàngqí	Chinese chess
6	15404	奶粉	nǎifěn	powdered milk
6	15483	晴朗	qínglǎng	sunny and cloudless
6	15530	轮子	lúnzi	wheel(derog.) Falun Gong practitioner
6	15533	空闲	kòngxián	leisure, spare time(of a person) free, unoccupied(of equipment, rooms etc) unused, idle, vacant
6	15592	岁数	suìshu	age (number of years old)
6	15596	郊外	jiāowài	outskirts
6	15617	湿度	shīdù	humidity level
6	15676	往年	wǎngnián	in former years, in previous years
6	15697	节能	jiénéng	to conserve energy, to minimize energy consumption
6	15719	便捷	biànjié	convenient and fast
6	15777	勤劳	qínláo	hardworking, industrious, diligent
6	15789	中旬	zhōngxún	middle third of a month
6	15824	用人	yòngrén	servantto employ sb for a jobto manage peopleto be in need of staff
6	15978	口感	kǒugǎn	mouthfeel, texture (of food)
6	15989	念书	niànshū	to read, to studyto attend school
6	16009	招收	zhāoshōu	to hireto recruit
6	16024	理科	lǐkē	the sciences
6	16042	胶带	jiāodài	adhesive tapemagnetic tape
6	16119	平方米	píngfāngmǐ	square meter
6	16163	类别	lèibié	classificationcategory
6	16229	涌现	yǒngxiàn	to emerge in large numbersto spring upto emerge prominently
6	16288	联网	liánwǎng	to connect (or be connected) to a network, to network
6	16300	客车	kèchē	coachbuspassenger train
6	16364	团圆	tuányuán	to have a reunion
6	16454	棋子	qízǐ	chess piece(fig.) a pawn (used by others for their own purposes)
6	16584	吉祥	jíxiáng	luckyauspiciouspropitious
6	16584	求职	qiúzhí	to seek employment
6	16670	发愁	fāchóu	to worryto fretto be anxiousto become sad
6	16676	散文	sǎnwén	(broadly) prose (as opposed to verse)(more narrowly) free-form literary prose, such as essays, sketches and reflections
6	16761	相声	xiàngsheng	comic dialoguesketchcrosstalk
6	16787	朴素	pǔsù	plain and simpleunadornedsimple livingnot frivolous
6	16796	国歌	guógē	national anthem
6	16831	倒车	dàochē	to reverse (a vehicle)to drive backwards
6	16888	防治	fángzhì	to prevent and cureprevention and cure
6	16936	风力	fēnglì	wind forcewind power
6	16970	乐曲	yuèqǔ	musical composition
6	16993	片面	piànmiàn	unilateralone-sided
6	17042	清淡	qīngdàn	light (of food, not greasy or strongly flavored)insipidslack (sales)
6	17047	酒水	jiǔshuǐ	alcoholic and non-alcoholic beverages (e.g. on a menu)
6	17047	新兴	xīnxīng	(of markets, industries, infectious diseases etc) risingemergingin the ascendant
6	17051	灯笼	dēnglóng	lantern
6	17067	发炎	fāyán	to become inflamedinflammation
6	17077	饮用水	yǐnyòngshuǐ	drinking water, potable water
6	17158	年终	niánzhōng	end of the year
6	17166	汇款	huìkuǎn	to remit moneyremittance
6	17202	农产品	nóngchǎnpǐn	agricultural produce
6	17421	实惠	shíhuì	tangible benefitmaterial advantagescheapeconomical
6	17543	轮船	lúnchuán	steamship, steamer, steamboat
6	17562	一帆风顺	yīfānfēngshùn	propitious wind throughout the journey (idiom)plain sailingto go smoothlyhave a nice trip!
6	17606	经商	jīngshāng	to tradeto carry out commercial activitiesin business
6	17664	浓厚	nónghòu	densethick (fog, clouds etc)to have a strong interest indeep
6	17703	钢笔	gāngbǐ	fountain pen
6	17875	国产	guóchǎn	domestically produced
6	18075	热水器	rèshuǐqì	water heater
6	18186	常年	chángnián	all year roundfor years on endaverage year
6	18234	山峰	shānfēng	(mountain) peak
6	18245	方方面面	fāngfāngmiànmiàn	all sides, all aspectsmultifaceted
6	18403	益处	yìchu	benefit
6	18471	下功夫	xiàgōngfu	to put in time and energyto concentrate one's efforts
6	18474	民歌	míngē	folk song
6	18488	天文	tiānwén	astronomy
6	18500	科普	kēpǔ	popularization of science(attributive) popular science(coll.) to explain in layperson's terms
6	18517	朗读	lǎngdú	to read aloud
6	18679	遍地	biàndì	everywhereall over
6	18747	少儿	shào'ér	child
6	18760	路况	lùkuàng	road condition(s) (e.g. surface, traffic flow etc)
6	18763	机动车	jīdòngchē	motor vehicle
6	18820	颈椎	jǐngzhuī	cervical vertebrathe seven cervical vertebrae in the neck of humans and most mammals
6	18996	原材料	yuáncáiliào	raw and semifinished materials
6	19095	胶水	jiāoshuǐ	glue
6	19141	从业	cóngyè	to practice (a trade)
6	19231	用功	yònggōng	diligentindustrious (in one's studies)to study hardto make great effort
6	19332	审美	shěnměi	estheticsappreciating the artstaste
6	19345	总计	zǒngjì	(grand) total
6	19357	宏大	hóngdà	great, grand
6	19358	共计	gòngjì	to sum up toto total
6	19695	梅花	méihuā	plum blossomclubs ♣ (a suit in card games)(dialect) wintersweet
6	19734	园林	yuánlín	gardens, park, landscape garden
6	19748	近视	jìnshì	myopic, nearsighted(fig.) shortsighted
6	19793	美观	měiguān	pleasing to the eyebeautifulartistic
6	19915	灾区	zāiqū	disaster area, stricken region
6	20158	启事	qǐshì	announcement (written, on billboard, letter, newspaper or website)to post informationa notice
6	20190	马虎	mǎhu	carelesssloppynegligentskimpy
6	20226	音节	yīnjié	syllable
6	20495	有序	yǒuxù	regularorderlysuccessivein order
6	20539	相等	xiāngděng	equalequallyequivalent
6	20691	比重	bǐzhòng	proportion(physics) specific gravity
6	20703	受灾	shòuzāi	disaster-strickento be hit by a natural calamity
6	20767	灰心	huīxīn	to lose heartto be discouraged
6	20794	人均	rénjūn	per capita, averaged per person
6	21000	拐弯	guǎiwān	to go round a curveto turn a cornerfig. a new direction
6	21103	银牌	yínpái	silver medal
6	21201	养老院	yǎnglǎoyuàn	nursing home
6	21390	严寒	yánhán	bitter coldsevere winter
6	21766	古迹	gǔjì	place of historic interest, historical site
6	21871	托运	tuōyùn	to consign (goods)to check through (baggage)
6	21905	难点	nándiǎn	difficulty
6	21983	产地	chǎndì	source (of a product)place of originmanufacturing location
6	22013	补习	bǔxí	to take extra lessons in a cram school or with a private tutor
6	22205	国宝	guóbǎo	national treasure
6	22210	研讨	yántǎo	discussion
6	22338	两岸	liǎng'àn	bilateralboth shoresboth sidesboth coasts
6	22453	补课	bǔkè	to make up missed lessonto reschedule a class
6	22465	保修	bǎoxiū	to promise to keep sth in good repairguarantee, warranty
6	22506	喜事	xǐshì	happy occasionwedding
6	22555	晕车	yùnchē	to be carsick
6	22586	日前	rìqián	the other daya few days ago
6	22657	相传	xiāngchuán	to pass onto hand downtradition has it thataccording to legend
6	22702	由来	yóulái	origin
6	22744	母语	mǔyǔ	native languagemother tongue(linguistics) parent language
6	22887	楼道	lóudào	corridorpassageway (in storied building)
6	22891	绿化	lǜhuà	to make green with plantsto reforest(Internet slang) Islamization
6	22940	长短	chángduǎn	lengthaccident, mishapright and wrong, good and bad, merits and demerits
6	22943	稿件	gǎojiàn	piece of writing submitted for publication, manuscript, article
6	23243	声调	shēngdiào	tonenotea tone (on a Chinese syllable)
6	23321	参展	cānzhǎn	to exhibit at or take part in a trade show etc
6	23449	毫米	háomǐ	millimeter
6	23508	家常	jiācháng	the daily life of a family
6	23584	人工智能	réngōngzhìnéng	artificial intelligence (AI)
6	23878	国情	guóqíng	the characteristics and circumstances particular to a countrycurrent state of a country
6	24111	文具	wénjù	stationeryitem of stationery (pen, pencil, eraser, pencil sharpener etc)
6	24178	铜牌	tóngpái	bronze medalbronze plaque bearing a business name or logo etc
6	24358	民俗	mínsú	popular custom
6	24609	成语	chéngyǔ	Chinese set expression, typically of 4 characters, often alluding to a story or historical quotation, idiom, proverb, saying, adage
6	24973	一系列	yīxìliè	a series ofa string of
6	24983	文科	wénkē	liberal artshumanities
6	25376	不料	bùliào	unexpectedlyto one's surprise
6	25577	救灾	jiùzāi	to relieve disasterto help disaster victims
6	25696	沿海	yánhǎi	coastal
6	25711	升学	shēngxué	to enter the next grade school
6	26057	下旬	xiàxún	last third of the month
6	26098	游人	yóurén	a tourist
6	26487	粘贴	zhāntiē	to stickto affixto adhereto paste (as in "copy and paste")
6	26869	炒股	chǎogǔ	(coll.) to speculate in stocks
6	26967	粽子	zòngzi	glutinous rice and choice of filling wrapped in leaves and steamed or boiled
6	26976	选修	xuǎnxiū	(at a school) to take as an electivean electiveelective (subject)
6	27507	毫升	háoshēng	milliliter
6	27804	季军	jìjūn	third in a racebronze medalist
6	27863	场馆	chǎngguǎn	sporting venuearena
6	28240	肥沃	féiwò	fertile
6	28360	打雷	dǎléi	to rumble with thunderclap of thunder
6	28557	好客	hàokè	hospitalityto treat guests wellto enjoy having guestshospitable
6	28753	赶忙	gǎnmáng	to hurryto hastento make haste
6	28853	浏览器	liúlǎnqì	browser (software)
6	28932	拜年	bàinián	to pay a New Year callto wish sb a Happy New Year
6	29081	水稻	shuǐdào	ricepaddy
6	29610	模特	mótè	(fashion) model (loanword)
6	29771	名胜	míngshèng	a place famous for its scenery or historical relicsscenic spot
6	30322	好容易	hǎoróngyì	(idiomatic usage) with great difficultyto have a hard time (convincing sb, relinquishing sth etc)(literal usage) so easy
6	30562	工序	gōngxù	working procedureprocess
6	32835	旱灾	hànzāi	drought
6	33124	千家万户	qiānjiāwànhù	every family (idiom)
6	33525	常温	chángwēn	room temperatureordinary temperatures
6	33998	朝代	cháodài	dynastyreign (of a king)
6	34377	家家户户	jiājiāhùhù	each and every family (idiom)every household
6	36865	高新技术	gāoxīnjìshù	high techhigh technology
6	37036	羽绒服	yǔróngfú	down jacket, down coat
6	38411	衣食住行	yīshízhùxíng	(lit.) clothing, food, housing and transportation (idiom)(fig.) people's basic needs
6	39363	必修	bìxiū	(of an academic course) requiredcompulsory
6	40081	上旬	shàngxún	first third of a month
6	42625	看得起	kàndeqǐ	to show respect forto think highly of
6	46627	戏曲	xìqǔ	Chinese opera
6	48536	海内外	hǎinèiwài	domestic and international, at home and abroad
6	49030	多元	duōyuán	poly-multi-multielementmultivariant
6	49415	好学	hàoxué	eager to studystudiouserudite
6	49606	汤圆	tāngyuán	boiled or deep-fried balls of glutinous rice flour, usually eaten during Lantern Festival
6	50440	初等	chūděng	elementary (i.e. easy)
6	88712	电饭锅	diànfànguō	electric rice cooker
6	147151	小偷	xiǎotōu	thief
6	1000000	低碳	dītàn	(attributive) low-carbon, low-carb (diet)
6	1000000	薯片	shǔpiàn	fried potato chips
6	1000000	性价比	xìngjiàbǐ	cost-performance ratio
7	949	非	fēi	to not be, notwrong, incorrectnon-, un-, in-, de-to reproach, to blame
7	967	报	bào	to report, to inform, to announceto respond, to replyto sign up for, to register forto reward, to recompense
7	999	应	yīng	to agree (to do sth)shouldought tomust
7	1108	犯罪	fànzuì	to commit a crimecrime, offense
7	1181	赛	sài	to competecompetitionmatchto surpass
7	1228	同志	tóngzhì	comrade(slang) homosexual
7	1349	若	ruò	to seemlikeasif
7	1377	而已	éryǐ	that's allnothing more
7	1391	文	wén	languageculturewritingformal
7	1410	经	jīng	classicssacred bookscriptureto pass through
7	1448	疯	fēng	insanemadwild
7	1498	鬼	guǐ	disembodied spirit, ghost, devil(suffix) person with a certain vice or addiction etcsly, crafty, resourcefulone of the 28 constellations of ancient Chinese astronomy
7	1528	即	jí	namelythat isi.eprompt
7	1556	唯	wéi	onlyalone-ism
7	1558	丝	sī	silkthread-like thing, (cuisine) shreds or julienne stripsclassifier: a trace (of smoke etc), a tiny bit etc
7	1616	所谓	suǒwèi	what is meant by the expression ..., what is referred to as(derog.) so-called
7	1617	案件	ànjiàn	caseinstance
7	1623	恐怖	kǒngbù	terriblefrightfulfrighteningterror
7	1659	委员会	wěiyuánhuì	committee, commission
7	1675	舞	wǔ	to danceto wieldto brandish
7	1714	钟	zhōng	a (large) bellclockamount of time, o'clock
7	1720	股	gǔ	thighpart of a whole, portion of a sum(finance) stock, sharestrand of a thread
7	1757	家伙	jiāhuo	household dish, implement or furnituredomestic animal(coll.) guychap
7	1943	任	rèn	to assignto appointto take up a postoffice
7	1984	袭击	xíjī	attack (esp. surprise attack)raidto attack
7	2026	灵	líng	quickalertefficaciouseffective
7	2037	砸	zá	to smashto poundto failto muck up
7	2038	许	xǔ	to allowto permitto promiseto praise
7	2047	党	dǎng	partyassociationclubsociety
7	2107	狂	kuáng	madwildviolent
7	2131	娘	niáng	motheryoung lady(coll.) effeminate
7	2144	且	qiě	andmoreoveryetfor the time being
7	2157	性感	xìnggǎn	sex appealeroticismsexualitysexy
7	2193	铁	tiě	iron (metal)armsweaponshard
7	2196	注	zhù	(bound form) to pour into, to flow into, to inject(bound form) to focus (one's spirit, gaze etc) on a single point, to concentrate(bound form) stake (in gambling)classifier for stakes, sums of money, transactions or beams of light
7	2263	爽	shuǎng	brightclearcrispopen
7	2274	供	gōng	to provide, to supplyto be for (the use or convenience of)
7	2298	探	tàn	to exploreto search outto scoutto visit
7	2329	法庭	fǎtíng	court of law
7	2339	联盟	liánméng	allianceunioncoalition
7	2382	进攻	jìngōng	to attackto assaultto go on the offensiveattack
7	2403	并非	bìngfēi	really isn't
7	2403	非法	fēifǎ	illegal
7	2403	负	fù	to bearto carry (on one's back)to turn one's back onto be defeated
7	2464	盯	dīng	to watch attentivelyto fix one's attention onto stare atto gaze at
7	2483	尸体	shītǐ	corpse, dead body
7	2512	设	shè	to set up, to put in place(math.) given, suppose, if
7	2533	托	tuō	to hold up in one's hand, to support with one's palmsth serving as a support: a prop, a rest (e.g. arm rest)(bound form) a shillto ask, to beg, to entrust
7	2535	一面	yīmiàn	one sideone aspectsimultaneously... (and...)one's whole face
7	2539	拨	bō	to push aside with the hand, foot, a stick etcto dialto allocateto set aside (money)
7	2560	军事	jūnshì	military affairs, (attributive) military
7	2562	杆	gān	(bound form) pole, shaft
7	2568	粉丝	fěnsī	bean vermicelli, mung bean starch noodles, cellophane noodlesfan, enthusiast for sb or sth (loanword from "fans")
7	2572	所在	suǒzài	placelocation(after a noun) place where it is located
7	2579	灵魂	línghún	soulspirit
7	2591	枚	méi	classifier for small objects: coins, badges, rings, carved seals, chess pieces, eggs, fingerprints etcclassifier for bombs, missiles, satellites etc(on product packaging) classifier for flat items(old) stick used as a gag to prevent soldiers from talking while sneaking up on the enemy
7	2597	绝	jué	to cut shortextinctto disappearto vanish
7	2605	勒	lēi	to strap tightlyto bind
7	2618	素	sù	raw silkwhiteplain, unadornedvegetarian (food)
7	2672	家族	jiāzú	familyclan
7	2710	单身	dānshēn	unmarried, singlealone
7	2732	哼	hēng	to groanto snortto humto croon
7	2734	真心	zhēnxīn	wholeheartedness, sincerity
7	2773	剂	jì	(bound form) a compound made by mixing ingredients (esp. a medicinal or chemical product)(bound form) small piece of dough cut from a rolled log, used for making mantou (steamed buns) or dumplingsclassifier for a dose of medicine
7	2797	吻	wěn	kissto kissmouth
7	2798	主义	zhǔyì	-ismideology
7	2813	声明	shēngmíng	to stateto declarestatementdeclaration
7	2833	码	mǎ	(archaic) agate(bound form) standard weight used with a balance scalenumber(computing) code
7	2886	情报	qíngbào	information, intelligence
7	2899	尿	niào	to urinateurine
7	2909	护	hù	to protect
7	2911	眼神	yǎnshén	expression or emotion showing in one's eyesmeaningful glancewinkeyesight (dialect)
7	2925	计	jì	to calculateto computeto countto regard as important
7	2931	精	jīng	essenceextractvitalityenergy
7	2932	毁	huǐ	to destroy, to ruinto defame, to slander
7	2960	斗	dòu	to fightto struggleto condemnto censure
7	2973	战士	zhànshì	fightersoldierwarrior
7	2991	装置	zhuāngzhì	to installinstallationequipmentsystem
7	2992	赌	dǔ	to bet, to gamble
7	2993	蒙	méng	to coverignorantto suffer (misfortune)to receive (a favor)
7	3022	发射	fāshè	to shoot (a projectile)to fire (a rocket)to launchto emit (a particle)
7	3024	穿着	chuānzhuó	attire, clothes, dress
7	3027	界	jiè	(bound form) boundary, border(bound form) realm
7	3051	偏	piān	to leanto slantobliqueprejudiced
7	3070	耍	shuǎ	to play withto wieldto act (cool etc)to display (a skill, one's temper etc)
7	3076	置	zhì	to installto placeto putto buy
7	3092	告	gào	(bound form) to say, to tellto announce, to reportto denounceto file a lawsuit, to sue
7	3100	牺牲	xīshēng	to sacrifice one's lifeto sacrifice (sth valued)beast slaughtered as a sacrifice
7	3104	选举	xuǎnjǔ	to electelection
7	3152	武装	wǔzhuāng	armsequipmentto armmilitary
7	3169	对付	duìfu	to handle, to deal with, to tackleto get by with, to make do(dialect) (usu. used in the negative) to get along with (sb)
7	3183	惹	rě	to provoketo irritateto vexto stir up
7	3183	天堂	tiāntáng	paradiseheaven
7	3206	屁股	pìgu	buttocksbottombuttback part
7	3211	丁	dīng	male adultthe 4th of the 10 Heavenly Stemsfourth (used like "4" or "D")small cube of meat or vegetable
7	3215	火箭	huǒjiàn	rocket
7	3225	注射	zhùshè	injectionto inject
7	3230	肿瘤	zhǒngliú	tumor
7	3233	核	hé	pitstonenucleusnuclear
7	3234	海军	hǎijūn	navy
7	3235	起诉	qǐsù	to sueto bring a lawsuit againstto prosecute
7	3246	拳	quán	fistboxing
7	3249	结局	jiéjú	conclusion, ending, outcome
7	3252	创	chuàng	to initiate, to create, to achieve (sth for the first time)
7	3252	竟	jìng	unexpectedlyactuallyto go so far as toindeed
7	3258	致	zhì	(literary) to send, to transmit, to convey(bound form) to cause, to lead to, consequently
7	3278	战略	zhànlüè	strategy
7	3295	天使	tiānshǐ	angel
7	3298	老大	lǎodà	old ageveryeldest child in a familyleader of a group
7	3299	专辑	zhuānjí	albumrecord (music)special collection of printed or broadcast material
7	3303	稳	wěn	settled, steady, stable
7	3319	幕	mù	curtain or screencanopy or tentheadquarters of a generalact (of a play)
7	3333	失踪	shīzōng	to be missingto disappearunaccounted for
7	3334	执法	zhífǎ	to enforce a lawlaw enforcement
7	3339	监控	jiānkòng	to monitor
7	3341	抢劫	qiǎngjié	to roblooting
7	3342	卫星	wèixīng	(aerospace) satellite(astronomy) satellite, moon
7	3398	猛	měng	ferociousfierceviolentbrave
7	3402	治安	zhì'ān	law and orderpublic security
7	3434	完毕	wánbì	to finishto endto complete
7	3440	扯	chě	to pullto tear(of cloth, thread etc) to buyto chat
7	3442	踏	tà	to treadto stampto step onto press a pedal
7	3445	监狱	jiānyù	prison
7	3448	运作	yùnzuò	to operateoperationsworkingsactivities (usu. of an organization)
7	3453	判	pàn	(bound form) to differentiate, to distinguish(bound form) clearly (different)to judge, to decide, to grade(of a judge) to sentence
7	3453	炸弹	zhàdàn	bomb
7	3459	孤单	gūdān	lonelonelyloneliness
7	3459	宗教	zōngjiào	religion
7	3463	房地产	fángdìchǎn	real estate
7	3485	持	chí	to holdto graspto supportto maintain
7	3491	吼	hǒu	to roarto howlto shriekroar or howl of an animal
7	3500	皆	jiē	alleach and everyin all cases
7	3510	善	shàn	good (virtuous)benevolentwell-disposedgood at sth
7	3517	当事人	dāngshìrén	persons involved or implicated, party (to an affair)
7	3536	恶	è	evilfierceviciousugly
7	3537	伴	bàn	partner, companion, comrade, associateto accompany
7	3545	注定	zhùdìng	to foreordainto be bound to, to be destined to, to be doomed to, inevitably
7	3548	诉讼	sùsòng	lawsuit
7	3563	惨	cǎn	miserablewretchedcruelinhuman
7	3565	毒品	dúpǐn	drugs, narcotics
7	3580	董事会	dǒngshìhuì	board of directors
7	3587	堂	táng	(main) halllarge room for a specific purposerelationship between cousins etc on the paternal side of a familyof the same clan
7	3599	港	gǎng	harborport
7	3606	寻	xún	to searchto look forto seek
7	3612	作战	zuòzhàn	combatto fight
7	3618	豪华	háohuá	luxurious
7	3635	独	dú	aloneindependentsinglesole
7	3639	判决	pànjué	judgment (by a court of law)to pass judgment onto sentence
7	3643	被告	bèigào	(law) the defendant, the accused
7	3671	佛	fú	(female) head ornament
7	3672	甩	shuǎi	to throwto flingto swingto leave behind
7	3684	基于	jīyú	because ofon the basis ofin view ofon account of
7	3698	涂	tú	to apply (paint etc)to smearto daubto blot out
7	3704	乖	guāi	(of a child) obedient, well-behavedclevershrewdalert
7	3705	逮捕	dàibǔ	to arrest, to apprehend, to take into custody
7	3722	瓦	wǎ	roof tile
7	3723	杀手	shāshǒu	killermurdererhit man(sports) formidable player
7	3723	依	yī	to depend onto comply with or listen to sbaccording toin the light of
7	3733	轿车	jiàochē	(old) enclosed carriage for carrying passengers(automotive) sedan
7	3740	防守	fángshǒu	to defendto protect (against)
7	3741	审判	shěnpàn	a trialto try sb
7	3748	标	biāo	marksignlabelto mark with a symbol, label, lettering etc
7	3773	发型	fàxíng	hairstyle, coiffure, hairdo
7	3782	折磨	zhémó	to torment, to torture
7	3786	慈善	císhàn	benevolentcharitable
7	3788	地板	dìbǎn	floor
7	3803	拔	bá	to pull upto pull outto draw out by suctionto select
7	3807	罢了	bàle	a modal particle indicating (that's all, only, nothing much)
7	3807	贼	zéi	thief, robber(bound form) traitor, subversive(bound form) evil, wickedsly, shifty, devious
7	3808	啦啦队	lālāduì	cheerleading squad
7	3816	尚	shàng	stillyetto valueto esteem
7	3827	授权	shòuquán	to authorize
7	3840	预算	yùsuàn	budget
7	3843	行政	xíngzhèng	administration(attributive) administrative, executive
7	3845	司法	sīfǎ	judicial(administration of) justice
7	3855	大陆	dàlù	continent, mainland
7	3860	乐队	yuèduì	bandpop group
7	3871	宇宙	yǔzhòu	universe, cosmos, space
7	3877	传奇	chuánqí	legendaryfantasy sagaromanceshort stories of the Tang and Song Dynasty
7	3895	无比	wúbǐ	incomparable, matchless
7	3905	戒	jiè	to guard againstto exhortto admonish or warnto give up or stop doing sth
7	3912	信仰	xìnyǎng	to believe in (a religion)firm beliefconviction
7	3923	评委	píngwěi	evaluation committee, judging paneljudging panel member, adjudicator
7	3924	不准	bùzhǔn	not to allowto forbidto prohibit
7	3926	少女	shàonǚ	girlyoung lady
7	3932	瞎	xiā	blindgroundlesslyfoolishlyto no purpose
7	3938	震惊	zhènjīng	to shockto astonish
7	3953	坑	kēng	pit, hollow, depression(mining) pit, shaft, tunnel(literary) to bury alive(coll.) to cheat, to scam, to screw over
7	3955	导弹	dǎodàn	(guided) missile
7	3956	勋章	xūnzhāng	medal, decoration
7	3957	领袖	lǐngxiù	leader
7	3962	合约	héyuē	contract, agreement
7	3970	回归	huíguī	to return toto retreatregression (statistics)
7	3970	机关	jīguān	mechanism, gearmachine-operatedoffice, agency, organ, organization, establishment, institution, bodystratagem, scheme, intrigue, plot, trick
7	3970	亦	yì	also
7	3992	绑架	bǎngjià	to kidnapto abductto hijacka kidnapping
7	3992	宗	zōng	schoolsectpurposemodel
7	3997	诱惑	yòuhuò	to enticeto lureto induceto attract
7	4038	情人	qíngrén	loversweetheart
7	4041	起码	qǐmǎ	at the minimum, at the very least
7	4056	嫉妒	jídù	to be jealous of, to envy
7	4062	财政	cáizhèng	public finance, government finance
7	4065	迹象	jìxiàng	sign, indication, mark, indicator
7	4069	支援	zhīyuán	to provide assistanceto supportto back
7	4078	贱	jiàn	inexpensivelowlydespicable(bound form) (humble) my
7	4083	兼	jiān	doubletwicesimultaneousholding two or more (official) posts at the same time
7	4105	签署	qiānshǔ	to sign (an agreement)
7	4120	都会	dūhuì	citymetropolis
7	4136	子弹	zǐdàn	bullet
7	4140	首席	shǒuxí	chief (representative, correspondent etc)
7	4152	唱片	chàngpiàn	gramophone recordLPmusic CDmusical album
7	4153	攻	gōng	to attackto accuseto study(LGBT) top
7	4158	移植	yízhí	to transplant
7	4162	事务所	shìwùsuǒ	business office, firm
7	4172	借口	jièkǒu	to use as an excuseexcuse, pretext
7	4176	肾	shèn	kidney
7	4187	拯救	zhěngjiù	to save, to rescue
7	4192	崩溃	bēngkuì	to collapse, to crumble, to fall apart
7	4209	膜	mó	membranefilm
7	4227	穿越	chuānyuè	to traverse, to pass through, to cross
7	4229	抛弃	pāoqì	to abandonto discardto renounceto dump (sb)
7	4234	跨	kuà	to step acrossto stride overto straddleto span
7	4242	战术	zhànshù	tactics
7	4243	临床	línchuáng	(medicine) clinical
7	4257	优雅	yōuyǎ	gracegraceful
7	4300	邪恶	xié'è	sinisterviciouswickedevil
7	4308	应付	yìngfu	to deal with, to cope
7	4335	芯片	xīnpiàn	computer chip, microchip
7	4351	脱离	tuōlí	to separate oneself fromto break away fromdiastasis (medicine)abscission
7	4352	解除	jiěchú	to removeto sackto get rid ofto relieve (sb of their duties)
7	4355	附	fù	to add, to attachto be close to, to be attached
7	4364	凶	xiōng	viciousfierceominousinauspicious
7	4390	驾	jià	to harnessto draw (a cart etc)to driveto pilot
7	4393	讨	tǎo	to inviteto provoketo demand or ask forto send armed forces to suppress
7	4393	援助	yuánzhù	to helpto supportto aidaid
7	4394	侵犯	qīnfàn	to infringe onto encroach onto violateto assault
7	4401	生涯	shēngyá	careerlife (way in which sb lives)period of one's life
7	4405	战场	zhànchǎng	battlefield
7	4418	熬	áo	to cook on a slow fire, to extract by heating, to decoctto endure
7	4442	拍卖	pāimài	to auctionauction saleto sell at a reduced price
7	4447	名义	míngyì	nametitularnominalin name
7	4450	桩	zhuāng	stump, stake, pileclassifier for events, cases, transactions, affairs etc
7	4467	联络	liánluò	to get in touch withto contactto stay in contact (with)liaison
7	4499	企图	qǐtú	to attemptto tryattempt
7	4502	引擎	yǐnqíng	engine (loanword)
7	4503	爹	diē	dad
7	4511	窝	wō	nestpit or hollow on the human bodylairden
7	4521	上场	shàngchǎng	on stageto go on stageto take the field
7	4534	祈祷	qídǎo	to pray, to say a prayer
7	4560	残	cán	to destroyto spoilto ruinto injure
7	4564	天生	tiānshēng	naturedispositioninnatenatural
7	4564	须	xū	beardmustachefeeler (of an insect etc)tassel
7	4575	怪物	guàiwu	monsterfreakeccentric person
7	4583	登陆	dēnglù	to landto come ashoreto make landfall (of typhoon etc)to log in
7	4591	灵感	línggǎn	creative inspiration
7	4600	抹	mǒ	to smearto wipeto eraseclassifier for wisps of cloud, light-beams etc
7	4610	假装	jiǎzhuāng	to feignto pretend
7	4635	边缘	biānyuán	edge, fringe, verge, brink, peripherymarginal, borderline
7	4642	敬	jìng	(bound form) respectful, to respectto offer politely
7	4646	别墅	biéshù	villa
7	4649	高潮	gāocháo	high tide, high waterupsurge, peak of activityclimax (of a story, a competition etc)to have an orgasm
7	4653	缝	fèng	seamcracknarrow slit
7	4656	钻石	zuànshí	diamond
7	4657	直升机	zhíshēngjī	helicopter
7	4661	有意	yǒuyì	to intendintentionallyinterested in
7	4671	磨	mó	to rubto grindto polishto sharpen
7	4679	裸	luǒ	naked
7	4679	统治	tǒngzhì	to rule (a country)to governruleregime
7	4680	甜蜜	tiánmì	sweethappy
7	4686	回应	huíyìng	to respondresponse
7	4689	不可思议	bùkěsīyì	(idiom) inconceivable, unimaginable, unfathomable
7	4690	宁愿	nìngyuàn	would rather ... (than ...)
7	4691	联赛	liánsài	(sports) leagueleague tournament
7	4700	拼命	pīnmìng	to do one's utmost, with all one's might, at all costs, (to work or fight) as if one's life depends on it
7	4710	上演	shàngyǎn	to screen (a movie)to stage (a play)a screeninga staging
7	4712	骨折	gǔzhé	to suffer a fracture(of a bone) to breakfracture
7	4720	渣	zhā	slag (in mining or smelting)dregs
7	4727	保佑	bǎoyòu	to bless and protectblessing
7	4727	切除	qiēchú	to exciseto cut out (a tumor)
7	4731	欺负	qīfu	to bully
7	4735	逃避	táobì	to escapeto evadeto avoidto shirk
7	4736	级别	jíbié	(military) ranklevelgrade
7	4759	癌症	áizhèng	cancer
7	4768	献	xiàn	to offerto presentto dedicateto donate
7	4774	意志	yìzhì	will, willpower, determination
7	4796	飞船	fēichuán	spaceshipspacecraftdirigibleairship
7	4797	孤儿	gū'ér	orphan
7	4814	无论如何	wúlùnrúhé	(idiom) whatever the case, in any event, no matter what, by all possible means
7	4824	正当	zhèngdàng	honestreasonablefairsensible
7	4835	清除	qīngchú	to clear awayto eliminateto get rid of
7	4837	挣扎	zhēngzhá	to struggle
7	4857	捏	niē	to hold between the thumb and fingersto pinchto mold (using the fingers)to hold (lit. in one's hand and fig.)
7	4857	器官	qìguān	(physiology) organ, apparatus
7	4860	分裂	fēnliè	to split upto divideto break upfission
7	4866	空军	kōngjūn	air force(slang) to fail to catch anything (on a fishing trip), to get skunked
7	4880	报复	bàofù	to make reprisals, to retaliaterevenge, retaliation
7	4880	纤维	xiānwéi	fiber
7	4882	护理	hùlǐ	to nurse, to care for
7	4885	采	cǎi	to pickto pluckto collectto select
7	4891	提议	tíyì	to propose, to suggest, proposal, suggestion
7	4898	保守	bǎoshǒu	conservativeto guardto keep
7	4902	当晚	dāngwǎn	on that evening
7	4910	抗议	kàngyì	to protestprotest
7	4913	轮胎	lúntāi	tire, pneumatic tire
7	4931	监管	jiānguǎn	to overseeto take charge ofto superviseto administer
7	4931	劫	jié	to robto plunderto seize by forceto coerce
7	4946	条例	tiáolì	regulations, rules, code of conduct, ordinances, statutes
7	4951	监视	jiānshì	to monitorto keep a close watch oversurveillance
7	4965	焦	jiāo	burntscorchedcharredworried
7	4985	担保	dānbǎo	to guaranteeto vouch for
7	4988	麻	má	generic name for hemp, flax etchemp or flax fiber for textile materialssesame(of materials) rough or coarse
7	4996	候选人	hòuxuǎnrén	candidate
7	5003	绑	bǎng	to tiebind or fasten togetherto kidnap
7	5005	告知	gàozhī	to inform, to notify
7	5006	阴谋	yīnmóu	to conspire, to plota conspiracy, a plot
7	5011	保卫	bǎowèi	to defendto safeguard
7	5012	无辜	wúgū	blameless, innocentthe innocent
7	5014	磅	bàng	scale (instrument for weighing)to weigh(loanword) pound (unit of weight, about 454 grams)(printing) point (unit used to measure the size of type)
7	5015	谎言	huǎngyán	lie
7	5017	背叛	bèipàn	to betray
7	5017	声称	shēngchēng	to claimto stateto proclaimto assert
7	5025	帝国	dìguó	empireimperial
7	5032	介入	jièrù	to intervene, to get involved
7	5039	片子	piānzi	filmmoviefilm reelphonograph record
7	5040	股份	gǔfèn	a share (in a company)stock
7	5042	开工	kāigōng	to begin work (of a factory or engineering operation)to start a construction job
7	5045	低调	dīdiào	low pitchquiet (voice)subduedlow-key
7	5045	光荣	guāngróng	honor and gloryglorious
7	5045	凶手	xiōngshǒu	murdererassassin
7	5046	卡车	kǎchē	truck
7	5049	时装	shízhuāng	fashionfashionable clothes
7	5061	筹	chóu	chip (in gambling), token (for counting), ticketto prepare, to plan, to raise (funds)resource, way, means
7	5061	辐射	fúshè	to radiateradiation
7	5063	功	gōng	meritorious deed or serviceachievementresultservice
7	5070	趴	pā	to lie on one's stomachto lean forward, resting one's upper body (on a desktop etc)(Tw) percent (from Japanese "pā", short for "pāsento")
7	5072	赌博	dǔbó	to gamble
7	5078	到位	dàowèi	to get to the intended locationto be in placeto be in positionprecise
7	5080	涉嫌	shèxián	to be a suspect (in a crime)to be suspected of
7	5083	姜	jiāng	ginger
7	5090	股东	gǔdōng	shareholderstockholder
7	5092	残酷	cánkù	cruel, harsh, merciless
7	5099	治愈	zhìyù	to cure, to restore to healthuplifting, heartwarming
7	5102	晃	huǎng	to dazzleto flash past
7	5112	闷	mèn	boreddepressedmelancholysealed
7	5113	戳	chuō	to jabto poketo stab(coll.) to sprain
7	5114	曝光	bàoguāng	to expose (photography)(fig.) to expose (a scandal)(advertising) exposure
7	5116	浑身	húnshēn	all overfrom head to foot
7	5123	宪法	xiànfǎ	constitution (of a country)
7	5126	钉	dīng	nailto follow closelyto keep at sb (to do sth)
7	5132	尽情	jìnqíng	as much as one likes
7	5137	防御	fángyù	defenseto defend
7	5140	赛车	sàichē	auto racecycle racerace car
7	5144	人格	réngé	personalityintegritydignity
7	5148	腐败	fǔbài	corruptionto corruptto rotrotten
7	5148	杀害	shāhài	to murder
7	5148	忠诚	zhōngchéng	devotedloyalfidelityloyalty
7	5156	发作	fāzuò	to flare up, to break out
7	5156	震撼	zhènhàn	to shaketo shockto stunshocking
7	5159	鉴于	jiànyú	in view ofseeing thatconsideringwhereas
7	5167	局势	júshì	situationstate (of affairs)
7	5170	隧道	suìdào	tunnel
7	5172	债	zhài	debt
7	5178	尚未	shàngwèi	not yet, still not
7	5185	指数	zhǐshù	(numerical, statistical) index(math.) exponent(attributive) exponential
7	5189	提名	tímíng	to nominate
7	5195	耐	nài	(bound form) to bear, to endure, to withstand
7	5195	鹰	yīng	general term for a bird of prey (eagle, hawk or falcon etc)
7	5202	流氓	liúmáng	roguehoodlumgangsterimmoral behavior
7	5203	影像	yǐngxiàng	image
7	5208	略	lüè	brief, sketchyoutline, summaryto omit(bound form before a single-character verb) a bit, somewhat, slightly
7	5211	竞选	jìngxuǎn	to take part in an electionto run for office
7	5215	理智	lǐzhì	reasonintellectrationalityrational
7	5216	风暴	fēngbào	stormviolent commotionfig. crisis (e.g. revolution, uprising, financial crisis etc)
7	5218	扁	biǎn	flat(coll.) to beat (sb) up
7	5225	撤	chè	to remove, to take away
7	5230	呵	hē	(bound form) to scoldto expel breath(onom.) laughter (usu. reduplicated)interjection of surprise
7	5230	着手	zhuóshǒu	to put one's hand to itto start out on a taskto set out
7	5232	指望	zhǐwàng	to count on, to hope forprospect, hope
7	5237	搭档	dādàng	to cooperatepartner
7	5244	使命	shǐmìng	missionlong-term task to which one devotes oneselfa calling
7	5247	残忍	cánrěn	cruel, merciless, ruthless
7	5252	倒霉	dǎoméi	to have bad luckto be out of luck
7	5273	傻瓜	shǎguā	idiotfool
7	5274	追踪	zhuīzōng	to track, to trace, to follow up(HK, Tw) to follow (on social media)
7	5279	保密	bǎomì	to keep sth confidentialto maintain secrecy
7	5285	致命	zhìmìng	fatalmortaldeadlyto sacrifice one's life
7	5287	反抗	fǎnkàng	to resistto rebel
7	5290	赞助	zànzhù	to sponsor, to provide financial or material support
7	5290	资助	zīzhù	to subsidizeto provide financial aidsubsidy
7	5294	难怪	nánguài	(it's) no wonder (that...)(it's) not surprising (that)
7	5295	包围	bāowéi	to surround, to encircle, to hem in
7	5296	玉	yù	jade
7	5300	隔离	gélí	to separateto isolate
7	5302	人性	rénxìng	human naturehumanityhumanthe totality of human attributes
7	5303	人选	rénxuǎn	choice of personcandidate
7	5307	美妙	měimiào	beautifulwonderfulsplendid
7	5307	作风	zuòfēng	stylestyle of workway
7	5325	情侣	qínglǚ	sweetheartslovers
7	5333	本事	běnshì	source materialoriginal story
7	5335	纯粹	chúncuì	pureunadulteratedpurelycompletely
7	5340	缠	chán	to wind aroundto wrap roundto coiltangle
7	5340	废	fèi	to abolishto abandonto abrogateto discard
7	5342	潮	cháo	tidedamp, moist, humidfashionable, trendy(coll.) inferior, substandard
7	5343	押	yā	to mortgageto pawnto detain in custodyto escort and protect
7	5345	服务器	fúwùqì	server (computer)
7	5345	困境	kùnjìng	predicament, plight
7	5349	短暂	duǎnzàn	of short duration, brief, momentary
7	5353	评审	píngshěn	to appraiseto evaluateto judge
7	5364	鹿	lù	deer
7	5366	幢	chuáng	banner, pennant (in ancient China)
7	5370	数据库	shùjùkù	(computing) database
7	5380	担	dān	to undertaketo carryto shoulderto take responsibility
7	5381	出手	chūshǒu	to dispose ofto spend (money)to undertake a task
7	5382	保姆	bǎomǔ	nanny, babysitterhousekeeper
7	5383	颁奖	bānjiǎng	to confer an award
7	5397	刑事	xíngshì	criminal, penal
7	5397	兹	zī	(literary) this(literary) now(literary) year
7	5399	虾	xiā	shrimpprawn
7	5400	翘	qiào	to stick upto rise on one endto tilt
7	5401	锁定	suǒdìng	to lock (a door)to close with a latchto lock into placea lock
7	5402	地狱	dìyù	hell, underworld, (Buddhism) Naraka(coll.) (of humor, jokes, content etc) extremely dark or morally transgressive
7	5407	消	xiāo	to diminish, to subsideto consume, to reduceto idle away (the time)to need, to require, to take
7	5414	举报	jǔbào	to report (malefactors to the police)to denounce
7	5417	气息	qìxī	breathsmellodorflavor
7	5425	潜在	qiánzài	hiddenpotentiallatent
7	5431	演绎	yǎnyì	(of a story etc) to unfold, to play outto develop (a technique etc)to enact(logic) to deduce, to infer
7	5445	真理	zhēnlǐ	truth
7	5446	灌	guàn	to irrigateto pourto install (software)to record (music)
7	5446	孔	kǒng	holeclassifier for cave dwellings
7	5448	震	zhèn	to shaketo vibrateto joltto quake
7	5450	吻合	wěnhé	to be a good fitto be identical withto adjust oneself toto fit in
7	5453	随机	suíjī	according to the situationpragmaticrandom
7	5461	生理	shēnglǐ	physiology
7	5463	拜托	bàituō	to request sb to do sthplease!
7	5466	滋味	zīwèi	tasteflavorfeeling
7	5471	人间	rénjiān	the human worldthe earth
7	5475	审查	shěnchá	to examineto investigateto censor outcensorship
7	5484	丝毫	sīháo	the slightest amount or degreea bit
7	5490	挖掘	wājué	to excavate, (lit and fig.) to unearth, to dig into
7	5493	权威	quánwēi	authorityauthoritativepower and prestige
7	5497	债务	zhàiwù	debtliabilityamount dueindebtedness
7	5498	谱	pǔ	chartlisttableregister
7	5499	永恒	yǒnghéng	eternaleverlastingfig. to pass into eternity (i.e. to die)
7	5499	驻	zhù	to haltto stayto be stationed (of troops, diplomats etc)
7	5503	反击	fǎnjī	to strike back, to beat back, to counterattack
7	5506	尊严	zūnyán	dignitysanctityhonormajesty
7	5508	再度	zàidù	once more, once again, one more time
7	5513	下手	xiàshǒu	to startto put one's hand toto set aboutthe seat to the right of the main guest
7	5520	见识	jiànshi	to gain first-hand knowledge of sthto experience for oneselfknowledgeexperience
7	5527	宰	zǎi	to slaughter, to butcher, to kill (animals etc)(coll.) to fleece, to rip off, to overcharge(bound form) to govern, to rule(bound form) (a title for certain government officials in ancient China)
7	5532	交叉	jiāochā	to crossto intersectto overlap
7	5542	电台	diàntái	transmitter-receiverbroadcasting stationradio station
7	5557	沾	zhān	to moistento be infected byto receive benefit or advantage through a contactto touch
7	5565	可笑	kěxiào	funnyridiculous
7	5566	捞	lāo	to fish upto dredge up
7	5572	顶级	dǐngjí	top-notch, first-rate
7	5572	动脉	dòngmài	artery
7	5576	蠢	chǔn	stupidsluggishclumsyto wiggle (of worms)
7	5576	多年来	duōniánlái	for the past many years
7	5578	凤凰	fènghuáng	phoenix
7	5579	扩散	kuòsàn	to spread, to proliferate, to diffuse
7	5580	条款	tiáokuǎn	clause (of contract or law)
7	5582	心思	xīnsi	mindthoughtsinclinationmood
7	5584	贿赂	huìlù	to bribea bribe
7	5588	阴影	yīnyǐng	(lit. and fig.) shadow
7	5591	硬盘	yìngpán	hard disk
7	5592	炮	pào	cannonfirecracker
7	5601	无线	wúxiàn	wireless
7	5606	封锁	fēngsuǒ	to blockadeto seal offto lock down
7	5610	部署	bùshǔ	to disposeto deploydeployment
7	5611	样本	yàngběn	sample, specimen
7	5615	进程	jìnchéng	course of events, process(computing) process (a running instance of a program)
7	5635	见证	jiànzhèng	to be witness towitnessevidence
7	5639	钩	gōu	to hookto sewto crochethook
7	5640	盗	dào	to stealto robto plunderthief
7	5644	异性	yìxìng	the opposite sexof the opposite sexheterosexualdifferent in nature
7	5653	颇	pō	ratherquiteconsiderablyoblique
7	5659	溜	liū	to slip awayto escape in stealthto skate
7	5660	农场	nóngchǎng	farm
7	5671	魔鬼	móguǐ	devil
7	5682	疯子	fēngzi	madmanlunatic
7	5683	底线	dǐxiàn	bottom line, the limit of what one is prepared to accept(sports) baseline(sewing) under threadspy, informer, plant
7	5684	摧毁	cuīhuǐ	to destroy, to wreck
7	5700	国土	guótǔ	country's territorynational land
7	5706	标记	biāojì	signmarksymbolto mark up
7	5707	相遇	xiāngyù	to meetto encounterto come across
7	5713	但愿	dànyuàn	if only (sth were possible)I wish (that)
7	5716	温馨	wēnxīn	comfortsoft and fragrantwarm
7	5720	挨	āi	in order, in sequenceclose to, adjacent to
7	5727	封面	fēngmiàn	cover (of a publication)
7	5728	辩护	biànhù	to speak in defense ofto argue in favor ofto defendto plead
7	5735	幸好	xìnghǎo	fortunately
7	5750	人质	rénzhì	hostage
7	5750	嘴唇	zuǐchún	lip
7	5753	签约	qiānyuē	to sign a contract or agreement
7	5758	训	xùn	to teach, to train, to admonish(bound form) instruction (from superiors), teachings, rule
7	5763	强制	qiángzhì	to force, to compel, to coerceforced, compulsory
7	5764	愚蠢	yúchǔn	sillystupid
7	5770	盗窃	dàoqiè	to steal
7	5771	设定	shèdìng	to setto set upto installsetting
7	5773	游行	yóuxíng	to march, to parade, to demonstrateprocession, march, demonstrationto travel around, to roam
7	5778	奔	bēn	to hurryto rushto run quicklyto elope
7	5778	自私	zìsī	selfishselfishness
7	5780	凑	còu	to gather together, pool or collectto happen by chanceto move close toto exploit an opportunity
7	5785	警惕	jǐngtì	to be on the alertvigilantalerton guard
7	5789	降临	jiànglín	to descendto arriveto come
7	5791	截	jié	to cut off (a length)to stopto interceptsection
7	5796	生死	shēngsǐ	life or death
7	5803	膝盖	xīgài	knee(Internet slang) to kneel down (in admiration)
7	5805	狂欢	kuánghuān	partycarousalhilaritymerriment
7	5805	入侵	rùqīn	to invade
7	5805	重组	chóngzǔ	to reorganize, to recombine, to restructure
7	5811	乃	nǎi	to bethussotherefore
7	5813	发觉	fājué	to become awareto detectto realizeto perceive
7	5814	撕	sī	to tear
7	5816	笨蛋	bèndàn	(mild insult) fool, idiot(playful) silly person
7	5833	极度	jídù	extremely
7	5838	舱	cāng	cabinthe hold of a ship or airplane
7	5845	安置	ānzhì	to find a place forto help settle downto arrange forto get into bed
7	5848	处置	chǔzhì	to handleto take care ofto punish
7	5858	念头	niàntou	thought, idea, intention
7	5858	增产	zēngchǎn	to increase production
7	5870	皇后	huánghòu	empressimperial consort
7	5877	视线	shìxiàn	line of sight
7	5886	间谍	jiàndié	spy
7	5890	首批	shǒupī	first batch
7	5892	虚	xū	emptinessvoidabstract theory or guiding principlesempty or unoccupied
7	5895	壳	qiào	(bound form) shell
7	5901	罪犯	zuìfàn	criminal
7	5903	投降	tóuxiáng	to surrender
7	5903	巡逻	xúnluó	to patrol
7	5908	煎	jiān	to pan fryto sauté
7	5914	边境	biānjìng	frontier, border
7	5916	继	jì	to continueto follow afterto go on withto succeed
7	5922	疫苗	yìmiáo	vaccine
7	5935	喉咙	hóulóng	the throat
7	5935	矿	kuàng	mineral deposit, ore depositorea mine
7	5938	身子	shēnzi	bodypregnancyhealth
7	5941	邪	xié	demoniciniquitousnefariousevil
7	5943	军官	jūnguān	officer (military)
7	5947	意愿	yìyuàn	aspirationwish (for)desire
7	5947	隐瞒	yǐnmán	to concealto hide (a taboo subject)to cover up the truth
7	5950	工会	gōnghuì	labor union, trade union
7	5952	织	zhī	to weaveto knit
7	5954	征服	zhēngfú	to conquerto subdueto vanquish
7	5955	陈述	chénshù	to state, to declare
7	5964	精英	jīngyīng	creameliteessencequintessence
7	5968	垫	diàn	padcushionmatto pad out
7	5971	席	xí	woven matseatbanquetplace in a democratic assembly
7	5982	确切	quèqiè	definiteexactprecise
7	5983	不惜	bùxī	not stintnot sparenot hesitate (to do sth)not scruple (to do sth)
7	5983	揭晓	jiēxiǎo	to announce publiclyto publishto make knownto disclose
7	5986	发誓	fāshì	to vowto pledgeto swear
7	5992	安心	ānxīn	at easeto feel relievedto set one's mind at restto keep one's mind on sth
7	6000	犯规	fànguī	to break the rulesan illegalitya foul
7	6001	缩	suō	to withdrawto pull backto contractto shrink
7	6002	婚纱	hūnshā	wedding dress
7	6007	困惑	kùnhuò	bewilderedperplexedconfuseddifficult problem
7	6011	盛大	shèngdà	grandmajesticmagnificent
7	6012	共和国	gònghéguó	republic
7	6016	数码	shùmǎ	numbernumeralsfiguresdigital
7	6020	空白	kòngbái	blank space
7	6020	天赋	tiānfù	giftinnate skill
7	6021	疗法	liáofǎ	therapy, treatment
7	6032	同胞	tóngbāo	born of the same parentssiblingfellow citizencompatriot
7	6035	故	gù	happeninginstancereasoncause
7	6036	变形	biànxíng	to become deformed, to change shape, to morph
7	6036	无力	wúlì	to lack strength, to feel weakto lack the ability or power (to do sth)
7	6037	地步	dìbù	stage, degree (to which a situation has evolved)a (usu. bad) situationleeway
7	6042	占领	zhànlǐng	to capture, to seize, to occupy by force
7	6047	扬	yáng	to raiseto hoistthe action of tossing or winnowingscattering (in the wind)
7	6059	悲哀	bēi'āi	grievedsorrowful
7	6063	欢呼	huānhū	to cheer forto acclaim
7	6067	阳性	yángxìng	positivemasculine
7	6069	壮	zhuàng	to strengthenstrongrobust
7	6073	辞	cí	to resignto dismissto decline(literary) to take leave
7	6079	审	shěn	to examineto investigatecarefullyto try (in court)
7	6083	倒数	dàoshǔ	to count backwards (from 10 down to 0)to count downfrom the bottom (lines on a page)from the back (rows of seats)
7	6091	临	lín	to faceto overlookto arriveto be (just) about to
7	6095	指引	zhǐyǐn	to guideto showto point (the way)directions
7	6107	罩	zhào	to cover, to spread overa cover, a shade, a hoodbamboo fish trapbamboo chicken coop
7	6113	回避	huíbì	to shunto avoid (sb)to skirtto evade (an issue)
7	6116	新生	xīnshēng	newnewbornemergingnascent
7	6124	问候	wènhòu	to give one's respectsto send a greeting(fig.) (coll.) to make offensive reference to (somebody dear to the person to whom one is speaking)
7	6127	留意	liúyì	to be mindfulto pay attention toto take note of
7	6129	棉花	miánhua	cotton
7	6131	指甲	zhǐjia	fingernail
7	6133	神圣	shénshèng	divinehallowholysacred
7	6138	恶化	èhuà	to worsen
7	6144	口气	kǒuqì	tone of voicethe way one speaksmanner of expressiontone
7	6147	国民	guómín	nationalscitizenspeople of a nation
7	6156	指令	zhǐlìng	to order, to commandan order, a command, an instruction
7	6157	勾	gōu	to attractto arouseto tickto strike out
7	6160	出局	chūjú	(of a batter) to be put out (in baseball), to be dismissed (in cricket)(of a player or team) to be eliminated from a competition(fig.) to be weeded out, to get the chop (in a competitive environment)
7	6166	贵族	guìzú	lordnobilitynoblemannoblewoman
7	6167	制服	zhìfú	to subdueto checkto bring under control(in former times) what one is allowed to wear depending on social status
7	6172	吉他	jítā	(loanword) guitar
7	6175	癌	ái	cancer, (esp.) carcinoma
7	6180	证人	zhèngrén	witness
7	6188	清新	qīngxīn	fresh and clean
7	6191	征	zhēng	to inviteto recruitto levy (taxes)to draft (troops)
7	6208	坦克	tǎnkè	(loanword) tank (military vehicle)(derog.) (slang) overweight woman
7	6216	自称	zìchēng	to call oneselfto claim to beto professto claim a title
7	6217	毁灭	huǐmiè	to perishto ruinto destroy
7	6221	乐意	lèyì	to be willing to do sthto be ready to do sthto be happy to do sthcontent
7	6226	哭泣	kūqì	to weep
7	6228	筹码	chóumǎ	bargaining chip, gaming chip, casino token
7	6229	瞄准	miáozhǔn	to take aim at, to target
7	6229	脑海	nǎohǎi	the mindthe brain
7	6229	水晶	shuǐjīng	crystal
7	6237	会谈	huìtán	talksdiscussions
7	6239	双重	shuāngchóng	double
7	6249	捅	tǒng	to poke, to jabto give (sb) a nudge, to prodto disclose, to reveal
7	6255	掩饰	yǎnshì	to cover upto concealto maskto gloss over
7	6256	终止	zhōngzhǐ	to stop, to terminate
7	6257	掩盖	yǎngài	to concealto hide behindto cover up
7	6258	标签	biāoqiān	labeltag(computing) tab (GUI element)
7	6261	演习	yǎnxí	(military, firefighting etc) (verb and noun) drill, exercise, maneuver
7	6270	艾滋病	àizībìng	(loanword) AIDS
7	6271	陷阱	xiànjǐng	pitfallsnaretrap
7	6282	胎	tāi	fetusclassifier for litters (of puppies etc)padding (in clothing or bedding)womb carrying a fetus
7	6283	来电	láidiàn	incoming telephone call (or telegram)to phone in, to send in a telegramto have an instant attraction to sb(of electricity, after an outage) to come back
7	6284	筒	tǒng	tubecylinderto encase in sth cylindrical (such as hands in sleeves etc)
7	6285	干涉	gānshè	to interfereto meddleinterference
7	6285	组建	zǔjiàn	to organizeto set upto establish
7	6288	制止	zhìzhǐ	to curbto put a stop toto stopto check
7	6294	华丽	huálì	gorgeous
7	6296	操纵	cāozòng	to operateto controlto rigto manipulate
7	6299	遗忘	yíwàng	to forget, to cease to think about (sb or sth) anymore
7	6313	积	jī	to amass, to accumulate, to store up(math.) product (the result of multiplication)(TCM) constipation, indigestion
7	6317	地带	dìdài	zone
7	6318	准则	zhǔnzé	normstandardcriterion
7	6322	报酬	bàochou	rewardremuneration
7	6325	可疑	kěyí	suspiciousdubious
7	6329	丫头	yātou	girlservant girl(used deprecatingly, but sometimes also as a term of endearment)
7	6330	搅	jiǎo	to disturbto annoyto mixto stir
7	6343	极限	jíxiàn	limitextreme boundary
7	6348	讽刺	fěngcì	to satirizeto mockironysatire
7	6349	赐	cì	(bound form) to confer, to bestow, to grant(literary) gift, favor
7	6353	星座	xīngzuò	constellationastrological sign
7	6358	违背	wéibèi	to go againstto be contrary toto violate
7	6374	呕吐	ǒutù	to vomit
7	6377	原告	yuángào	complainantplaintiff
7	6379	美容	měiróng	to improve one's appearance (using cosmetics or cosmetic surgery)to make oneself more attractiveto beautify
7	6384	糖尿病	tángniàobìng	diabetes, diabetes mellitus
7	6384	揍	zòu	to hit, to beat (sb)(coll.) to smash (sth)
7	6386	分成	fēnchéng	to divide (into)to split a bonusto break intotenths
7	6391	性命	xìngmìng	life
7	6397	糊涂	hútu	muddledsillyconfused
7	6401	慌	huāng	to get panicky, to lose one's head(coll.) unbearably, terribly
7	6408	同步	tóngbù	synchronousto synchronizeto keep step with
7	6418	何必	hébì	there is no needwhy should
7	6421	麻醉	mázuì	anesthesiato anesthetize, (fig.) to corrupt (sb's mind), to enervate, to numb the mind (to escape from harsh reality)
7	6421	团伙	tuánhuǒ	(criminal) ganggang memberaccomplicecrony
7	6423	审理	shěnlǐ	to hear (a case)
7	6425	共识	gòngshí	common understanding, consensus
7	6428	内在	nèizài	innerinternalintrinsicinnate
7	6429	抵押	dǐyā	to provide (an asset) as security for a loanto put up collateral
7	6445	曲线	qūxiàn	curvecurved lineindirectin a roundabout way
7	6445	伪装	wěizhuāng	to pretend to be (asleep etc)to disguise oneself aspretensedisguise
7	6446	喘	chuǎn	to gaspto pantasthma
7	6447	吸毒	xīdú	to take drugs
7	6451	独家	dújiā	exclusive
7	6455	任意	rènyì	anyarbitraryat willat random
7	6459	开除	kāichú	to expel (a member of an organization)to fire (an employee)
7	6459	拽	zhuài	to pullto tug at (sth)
7	6465	墓	mù	gravetombmausoleum
7	6466	陷	xiàn	pitfalltrapto get stuckto sink
7	6470	废话	fèihuà	nonsense, rubbish, superfluous wordsYou don't say!, No kidding! (gently sarcastic)
7	6471	激光	jīguāng	laser
7	6472	国务院	Guówùyuàn	(PRC) State Council(USA) State Department
7	6478	抖	dǒu	to trembleto shake outto revealto make it in the world
7	6484	时空	shíkōng	time and placeworld of a particular locale and era(physics) space-time
7	6485	霜	shuāng	frostwhite powder or cream spread over a surfacefrosting(skin) cream
7	6486	流血	liúxuè	to bleedto shed blood
7	6487	应急	yìngjí	to respond to an emergencyto meet a contingency(attributive) emergency
7	6491	八卦	bāguà	the eight divinatory trigrams of the Book of Changesgossipgossipy
7	6491	是非	shìfēi	right and wrongquarrel
7	6492	言论	yánlùn	expression of opinionviewsremarksarguments
7	6502	无敌	wúdí	unequalledwithout rivala paragon
7	6505	昏迷	hūnmí	to lose consciousnessto be in a comastuporcoma
7	6506	运转	yùnzhuǎn	to workto operateto revolveto turn around
7	6507	官司	guānsi	lawsuit
7	6509	没收	mòshōu	to confiscate, to seize
7	6514	辉煌	huīhuáng	splendidglorious
7	6514	嫩	nèn	young and tender(of food) tender, lightly cooked(of color) light(of a person) inexperienced, unskilled
7	6517	流浪	liúlàng	to drift aboutto wanderto roamnomadic
7	6517	沙滩	shātān	beachsandy shore
7	6518	手枪	shǒuqiāng	pistol
7	6523	感恩	gǎn'ēn	to be grateful
7	6526	良心	liángxīn	conscience
7	6541	火炬	huǒjù	(flaming) torch
7	6550	出卖	chūmài	to offer for sale, to sellto sell out, to betray
7	6553	梦幻	mènghuàn	dreamillusionreverie
7	6558	鲜血	xiānxuè	blood
7	6559	魔术	móshù	magic
7	6561	与众不同	yǔzhòngbùtóng	(idiom) to stand out from the crowd, distinctive, different from the rest
7	6563	地毯	dìtǎn	carpetrug
7	6581	甜美	tiánměi	sweetpleasanthappy
7	6583	雇	gù	to employto hireto rent
7	6583	受害人	shòuhàirén	victim
7	6591	乐园	lèyuán	paradise
7	6592	吓人	xiàrén	to scarescaryfrightening
7	6593	光芒	guāngmáng	rays of lightbrilliant raysradiance
7	6593	海滩	hǎitān	beach
7	6599	额外	éwài	extraaddedadditional
7	6600	钢铁	gāngtiě	steel
7	6607	压抑	yāyì	to constrain or repress emotionsoppressivestiflingdepressing
7	6608	伪造	wěizào	to forgeto faketo counterfeit
7	6613	召集	zhàojí	to convene, to call together
7	6618	亲眼	qīnyǎn	with one's own eyespersonally
7	6620	骚扰	sāorǎo	to disturbto cause a commotionto harass
7	6638	花样	huāyàng	patternway of doing sthtrickruse
7	6642	亲手	qīnshǒu	with one's own hands, personally
7	6647	激活	jīhuó	to activate
7	6654	上诉	shàngsù	to appeal (a judicial case)appeal
7	6662	憋	biē	to choketo stifleto restrainto hold back
7	6664	摊	tān	to spread outvendor's stand
7	6667	环球	huánqiú	around the worldworldwide
7	6667	任命	rènmìng	to appoint(job) appointment
7	6668	轰	hōng	explosionbangboomrumble
7	6671	撤离	chèlí	to withdraw fromto evacuate
7	6678	无情	wúqíng	pitilessruthlessmercilessheartless
7	6680	为人	wéirén	to conduct oneselfbehavior, conduct, personal character
7	6684	开场	kāichǎng	to beginto opento startbeginning of an event
7	6689	容忍	róngrěn	to put up withto tolerate
7	6690	权益	quányì	rightsinterestsrights and benefits
7	6695	邀	yāo	to inviteto requestto interceptto solicit
7	6699	防护	fánghù	to defendto protect
7	6699	丸	wán	ballpelletpill
7	6704	坚信	jiānxìn	to believe firmlywithout any doubt
7	6707	折腾	zhēteng	to toss from side to side (e.g. sleeplessly)to repeat sth over and over againto torment sbto play crazy
7	6708	寻常	xúncháng	usual, common, ordinary
7	6712	侮辱	wǔrǔ	to insultto humiliatedishonor
7	6719	一早	yīzǎo	early in the morningat dawn
7	6727	兜	dōu	pocketbagto wrap up or hold in a bagto move in a circle
7	6734	致力于	zhìlìyú	to devote oneself to, to work toward
7	6738	扮	bàn	to disguise oneself asto dress upto play (a role)to put on (an expression)
7	6740	意图	yìtú	intentintentionto intend
7	6741	火焰	huǒyàn	blazeflame
7	6755	恶意	èyì	maliceevil intention
7	6757	盼	pàn	to hope forto long forto expect
7	6766	上司	shàngsi	bosssuperior
7	6767	高贵	gāoguì	grandeurnoble
7	6767	荣幸	róngxìng	honored (to have the privilege of ...)
7	6769	蜂蜜	fēngmì	honey
7	6771	怨	yuàn	to blame(bound form) resentment, hatred, grudge
7	6773	处境	chǔjìng	situation (of a person)
7	6774	创伤	chuāngshāng	wound, injury, trauma
7	6774	发言人	fāyánrén	spokesperson
7	6776	哄	hōng	roar of laughter (onom.)hubbubto roar (as a crowd)
7	6776	说谎	shuōhuǎng	to lieto tell an untruth
7	6783	回想	huíxiǎng	to recallto recollectto think back
7	6789	祭	jì	to offer a sacrifice to (gods or ancestors)(in classical novels) to recite an incantation to activate a magic weapon, to wield (sth magic)(bound form) ceremony(Tw) (bound form) (celebratory) festival
7	6794	幕后	mùhòu	behind the scenes
7	6795	沮丧	jǔsàng	dispiriteddejecteddismayed
7	6817	发掘	fājué	to excavateto explore(fig.) to unearthto tap into
7	6821	储备	chǔbèi	to store upreserves
7	6821	通报	tōngbào	to informto notifyto announcecircular
7	6832	占用	zhànyòng	to occupy
7	6833	出路	chūlù	a way out (lit. and fig.)opportunity for advancement, a way forwardoutlet (for one's products)
7	6833	炖	dùn	to stew
7	6842	盲目	mángmù	(fig.) (of one's actions) blind, unthinking
7	6843	迟早	chízǎo	sooner or later
7	6848	谜	mí	riddle
7	6849	充	chōng	sufficient, fullto fillto serve as, to act asto act falsely as, to pose as
7	6850	愈	yù	the more...(the more...)to recoverto healbetter
7	6851	伴侣	bànlǚ	companionmatepartner
7	6855	瞒	mán	to conceal fromto keep (sb) in the dark
7	6858	自主	zìzhǔ	to act independently, to be autonomous, to be in control of one's own affairs
7	6862	交代	jiāodài	to transfer (duties to sb else)to give instructions, to tell (sb to do sth)to explain, to give an account, to briefto confess, to account for oneself
7	6867	步伐	bùfá	pace(measured) stepmarch
7	6868	宽容	kuānróng	lenienttolerantindulgentcharitable
7	6872	强行	qiángxíng	to do sth by force
7	6879	手脚	shǒujiǎo	hand and footmovement of limbsactiontrick
7	6886	姿态	zītài	attitudeposturestance
7	6893	经费	jīngfèi	fundsexpenditure
7	6894	社交	shèjiāo	interactionsocial contact
7	6903	随身	suíshēn	to (carry) on one's personto (take) with one
7	6903	幼稚	yòuzhì	youngchildishpuerile
7	6907	走私	zǒusī	to smuggleto have an illicit affair
7	6909	诈骗	zhàpiàn	to defraudto swindleto blackmail
7	6910	尽头	jìntóu	end, extremity, limit
7	6916	挽救	wǎnjiù	to saveto remedyto rescue
7	6918	扩张	kuòzhāng	expansiondilationto expand (e.g. one's power or influence)to broaden
7	6919	眼下	yǎnxià	now, at present(anatomy) subocular
7	6933	歧视	qíshì	to discriminate againstdiscrimination
7	6937	放过	fàngguò	to let offto let slip byto let sb get away with sth
7	6937	润	rùn	moist, glossy, sleekto moisten, to lubricateto embellish, to enhanceprofit, remuneration
7	6944	无意	wúyì	inadvertentaccidentalto have no intention of (doing sth)
7	6953	裂	liè	to splitto crackto break opento rend
7	6954	效力	xiàolì	effectivenesspositive effectto serve (in some capacity)
7	6964	侵略	qīnlüè	to invadeinvasion
7	6974	宣称	xuānchēng	to assertto claim
7	6981	威力	wēilì	mightformidable power
7	6983	别说	biéshuō	to say nothing of, not to mention, let alone
7	6996	施工	shīgōng	constructionto carry out construction or large-scale repairs
7	6999	勿	wù	do not
7	7000	激素	jīsù	hormone
7	7000	隆重	lóngzhòng	grandprosperousceremonioussolemn
7	7002	破裂	pòliè	to burst, to rupture(of a relationship etc) to break down
7	7005	废物	fèiwù	rubbish, waste materialuseless person
7	7005	迷失	míshī	to get lost, to lose one's bearings
7	7005	体制	tǐzhì	systemorganization
7	7007	守护	shǒuhù	to guardto protect
7	7011	协商	xiéshāng	to consult withto talk things overagreement
7	7019	视野	shìyě	field of view(fig.) outlook, perspective
7	7019	委员	wěiyuán	committee member
7	7023	蹦	bèng	to jump, to bounce, to hop
7	7037	雷达	léidá	(loanword) radar
7	7037	样品	yàngpǐn	sample, specimen
7	7040	关节	guānjié	joint (physiology)key pointcritical phase
7	7042	边界	biānjiè	boundaryborder
7	7043	嫌疑	xiányí	suspicionto have suspicions
7	7054	波动	bōdòng	to undulateto fluctuatewave motionrise and fall
7	7054	海盗	hǎidào	pirate
7	7060	往事	wǎngshì	past eventsformer happenings
7	7060	与否	yǔfǒu	whether or not (at the end of a phrase)
7	7061	传言	chuányán	rumorhearsay
7	7062	何况	hékuàng	let aloneto say nothing ofbesideswhat's more
7	7065	传闻	chuánwén	rumor
7	7065	简称	jiǎnchēng	to be abbreviated toabbreviation, short form
7	7068	发泄	fāxiè	to give vent to (one's feelings)
7	7075	预言	yùyán	to predictprophecy
7	7077	失控	shīkòng	to go out of control
7	7080	出动	chūdòng	to start out on a tripto dispatch troops
7	7090	妥协	tuǒxié	to compromiseto reach termsa compromise
7	7092	宁静	níngjìng	tranquiltranquilityserenity
7	7103	瞪	dèng	to open (one's eyes) wideto stare atto glare at
7	7107	来回	láihuí	to make a round tripreturn journeyback and forthto and fro
7	7108	终结	zhōngjié	end, conclusionto come to an end, to terminate (sth)
7	7109	可恶	kěwù	repulsivevilehatefulabominable
7	7113	泡沫	pàomò	foam(soap) bubble(economic) bubble
7	7122	谴责	qiǎnzé	to denounceto condemnto criticizecondemnation
7	7131	分歧	fēnqí	divergentdifference (of opinion, position), disagreement(math.) bifurcation
7	7136	烟花	yānhuā	fireworksprostitute (esp. in Yuan theater)
7	7142	纠缠	jiūchán	to be in a tangleto nag
7	7144	海报	hǎibào	posterplaybillnotice
7	7153	机密	jīmì	secret, classifiedclassified information, secret
7	7161	绳子	shéngzi	cord, string, rope
7	7162	剧情	jùqíng	story lineplotdrama (genre)
7	7167	灿烂	cànlàn	to glitterbrilliantsplendid
7	7172	自行	zìxíng	voluntaryautonomousby oneselfself-
7	7175	拘留	jūliú	to detain (as a prisoner), to keep sb in custody
7	7177	孕妇	yùnfù	pregnant woman
7	7193	腔	qiāng	(bound form) cavity(bound form) speech, talktuneaccent (in one's speech)
7	7196	复合	fùhé	complexcompoundcompositehybrid
7	7197	下场	xiàchǎng	to leave the stage or playing fieldto enter a competition, to take part in a contest(historical) to sit an imperial examination
7	7203	匹配	pǐpèi	to mate or marryto matchmatchingcompatible
7	7203	气象	qìxiàng	meteorological condition, weathermeteorologyatmosphere, ambience, scene
7	7205	傲	ào	proudarrogantto despiseunyielding
7	7210	介意	jièyì	to care aboutto take offenseto mind
7	7219	编号	biānhào	to number, to assign numbersserial number
7	7220	一体	yītǐ	an integral wholeall concernedeverybody
7	7226	辩	biàn	to disputeto debateto argueto discuss
7	7230	巧合	qiǎohé	coincidencecoincidentalto coincide
7	7231	古怪	gǔguài	strangeweirdeccentricbizarre
7	7234	岩石	yánshí	(geology) rock
7	7241	裹	guǒ	to wrap aroundbundle, parcel, packageto press into service, to pressgang, to make off with (sth)
7	7241	克隆	kèlóng	(biology) (loanword) to clone, a clone(fig.) to make an identical copy of (a website etc)
7	7246	皱	zhòu	to wrinklewrinkledto crease
7	7248	豹	bào	leopardpanther
7	7255	直至	zhízhì	lasting untilup till (the present)
7	7256	出身	chūshēn	to be born ofto come fromfamily backgroundclass origin
7	7261	头号	tóuhào	first ratetop ranknumber one
7	7263	王国	wángguó	kingdomrealm
7	7266	墨	mò	ink stickChina inkcorporal punishment consisting of tattooing characters on the victim's forehead
7	7275	动静	dòngjìng	(detectable) movement, (sign of) activitymovement and stillness
7	7275	授予	shòuyǔ	to awardto confer
7	7281	赴	fù	to goto visit (e.g. another country)to attend (a banquet etc)
7	7284	下令	xiàlìng	to give an order, to issue an order
7	7284	直觉	zhíjué	intuition
7	7286	诊所	zhěnsuǒ	clinic
7	7287	掐	qiā	to pick (flowers)to pinchto nipto pinch off
7	7292	前线	qiánxiàn	front linemilitary frontworkfacecutting edge
7	7296	忠实	zhōngshí	faithful
7	7302	亲近	qīnjìn	(of people or relationships) close, intimateto draw close to, to engage with, to become familiar with (nature, places, ideas, art etc)
7	7305	延	yán	to prolongto extendto delay
7	7305	战役	zhànyì	military campaign
7	7310	缓	huǎn	slowunhurriedsluggishgradual
7	7310	坦白	tǎnbái	honestforthcomingto confess
7	7317	社会主义	shèhuìzhǔyì	socialism
7	7317	掩护	yǎnhù	to screento shieldto coverprotection
7	7319	胎儿	tāi'ér	unborn childfetusembryo
7	7321	虐待	nüèdài	to mistreatto maltreatto abusemistreatment
7	7321	政权	zhèngquán	regimepolitical power
7	7322	宣言	xuānyán	declarationmanifesto
7	7327	瘾	yǐn	addictioncraving
7	7332	窒息	zhìxī	to choketo stifleto suffocate
7	7339	漆	qī	paintlacquerto paint (furniture, walls etc)
7	7339	熏	xūn	fragrancewarmto educateto smoke
7	7340	赞美	zànměi	to admireto praiseto eulogize
7	7341	虚假	xūjiǎ	false, phony, sham
7	7342	永久	yǒngjiǔ	everlastingperpetuallastingforever
7	7345	强势	qiángshì	strongpowerful(linguistics) emphaticintensive
7	7348	伸手	shēnshǒu	to reach out with one's handto hold out a hand(fig.) to begto get involved
7	7348	种族	zhǒngzú	race, ethnic group
7	7352	扭曲	niǔqū	to twistto warpto distort
7	7358	人情	rénqíng	human emotionssocial relationship, friendshipfavor, a good turn
7	7359	民办	mínbàn	run by the local peopleprivately operated
7	7362	编剧	biānjù	to write a playscenariodramatistscreenwriter
7	7368	处方	chǔfāng	medical prescriptionto write out a prescription(fig.) recommendationadvice
7	7377	安定	āndìng	stable, calm, settledto stabilizeValium, diazepam
7	7377	默契	mòqì	tacit understanding, unwritten agreementrapport(of people) in sync, well coordinated
7	7378	续	xù	to continueto replenish
7	7383	礼服	lǐfú	ceremonial robeformal attire (dinner suit, evening gown etc)
7	7383	舔	tiǎn	to lickto lap
7	7389	叠	dié	to pile up(bound form) repeatedto foldclassifier: stack, pile (of thin objects)
7	7391	耗	hào	to wasteto spendto consumeto squander
7	7391	一线	yīxiàn	front line, front-line positiona ray of, a glimmer of (hope, light etc)
7	7392	智商	zhìshāng	IQ (intelligence quotient)
7	7395	漫	màn	freeunrestrainedto inundate
7	7400	片段	piànduàn	fragment (of speech etc)extract (from book etc)episode (of story etc)
7	7424	温泉	wēnquán	hot spring
7	7428	副作用	fùzuòyòng	side effect
7	7441	追逐	zhuīzhú	to chaseto pursue vigorously
7	7443	涌	yǒng	to well up, to gush forth, to surge
7	7455	归来	guīlái	to returnto come back
7	7455	奇妙	qímiào	wonderful, marvelous, intriguing, mysterious, strange
7	7456	奴隶	núlì	slave
7	7478	干预	gānyù	to meddleto interveneintervention
7	7481	卧	wò	to lieto crouch
7	7481	争执	zhēngzhí	to disputeto disagreeto argue opinionatedlyto wrangle
7	7482	集会	jíhuì	to gatherassemblymeeting
7	7484	无知	wúzhī	ignorantignorance
7	7485	剥夺	bōduó	to depriveto expropriateto strip (sb of his property)
7	7485	橡胶	xiàngjiāo	rubber, caoutchouc
7	7486	万分	wànfēn	very muchextremelyone ten thousandth part
7	7488	指向	zhǐxiàng	to point towardsaimed atfacingthe direction indicated
7	7490	私下	sīxià	in private
7	7490	协定	xiédìng	agreementaccordto reach an agreement
7	7492	旗帜	qízhì	ensignflag
7	7493	悬	xuán	to hang or suspendto worrypublic announcementunresolved
7	7494	水准	shuǐzhǔn	level (of achievement etc)standardlevel (surveying)
7	7498	纯洁	chúnjié	pureclean and honestto purify
7	7498	柜台	guìtái	sales counter, front desk, bar(of financial trading, medicines etc) OTC (over-the-counter)
7	7499	揭露	jiēlù	to exposeto unmaskto ferret outto disclose
7	7516	吩咐	fēnfu	to tell, to instruct, to command
7	7522	导航	dǎoháng	(lit. and fig.) to navigate
7	7522	强劲	qiángjìng	strongpowerfulrobust
7	7524	挽回	wǎnhuí	to retrieveto redeem
7	7525	剥	bō	to peelto skinto flayto shuck
7	7531	庆幸	qìngxìng	to rejoice, to be glad
7	7531	三角	sānjiǎo	triangle(math.) trigonometry
7	7534	条约	tiáoyuē	treatypact
7	7536	享	xiǎng	to enjoyto benefitto have the use of
7	7538	陆军	lùjūn	armyground forces
7	7541	恐慌	kǒnghuāng	panicpanickypanic-stricken
7	7543	旺	wàng	prosperousflourishing(of flowers) blooming(of fire) roaring
7	7545	连锁	liánsuǒ	to interlockto be linkedchain (store etc)
7	7547	辩论	biànlùn	debateargumentto argue over
7	7547	轻微	qīngwēi	slightlighttrivialto a small extent
7	7547	伤感	shānggǎn	sademotionalsentimentalpathos
7	7555	疲惫	píbèi	beatenexhaustedtired
7	7556	拧	níng	to pinchwring
7	7558	莫名其妙	mòmíngqímiào	(idiom) baffling, bizarre, without rhyme or reason, inexplicable
7	7559	廉价	liánjià	cheaply-priced, low-cost
7	7564	束缚	shùfù	to bind, to tie up, to fetter, to shackle
7	7572	撞击	zhuàngjī	to strike, to hit, to ram
7	7583	垮	kuǎ	to collapse (lit. or fig.)
7	7583	债券	zhàiquàn	bonddebenture
7	7584	当真	dàngzhēn	to take seriouslyseriousNo joking, really!
7	7585	复活	fùhuó	to revive(lit. and fig.) to come back to life(religion) resurrection
7	7590	溪	xī	creekrivulet
7	7596	怪不得	guàibude	no wonder!so that's why!
7	7596	突击	tūjī	sudden and violent attackassaultfig. rushed jobconcentrated effort to finish a job quickly
7	7597	压迫	yāpò	to oppressto repressto constrictoppression
7	7609	蔓延	mànyán	to spread, to extend
7	7611	巨人	jùrén	giant
7	7612	模范	mófàn	modelfine example
7	7616	设法	shèfǎ	to tryto make an attemptto think of a way (to accomplish sth)
7	7618	强硬	qiángyìng	toughunyieldinghard-line
7	7619	心意	xīnyì	intentionregard, kindly feelings
7	7621	道具	dàojù	(theater) propparaphernalia(gaming) item, artifact
7	7625	不妨	bùfáng	there is no harm in, might as well
7	7637	靴子	xuēzi	boots
7	7641	终究	zhōngjiū	in the end, after all, eventually
7	7646	会面	huìmiàn	to meet withmeeting
7	7646	失落	shīluò	to lose (sth)to drop (sth)to feel a sense of lossfrustrated
7	7653	解脱	jiětuō	to untieto freeto absolve ofto get free of
7	7654	受益	shòuyì	to benefit fromprofit
7	7656	小人	xiǎorén	person of low social status (old)I, me (used to refer humbly to oneself)nasty personvile character
7	7656	炸药	zhàyào	explosive, blasting agent, dynamite
7	7667	表决	biǎojué	to decide by voteto vote
7	7670	享有	xiǎngyǒu	to enjoy (rights, privileges etc)
7	7685	仇恨	chóuhèn	to hatehatredenmityhostility
7	7687	注视	zhùshì	to look attentively at, to closely watch, to gaze at
7	7692	后备	hòubèi	reserve, backup
7	7694	开支	kāizhī	expenditures, expensesto spend money(coll.) to pay wages
7	7694	擅自	shànzì	without permission
7	7713	防范	fángfàn	to be on guardwarinessto guard againstpreventive
7	7713	目睹	mùdǔ	to witnessto see at first handto see with one's own eyes
7	7714	手腕	shǒuwàn	wristtrickeryfinesseability
7	7717	税收	shuìshōu	taxation
7	7718	清单	qīngdān	list of items
7	7721	明智	míngzhì	sensiblewisejudicioussagacious
7	7729	非凡	fēifán	out of the ordinaryunusually (good, talented etc)
7	7731	刊登	kāndēng	to carry a storyto publish (in a newspaper or magazine)
7	7731	泄露	xièlòu	to leak (information), to divulge
7	7732	无耻	wúchǐ	without any sense of shameunembarrassedshameless
7	7738	诱人	yòurén	attractive, alluring, captivating
7	7741	鹅	é	goose
7	7742	仇	chóu	hatredanimosityenmityfoe
7	7750	冷漠	lěngmò	cold and detached towards sblack of regardindifferenceneglect
7	7752	预备	yùbèi	to prepareto make readypreparationpreparatory
7	7760	卡通	kǎtōng	cartoon (loanword)
7	7760	圈子	quānzi	circlering(social) circle
7	7764	天地	tiāndì	heaven and earthworldscopefield of activity
7	7767	厌倦	yànjuàn	to be weary of, to be fed up with, to be bored with
7	7774	饶	ráo	richabundantexuberantto add for free
7	7783	手册	shǒucè	manual, handbook
7	7786	转化	zhuǎnhuà	to change, to turn, to convert(genetics) to transform(chemistry) isomerization
7	7787	奔驰	bēnchí	to run quicklyto speedto gallop
7	7789	体贴	tǐtiē	considerate (of other people's needs)
7	7791	生效	shēngxiào	(of a law, contract, agreement, ban etc) to come into force, to go into effect, to become operative
7	7795	服饰	fúshì	apparelclothing and personal adornment
7	7798	名誉	míngyù	famereputationhonorhonorary
7	7815	垂	chuí	to hang (down)droopdanglebend down
7	7817	退役	tuìyì	(of military personnel or athletes) to retire(of outdated equipment) to be decommissioned
7	7819	兑现	duìxiàn	(of a check etc) to cashto honor a commitment
7	7819	肌肤	jīfū	skinfleshfig. close physical relationship
7	7826	拳头	quántou	fist(of a product, service, project etc) flagship, key, core
7	7828	遵循	zūnxún	to follow, to abide by, to comply with
7	7830	抗生素	kàngshēngsù	antibiotic
7	7832	下属	xiàshǔ	subordinateunderling
7	7835	英勇	yīngyǒng	heroicgallantvaliant
7	7841	人权	rénquán	human rights
7	7848	喜悦	xǐyuè	happyjoyous
7	7850	大气	dàqì	atmosphere (surrounding the earth)imposing, impressive, stylish
7	7851	引用	yǐnyòng	to quote, to citeto recommend, to appoint(computing) reference
7	7858	查明	chámíng	to investigate and find outto ascertain
7	7866	一手	yīshǒu	a skillmastery of a tradeby oneselfwithout outside help
7	7869	怪异	guàiyì	monstrousstrangestrange phenomenon
7	7871	认证	rènzhèng	to authenticateto approve
7	7875	作弊	zuòbì	to practice fraudto cheatto engage in corrupt practices
7	7877	蜡烛	làzhú	candle
7	7880	惊奇	jīngqí	to be amazedto be surprisedto wonder
7	7880	可悲	kěbēi	lamentable
7	7889	精神病	jīngshénbìng	mental disorderpsychosis
7	7894	厌恶	yànwù	to loatheto hatedisgusted with sth
7	7896	和尚	héshang	Buddhist monk
7	7902	扛	káng	to carry on one's shoulder(fig.) to take on (a burden, duty etc)
7	7907	偿还	chánghuán	to repay, to reimburse
7	7908	验	yàn	to examineto testto check
7	7910	炫耀	xuànyào	dazzlingto show off, to flaunt
7	7914	人身	rénshēn	personpersonalhuman body
7	7919	一旁	yīpáng	asideto the side of
7	7924	后台	hòutái	backstage areabehind-the-scenes supporter(computing) back-endbackground
7	7927	自在	zìzai	comfortable, at ease
7	7933	啃	kěn	to gnawto nibbleto bite
7	7938	寺	sì	Buddhist templemosquegovernment office (old)
7	7940	帐篷	zhàngpeng	tent
7	7942	低估	dīgū	to underestimate, to underrate
7	7942	缘故	yuángù	reasoncause
7	7946	话语	huàyǔ	wordsspeechutterancediscourse
7	7946	偏偏	piānpiān	(indicating that sth turns out just the opposite of what one would wish) unfortunately, as it happened(indicating that sth is the opposite of what would be normal or reasonable) stubbornly, contrarily, against reason(indicating that sb or a group is singled out) precisely, only, of all people
7	7954	上映	shàngyìng	to screen, to show (a movie)
7	7958	统统	tǒngtǒng	totally
7	7958	主编	zhǔbiān	editor in chief
7	7960	要命	yàomìng	to cause sb's deathextremely, terribly(used in complaining about sth) to be a nuisance
7	7961	颤抖	chàndǒu	to shudderto shiverto shaketo tremble
7	7962	打倒	dǎdǎo	to overthrowto knock downDown with ... !
7	7964	董事	dǒngshì	board member
7	7964	解剖	jiěpōu	to dissect (an animal)to analyzeanatomy
7	7970	风情	fēngqíng	mienbearinggraceamorous feelings
7	7978	雕塑	diāosù	a statuea Buddhist imagesculptureto carve
7	7990	国防	guófáng	national defense
7	7999	搜查	sōuchá	to search
7	8000	核武器	héwǔqì	nuclear weapon
7	8001	罢工	bàgōng	a striketo go on strike
7	8001	着想	zhuóxiǎng	to give thought (to others)to consider (other people's needs)
7	8003	颁发	bānfā	to issueto promulgateto award
7	8009	腾	téng	(bound form) to gallop, to prance(bound form) to soar, to hoverto make room, to clear out, to vacate(verb suffix indicating repeated action)
7	8013	呼吁	hūyù	to call on (sb to do sth)to appeal (to)an appeal
7	8015	支配	zhīpèi	to controlto dominateto allocate
7	8016	堕落	duòluò	to degradeto degenerateto become depravedcorrupt
7	8020	解救	jiějiù	to rescueto help out of difficultiesto save the situation
7	8024	妥	tuǒ	suitableadequatereadysettled
7	8043	歹徒	dǎitú	evildoermalefactorgangsterhoodlum
7	8048	野蛮	yěmán	barbarousuncivilized
7	8050	分解	fēnjiě	to resolveto decomposeto break down
7	8057	敞开	chǎngkāi	to open wideunrestrictedly
7	8064	代理人	dàilǐrén	agent
7	8064	名声	míngshēng	reputation
7	8064	挪	nuó	to shiftto move
7	8065	丑闻	chǒuwén	scandal
7	8077	卸	xiè	to unload, to remove, to detach, to get rid of
7	8080	潜艇	qiántǐng	a submarine
7	8081	公关	gōngguān	public relations
7	8091	以至于	yǐzhìyú	down toup toto the extent that
7	8094	业绩	yèjì	achievement, accomplishment(in more recent usage) performance (of a business, employee etc), results
7	8100	直线	zhíxiàn	straight linesharply (rise or fall)
7	8102	指南	zhǐnán	to guideguidebook
7	8118	融	róng	to meltto thawto blendto merge
7	8124	澄清	chéngqīng	clear (of liquid)limpidto clarifyto make sth clear
7	8135	大不了	dàbuliǎo	at worst, if worst comes to worst(usu. in the negative) serious, alarming
7	8135	裂缝	lièfèng	crackcrevice
7	8135	外星人	wàixīngrén	space alien, extraterrestrial
7	8137	上空	shàngkōng	the skies above a certain place, (aviation) airspace(Tw) topless
7	8138	境界	jìngjiè	boundarystaterealm
7	8140	伤痕	shānghén	scarbruise
7	8140	生育	shēngyù	to give birth to, to bearfertility
7	8141	泄漏	xièlòu	(of a liquid or gas) to leakto divulge, to leak (information)
7	8142	劈	pī	to hackto chopto split open(of lightning) to strike
7	8152	行使	xíngshǐ	to exercise (a right etc)
7	8153	撤退	chètuì	to retreat
7	8154	悲惨	bēicǎn	miserabletragic
7	8155	早日	zǎorì	soon, at an early datethe early days, the past
7	8160	动用	dòngyòng	to utilizeto put sth to use
7	8160	粉碎	fěnsuì	to crush, to smash, to shatter
7	8163	撒谎	sāhuǎng	to tell lies
7	8164	忧郁	yōuyù	sullen, depressed, melancholy, dejected
7	8167	虚拟	xūnǐ	to imagine, to make upfictitious, theoretical, hypothetical(computing) to emulate(computing) virtual
7	8168	昏	hūn	muddle-headedtwilightto faintto lose consciousness
7	8175	收养	shōuyǎng	to take in and care for (an elderly person, a dog etc)to adopt (a child)adoption
7	8186	掀起	xiānqǐ	to lift, to raise (a lid etc)(of a storm) to surge, to stir up (waves etc)(fig.) to trigger, set off (a wave of popularity, a controversy etc)
7	8187	界限	jièxiàn	boundary
7	8193	前所未有	qiánsuǒwèiyǒu	(idiom) unprecedented
7	8194	品位	pǐnwèi	rankgradequality(aesthetic) taste
7	8207	旋律	xuánlǜ	melody
7	8209	固执	gùzhí	obstinatestubbornto fixate onto cling to
7	8213	刻意	kèyì	intentionally, deliberately, purposelypainstakingly, meticulously
7	8215	摩擦	mócā	frictionrubbingchafingfig. disharmony
7	8224	淘	táo	to wash (rice, sand etc in water to remove impurities)to dredge, to scoop out (sediment or waste)(dialect) to hunt for and buy (bargains or second-hand goods)(dialect) naughty, mischievous
7	8224	源头	yuántóu	source, origin, fountainhead
7	8225	一度	yīdù	for a timeat one timeone timeonce
7	8230	察觉	chájué	to senseto perceiveto become aware ofto detect
7	8234	宁可	nìngkě	preferablyone would prefer to...(or not to...)would rather(would) be better to
7	8235	侧面	cèmiàn	lateral sidesideaspectprofile
7	8242	萝卜	luóbo	radish (Raphanus sativus), esp. daikon
7	8253	局部	júbù	partlocal
7	8262	黑客	hēikè	(computing) (loanword) hacker
7	8262	渗透	shèntòu	(lit. and fig.) to permeateto seep into(of a product, idea etc) to penetrate (in a population)(of hostile forces) to infiltrate
7	8276	塌	tā	to collapseto droopto settle down
7	8279	俗	sú	customconventionpopularcommon
7	8282	裁决	cáijué	rulingadjudication
7	8284	使者	shǐzhě	emissaryenvoy
7	8289	龟	guī	tortoise, turtle(coll.) cuckold
7	8289	决议	juéyì	a resolutionto pass a resolution
7	8289	期盼	qīpàn	to expect, to await
7	8291	把手	bǎshou	handlegripknob
7	8291	余	yú	extrasurplusremainingremainder after division
7	8293	过错	guòcuò	mistakefaultresponsibility (for a fault)
7	8294	软弱	ruǎnruò	weakfeebleflabby
7	8297	和解	héjiě	to settle (a dispute out of court)to reconcilesettlementconciliation
7	8298	抑郁	yìyù	depressed, despondent, gloomy
7	8300	解散	jiěsàn	to dissolveto disband
7	8307	装扮	zhuāngbàn	to decorate, to adorn, to dress upto disguise oneself
7	8310	良	liáng	goodveryvery much
7	8320	严密	yánmì	tight, strict, closely controlled, rigorous and thorough
7	8330	排斥	páichì	to rejectto excludeto eliminateto remove
7	8331	长相	zhǎngxiàng	appearancelooksprofilecountenance
7	8334	报仇	bàochóu	to take revengeto avenge
7	8334	收缩	shōusuō	to pull backto shrinkto contract(physiology) systole
7	8341	帖子	tiězi	cardinvitationmessage(forum) post
7	8347	嚼	jiáo	to chew
7	8347	牌照	páizhào	(business) licensevehicle licensecar registrationlicense plate
7	8349	搜寻	sōuxún	to search, to look for
7	8358	抚养	fǔyǎng	to fosterto bring upto raise
7	8366	万能	wànnéng	omnipotentall-purposeuniversal
7	8378	宠	chǒng	to loveto pamperto spoilto favor
7	8379	较量	jiàoliàng	to pit oneself against sbto compete with sbcontestbattle
7	8381	谣言	yáoyán	rumor
7	8381	重返	chóngfǎn	to return to
7	8384	非得	fēiděi	must
7	8394	探测	tàncè	to probe, to survey
7	8395	位子	wèizi	placeseat
7	8400	零件	língjiàn	partcomponent
7	8401	夺冠	duóguàn	to seize the crownfig. to win a championshipto win gold medal
7	8402	自尊	zìzūn	self-respectself-esteemegopride
7	8408	瘫痪	tānhuàn	(medicine) to suffer paralysis(fig.) to be paralyzed, to break down, to come to a standstill
7	8415	雇佣	gùyōng	to employ, to hire
7	8415	光辉	guānghuī	radianceglorybrilliantmagnificent
7	8420	逮	dǎi	(coll.) to catch, to seize, to capture
7	8421	上报	shàngbào	to report to one's superiorsto appear in the newsto reply to a letter
7	8424	低下	dīxià	low statuslowlyto lower (one's head)
7	8426	迫使	pòshǐ	to force, to compel
7	8426	阴性	yīnxìng	negativefeminine
7	8428	钙	gài	calcium (chemistry)
7	8443	放射	fàngshè	to radiateradioactive
7	8444	容器	róngqì	receptaclevessel(computing) container
7	8453	敷	fū	to spreadto lay outto apply (powder, ointment etc)sufficient (to cover)
7	8454	欣慰	xīnwèi	to be gratified
7	8462	俊	jùn	smarteminenthandsometalented
7	8466	末日	mòrì	last dayendfinal daysdoomsday
7	8470	鄙视	bǐshì	to despiseto disdainto look down upon
7	8471	元首	yuánshǒu	head of state
7	8479	苍白	cāngbái	palewan
7	8482	纱	shā	cotton yarnmuslin
7	8484	阶级	jiējí	(social) class
7	8486	中途	zhōngtú	partway through, midway, along the way
7	8494	独一无二	dúyīwú'èr	(idiom) unique, unmatched, unrivalled
7	8497	经受	jīngshòu	to undergo (hardship)to endureto withstand
7	8499	亮相	liàngxiàng	to strike a pose (Chinese opera)(fig.) to make a public appearance, to come out in public (revealing one's true personality, opinions etc), (of a product) to appear on the market or at a trade show etc
7	8500	懒得	lǎnde	to not feel like (doing sth), to be disinclined to
7	8508	捐献	juānxiàn	to donate, to contribute
7	8509	接手	jiēshǒu	to take over (duties etc)catcher (baseball etc)
7	8510	即可	jíkě	equivalent tocan then (do sth)can immediately (do sth)(do sth) and that will suffice
7	8510	小品	xiǎopǐn	short, simple literary or artistic creationessayskit
7	8512	线条	xiàntiáo	line (in drawing, calligraphy etc)the lines or contours of a three-dimensional object (hairstyle, clothing, car etc)
7	8512	栽	zāi	to plant, to growto insert, to erect (e.g. a bus stop sign)to impose sth on sbto stumble, to fall down
7	8513	取胜	qǔshèng	to score a victoryto prevail over one's opponents
7	8516	联手	liánshǒu	lit. to join handsto act together
7	8520	遗体	yítǐ	remains (of a dead person)
7	8526	残留	cánliú	to remain, to be left overresidual, remnantresidue
7	8530	震动	zhèndòng	to shaketo vibrateto strongly affectshock
7	8531	角逐	juézhú	to tussleto contendto contest
7	8533	特权	tèquán	prerogativeprivilegeprivileged
7	8534	可不是	kěbushì	(coll.) exactly!, indeed, that's for sure
7	8536	巨额	jù'é	a huge sum, an enormous amount (of money)
7	8536	口水	kǒushuǐ	saliva
7	8536	热带	rèdài	the tropicstropical
7	8541	遮	zhē	to cover up (a shortcoming)to screen offto hideto conceal
7	8543	战友	zhànyǒu	comrade-in-armsbattle companion
7	8554	扒	bā	to peelto skinto tearto pull down
7	8557	蘑菇	mógu	mushroomto pesterto dawdle
7	8563	时髦	shímáo	in voguefashionable
7	8563	音响	yīnxiǎng	sound, acoustics, audiohi-fi system, stereo sound system
7	8564	急性	jíxìng	acute
7	8565	钞票	chāopiào	paper moneya bill (e.g. 100 yuan)
7	8568	虽说	suīshuō	thoughalthough
7	8577	风云	fēngyún	weatherunstable situation
7	8578	徘徊	páihuái	to pace back and forthto dither, to hesitate(of sales figures etc) to fluctuate
7	8581	显现	xiǎnxiàn	appearanceto appear
7	8582	雇员	gùyuán	employee
7	8582	净化	jìnghuà	to purify
7	8584	马桶	mǎtǒng	chamber potwooden pan used as toilettoilet bowl
7	8584	演示	yǎnshì	to demonstrateto showpresentationdemonstration
7	8585	迷惑	míhuo	to puzzleto confuseto baffle
7	8587	黎明	límíng	dawn, daybreak
7	8588	步入	bùrù	to step into, to enter
7	8592	屠杀	túshā	to massacre, to slaughter
7	8593	琢磨	zuómo	to ponderto mull overto think through
7	8598	致敬	zhìjìng	to saluteto pay one's respects toto pay tribute toto pay homage to
7	8599	表态	biǎotài	to declare one's positionto say where one stands
7	8599	心声	xīnshēng	heartfelt wish, inner voice, aspiration
7	8600	预见	yùjiàn	to foreseeto predictto forecastto envision
7	8603	双胞胎	shuāngbāotāi	twin
7	8604	殴打	ōudǎ	to beat upto come to blowsbattery (law)
7	8607	支票	zhīpiào	check (bank)cheque
7	8615	宝石	bǎoshí	precious stone, gem
7	8618	领土	lǐngtǔ	territory
7	8621	生前	shēngqián	(of a deceased) during one's lifewhile living
7	8624	下落	xiàluò	whereaboutsto dropto fall
7	8626	无能为力	wúnéngwéilì	(idiom) powerless to do anything about it
7	8629	老人家	lǎorénjiā	polite term for old woman or man
7	8646	跳跃	tiàoyuè	to jumpto leapto boundto skip
7	8652	坠	zhuì	to fallto dropto weigh down
7	8657	本性	běnxìng	natural instinctsnatureinherent quality
7	8658	相识	xiāngshí	to get to know each otheracquaintance
7	8670	惯例	guànlì	conventionusual practice
7	8672	荒唐	huāngtáng	beyond beliefpreposterousabsurdintemperate
7	8680	必定	bìdìng	to be bound to, to be sure to
7	8691	事宜	shìyí	mattersarrangements
7	8692	弦	xián	bow stringstring of musical instrumentwatchspringchord (segment of curve)
7	8697	迫不及待	pòbùjídài	(idiom) unable to hold oneself back, eager to do sth without delay
7	8699	囚犯	qiúfàn	prisoner, convict
7	8706	虚伪	xūwěi	falsehypocriticalartificialsham
7	8707	分泌	fēnmì	to secretesecretion
7	8707	予以	yǔyǐ	to giveto imposeto apply
7	8717	触摸	chùmō	to touch
7	8720	好比	hǎobǐ	to be just like, can be compared to
7	8720	起步	qǐbù	to set outto set in motionthe start (of some activity)
7	8721	余地	yúdì	marginleeway
7	8722	修正	xiūzhèng	to revise, to amend, to rectify
7	8723	好心	hǎoxīn	kindnessgood intentions
7	8724	欺诈	qīzhà	to cheat
7	8733	扭转	niǔzhuǎn	to reverseto turn around (an undesirable situation)(mechanics) torsion
7	8734	狂热	kuángrè	zealotryfanaticalfeverish
7	8735	硬币	yìngbì	coin
7	8746	压制	yāzhì	to suppressto inhibitto stifle
7	8750	窜	cuàn	to fleeto scuttleto exile or banishto amend or edit
7	8753	前任	qiánrèn	predecessorex-formerex (spouse etc)
7	8762	沙龙	shālóng	salon (loanword)
7	8766	志愿	zhìyuàn	aspirationambitionto volunteer
7	8772	依照	yīzhào	according to, in light of
7	8775	住处	zhùchù	residence, dwelling
7	8789	推翻	tuīfān	to overthrow
7	8792	疏散	shūsàn	to scatter, to disperse, to evacuatescattered, sparse
7	8802	境内	jìngnèi	within the bordersinternal (to a country, province, city etc)domestic
7	8803	煤气	méiqì	coal gasgas (fuel)
7	8812	庆典	qìngdiǎn	celebration
7	8814	光彩	guāngcǎi	lustersplendorradiancebrilliance
7	8826	造就	zàojiù	to bring upto trainto contribute toachievements (usually of young people)
7	8831	隐形	yǐnxíng	invisible
7	8834	大局	dàjú	overall situationthe big picture
7	8837	人手	rénshǒu	manpowerstaffhuman hand
7	8838	暂	zàn	temporary
7	8841	滥用	lànyòng	to misuseto abuse
7	8844	冻结	dòngjié	to freeze (water etc)(fig.) to freeze (assets, prices etc)
7	8852	愈合	yùhé	(of a wound) to heal
7	8857	草坪	cǎopíng	lawn
7	8857	营造	yíngzào	to build (housing)to constructto make
7	8860	越过	yuèguò	to cross overto transcendto cover distanceto overcome
7	8860	侦探	zhēntàn	detectiveto do detective work
7	8871	动摇	dòngyáo	to swayto waverto rockto rattle
7	8877	稍后	shāohòu	in a little while, shortly after
7	8878	丢人	diūrén	to lose face
7	8880	挠	náo	to scratchto thwartto yield
7	8888	公务	gōngwù	official business
7	8891	来访	láifǎng	to pay a visit
7	8894	口音	kǒuyin	voiceaccent
7	8894	稀	xī	sparse, scatteredrare, uncommondiluted, thin, watery(bound form) sth liquid or of thin consistency
7	8907	乱七八糟	luànqībāzāo	(idiom) chaotic, in disorder, muddled
7	8907	贫穷	pínqióng	poorimpoverished
7	8915	判处	pànchǔ	to sentenceto condemn
7	8920	英俊	yīngjùn	handsome
7	8922	行列	hángliè	formationarray(fig.) ranks (as in "join the ranks of ...")
7	8927	变异	biànyì	variation
7	8932	电线	diànxiàn	wirepower cord
7	8935	麻痹	mábì	paralysispalsynumbnessto benumb
7	8936	制裁	zhìcái	to punishpunishmentsanctions (incl. economic)
7	8938	日程	rìchéng	scheduleitinerary
7	8938	招募	zhāomù	to recruitto enlist
7	8942	预感	yùgǎn	to have a premonitionpremonition
7	8945	绅士	shēnshì	gentleman
7	8946	引领	yǐnlǐng	to crane one's neckto await eagerlyto leadto show the way
7	8948	开张	kāizhāng	to open a businessfirst transaction of a business day
7	8952	抗拒	kàngjù	to resistto defyto oppose
7	8959	评判	píngpàn	to judge (a competition)to appraise
7	8963	不堪	bùkān	cannot bearcannot standutterlyextremely
7	8970	别扭	bièniu	awkwarddifficultuncomfortablenot agreeing
7	8972	大片	dàpiàn	wide expanselarge areavast stretchextending widely
7	8976	轰炸	hōngzhà	to bomb, to bombard
7	8982	指标	zhǐbiāo	(production) target, quotaindex, indicatorsign, signpost(computing) pointer
7	8983	盏	zhǎn	a small cupclassifier for lamps
7	8985	揉	róu	to kneadto massageto rub
7	8987	感性	gǎnxìng	perceptionperceptualsensibilitysensitive
7	8989	探险	tànxiǎn	to exploreto go on an expeditionadventure
7	8992	正经	zhèngjīng	decenthonorableproperserious
7	8997	呼唤	hūhuàn	to call out (a name etc)to shout
7	9001	主力	zhǔlì	main forcemain strength of an army
7	9004	盈利	yínglì	profitgainto make profits
7	9011	顶尖	dǐngjiān	peakapexworld bestnumber one
7	9012	传媒	chuánméi	the media, mass media(epidemiology) medium or route of transmission (of a disease)
7	9015	放置	fàngzhì	to put
7	9017	选民	xuǎnmín	voterconstituencyelectorate
7	9020	入手	rùshǒu	to begin (with ...)to receive, to obtain, to buy
7	9028	确信	quèxìn	to be convincedto be sureto firmly believeto be positive that
7	9028	销毁	xiāohuǐ	to destroy (by melting or burning)to obliterate
7	9029	况且	kuàngqiě	moreoverbesidesin additionfurthermore
7	9037	车间	chējiān	workshop
7	9038	丰厚	fēnghòu	generous, ample
7	9038	口径	kǒujìng	bore, caliber, diameter, aperture(fig.) stance (on an issue), version (of events), account, narrative, line
7	9042	通告	tōnggào	to announce, to give noticeannouncement
7	9043	资本主义	zīběnzhǔyì	capitalism
7	9047	忍耐	rěnnài	to endure, to put up with, to exercise patience
7	9051	削	xuē	to pareto reduceto remove
7	9053	铲	chǎn	to scrape the ground with a spade (to make it level or to remove weeds), to shovel
7	9053	奖杯	jiǎngbēi	trophy cup
7	9053	破碎	pòsuì	to smash to piecesto shatter
7	9054	除去	chúqù	to eliminateto removeexcept forapart from
7	9054	恐龙	kǒnglóng	dinosaur(old) (slang) ugly person
7	9060	通宵	tōngxiāo	all nightthroughout the night
7	9069	值钱	zhíqián	valuablecostlyexpensive
7	9075	理会	lǐhuì	to understandto pay attention toto take notice of
7	9076	南瓜	nánguā	pumpkin
7	9077	发热	fārè	to have a high temperaturefeverishunable to think calmlyto emit heat
7	9083	抵制	dǐzhì	to resistto boycottto refuse (to cooperate)to reject
7	9085	境地	jìngdì	circumstances
7	9086	贪婪	tānlán	avariciousgreedyrapaciousinsatiable
7	9088	逆	nì	contraryoppositebackwardsto go against
7	9103	得罪	dézuì	to commit an offenseto violate the lawexcuse me! (formal)
7	9104	跨越	kuàyuè	to step acrossstep over
7	9105	保重	bǎozhòng	to take care of oneself
7	9105	奢侈	shēchǐ	luxuriousextravagant
7	9107	信件	xìnjiàn	letter (sent by mail)
7	9112	奇特	qítè	peculiarunusualqueer
7	9120	严峻	yánjùn	grimsevererigorous
7	9123	巷	xiàng	lanealley
7	9128	平稳	píngwěn	smooth, steady
7	9130	粪	fèn	manuredung
7	9131	框	kuàng	frame (e.g. door frame)casingfig. frameworktemplate
7	9132	惯	guàn	accustomed toused toindulgeto spoil (a child)
7	9147	舆论	yúlùn	public opinion
7	9153	预告	yùgào	to forecastto predictadvance notice
7	9156	禁区	jìnqū	restricted area, forbidden zone, off-limits area
7	9157	身影	shēnyǐng	silhouettefigure
7	9158	倾斜	qīngxié	to inclineto leanto slantto slope
7	9158	事迹	shìjì	notable deeds, exploits
7	9165	物资	wùzī	goodssupplies
7	9171	时段	shíduàn	time intervalwork shifttime slotthe twelve two-hour divisions of the day
7	9174	招牌	zhāopai	signboardshop signreputation of a business
7	9179	价值观	jiàzhíguān	value system, personal or cultural values
7	9180	支柱	zhīzhù	mainstaypillarpropbackbone
7	9182	异议	yìyì	objection, dissent
7	9183	一心	yīxīn	wholeheartedlyheart and soul
7	9186	宣告	xuāngào	to declareto proclaim
7	9187	弓	gōng	a bow (weapon)to bendto arch (one's back etc)
7	9187	一头	yītóu	one heada head full of sthone end (of a stick)one side
7	9189	变革	biàngé	to transformto change
7	9191	空虚	kōngxū	hollowemptinessmeaningless
7	9211	喇叭	lǎba	horn (automobile etc)loudspeakerbrass wind instrumenttrumpet
7	9214	露面	lòumiàn	to show one's faceto appear (in public)
7	9217	免得	miǎnde	so as not to, so as to avoid
7	9222	暗中	ànzhōng	in the darkin secreton the slysurreptitiously
7	9224	坚守	jiānshǒu	to hold fast toto stick to
7	9225	计较	jìjiào	to bother aboutto haggleto bickerto argue
7	9231	帆	fān	sail
7	9246	捆	kǔn	a bunchto tie togetherbundle
7	9252	贩卖	fànmài	to sellto peddleto traffic
7	9252	无能	wúnéng	incompetenceinabilityincapablepowerless
7	9258	至此	zhìcǐ	up until nowso far
7	9259	产物	chǎnwù	productresult (of)
7	9264	耀眼	yàoyǎn	to dazzledazzling
7	9266	慢性	mànxìng	slow and patientchronic (disease)slow to take effect (e.g. a slow poison)
7	9267	富翁	fùwēng	rich personmillionairebillionaire
7	9269	蒸	zhēng	to evaporate(of cooking) to steamtorch made from hemp stalks or bamboo (old)finely chopped firewood (old)
7	9270	流畅	liúchàng	flowing (of speech, writing)fluentsmooth and easy
7	9272	崛起	juéqǐ	to rise abruptly (to a towering position)to tower overto spring upto emerge suddenly
7	9273	点子	diǎnzi	spotpointdotspeck
7	9274	苍蝇	cāngying	housefly
7	9275	平面	píngmiàn	(geometry) planeflat surfaceflat, two-dimensional
7	9276	过头	guòtóu	to overdo itto overstep the limitexcessivelyabove one's head
7	9281	搂	lǒu	to hugto embraceto hold in one's arms
7	9283	葬礼	zànglǐ	burialfuneral
7	9285	包袱	bāofu	wrapping clotha bundle wrapped in clothloadweight
7	9289	窗帘	chuānglián	window curtains
7	9290	引人注目	yǐnrénzhùmù	to attract attentioneye-catchingconspicuous
7	9293	诸位	zhūwèi	(pron) everyoneLadies and GentlemenSirs
7	9297	改装	gǎizhuāng	to change one's costumeto repackageto remodelto refit
7	9307	缴	jiǎo	to hand in, to hand over, to payto capture (weapons), to seize
7	9308	核实	héshí	to verify, to check
7	9308	乡下	xiāngxia	countrysiderural area
7	9313	咽	yàn	to swallow
7	9324	冷冻	lěngdòng	to freeze (food etc)(of weather) freezing
7	9326	胜负	shèngfù	victory or defeatthe outcome of a battle
7	9330	畸形	jīxíng	deformed, malformedlopsided, unbalanced
7	9334	鸽子	gēzi	pigeondovevarious birds of the family Columbidae
7	9336	发财	fācái	to get rich
7	9346	往常	wǎngcháng	usualcustomary
7	9346	隐蔽	yǐnbì	to concealto hidecovertunder cover
7	9347	救济	jiùjì	emergency reliefto help the needy with cash or goods
7	9349	复苏	fùsū	to recover (health, economic)to resuscitateanabiosis
7	9351	糊	hú	to paste, to glueblurry, unclear, muddled(esp. of food) scorched, burntpaste, mush, thick gruel
7	9351	终生	zhōngshēng	throughout one's lifelifetime, lifelong
7	9356	竞技	jìngjì	competition of skill (e.g. sports)athletics tournament
7	9363	专栏	zhuānlán	special column
7	9367	分辨	fēnbiàn	to distinguish, to differentiateto resolve
7	9377	贵宾	guìbīn	honored guestdistinguished guestVIP
7	9379	实体	shítǐ	entitysubstancething that has a material existence (as opposed to a conceptual, virtual or online existence)the real thing (as opposed to an image or model of it)
7	9382	诺言	nuòyán	promise
7	9387	迷恋	míliàn	to be infatuated withto be enchanted byto be passionate about
7	9387	赞扬	zànyáng	to praiseto approve ofto show approval
7	9390	筹集	chóují	to collect money, to raise funds
7	9393	借用	jièyòng	to borrow sth for another useto borrow an idea for one's own use
7	9393	派遣	pàiqiǎn	to send (on a mission), to dispatch
7	9394	揪	jiū	to seizeto clutchto grab firmly and pull
7	9399	首饰	shǒushì	jewelryhead ornament
7	9409	不容	bùróng	must notcannotto not allowcannot tolerate
7	9409	强盗	qiángdào	to rob (with force)banditrobber
7	9411	临近	línjìn	to approach, to draw near, to be close to (in space or time)
7	9412	架子	jiàzi	shelfframestandframework
7	9416	一如既往	yīrújìwǎng	(idiom) just as in the past, as before, continuing as always
7	9417	安宁	ānníng	peacefultranquilcalmcomposed
7	9418	卷入	juǎnrù	to be drawn intoto be involved in
7	9421	契约	qìyuē	agreementcontract
7	9426	携手	xiéshǒu	hand in handto join handsto collaborate
7	9428	倾诉	qīngsù	to say everything (that is on one's mind)
7	9432	海湾	hǎiwān	baygulf
7	9439	情愿	qíngyuàn	willingnesswould rather (agree to X than Y)
7	9443	头衔	tóuxián	titlerankappellation
7	9447	心事	xīnshì	a load on one's mindworry
7	9449	依法	yīfǎ	legal (proceedings)according to law
7	9449	肢体	zhītǐ	limblimbs and trunkbody
7	9452	捕捉	bǔzhuō	to catch, to seize, to capture
7	9458	筋	jīn	muscletendonveins visible under the skinsth resembling tendons or veins (e.g. fiber in a vegetable)
7	9459	遇难	yùnàn	to perishto be killed
7	9461	过不去	guòbuqù	to make life difficult forto embarrassunable to make it through
7	9468	肇事	zhàoshì	to cause an accidentto be responsible for an incidentto provoke a disturbance
7	9469	气势	qìshì	imposing mannerloftinessgrandeurenergetic looks
7	9472	斩	zhǎn	to behead (as form of capital punishment)to chop
7	9488	猎人	lièrén	hunter
7	9491	丢脸	diūliǎn	to lose facehumiliation
7	9496	慎重	shènzhòng	cautiouscarefulprudent
7	9497	医务	yīwù	medical affairs
7	9500	虚弱	xūruò	weakin poor health
7	9503	火花	huǒhuā	sparksparkle
7	9507	集装箱	jízhuāngxiāng	container (for shipping)
7	9514	全力以赴	quánlìyǐfù	(idiom) to make an all-out effort
7	9515	航天	hángtiān	space flight
7	9517	猜想	cāixiǎng	to guess, to conjecture, to suppose(math.) conjecture, hypothesis
7	9517	协作	xiézuò	cooperationcoordination
7	9530	资讯	zīxùn	information
7	9534	蹭	cèng	to rub againstto walk slowly(coll.) to freeload
7	9535	误导	wùdǎo	to misleadto misguidemisleading
7	9536	孤立	gūlì	to isolateisolatedunrelated, irrelevant
7	9537	器材	qìcái	equipmentmaterial
7	9542	航行	hángxíng	to sailto flyto navigate
7	9542	无穷	wúqióng	endlessboundlessinexhaustible
7	9548	前辈	qiánbèi	seniorolder generationprecursor
7	9551	打发	dǎfa	to dispatch sb to do sthto make sb leaveto pass (the time)(old) to make arrangements
7	9553	牢牢	láoláo	firmlysafely
7	9558	收音机	shōuyīnjī	radio
7	9559	难以置信	nányǐzhìxìn	(idiom) hard to believe, incredible
7	9562	起草	qǐcǎo	to make a draftto draw up (plans)
7	9568	麻木	mámù	numbinsensitiveapathetic
7	9571	葱	cōng	scalliongreen onion
7	9572	出面	chūmiàn	to appear personallyto step into step forthto show up
7	9580	收视率	shōushìlǜ	ratings (of a TV show)
7	9593	整合	zhěnghé	to conformto integrate
7	9595	出众	chūzhòng	to stand outoutstanding
7	9598	反感	fǎngǎn	to be disgusted withto dislikebad reactionantipathy
7	9598	营救	yíngjiù	to rescue
7	9598	照样	zhàoyàng	as before(same) as usualin the same mannerstill
7	9604	沉浸	chénjìn	to soakto permeateto immerse
7	9612	从头	cóngtóu	anewfrom the start
7	9612	客房	kèfáng	guest roomroom (in a hotel)
7	9613	怀抱	huáibào	to hugto cherishwithin the bosom (of the family)to embrace (also fig. an ideal, aspiration etc)
7	9614	野兽	yěshòu	beastwild animal
7	9615	当心	dāngxīn	to take careto look out
7	9615	水源	shuǐyuán	water sourcewater supplyheadwaters of a river
7	9619	同感	tónggǎn	(have the) same feelingsimilar impressioncommon feeling
7	9620	操心	cāoxīn	to worry about
7	9622	学业	xuéyè	studiesschoolwork
7	9626	轰动	hōngdòng	to cause a sensationto create a stir in (a place)commotioncontroversy
7	9626	亩	mǔ	mu, Chinese unit of area equal to 115 hectare (about 667 square meters)
7	9629	苦难	kǔnàn	suffering
7	9630	撬	qiào	to liftto pry opento lever open
7	9630	演技	yǎnjì	actingperforming skills
7	9642	猛烈	měngliè	fierce, violent, vigorous, intense
7	9643	裁	cái	to cut out (as a dress)to cutto trimto reduce
7	9643	管家	guǎnjiā	(old) butler, stewardmanager, administrator, housekeeperto manage a household
7	9654	有待	yǒudài	not yet (done)pending
7	9662	缝合	fénghé	to sew togethersuture (in surgery)to sew up (a wound)
7	9664	手动	shǒudòng	manualmanually operatedmanual gear-change
7	9675	示威	shìwēi	to demonstrate (as a protest)a demonstrationa military show of force
7	9676	歌舞	gēwǔ	singing and dancing
7	9678	视角	shìjiǎo	angle from which one observes an object(fig.) perspective, viewpoint, frame of reference(cinematography) camera angle(visual perception) visual angle (the angle a viewed object subtends at the eye)
7	9691	迷信	míxìn	superstitionto have a superstitious belief (in sth)
7	9694	议	yì	to comment onto discussto suggest
7	9697	慷慨	kāngkǎi	vehement, ferventgenerous, magnanimous
7	9700	烦躁	fánzào	jitterytwitchyfidgety
7	9701	壮观	zhuàngguān	spectacularmagnificent sight
7	9707	逢	féng	to meet by chanceto come across(of a calendar event) to come along(of an event) to fall on (a particular day)
7	9718	好说	hǎoshuō	easy to deal with, not a problem(polite answer) you flatter me
7	9719	对策	duìcè	countermeasure for dealing with a situation
7	9719	扰乱	rǎoluàn	to disturbto perturbto harass
7	9726	社团	shètuán	associationsocietygroupunion
7	9736	阵地	zhèndì	(military) positionfront
7	9739	转悠	zhuànyou	to rollto wander aroundto appear repeatedly
7	9741	手头	shǒutóu	on handat handone's financial situation
7	9742	测验	cèyàn	testto test
7	9742	溅	jiàn	to splash
7	9745	资深	zīshēn	senior, highly experienced, veteran
7	9753	确诊	quèzhěn	to make a definite diagnosisconfirmed (case of a specific disease)
7	9754	崇高	chónggāo	majesticsublime
7	9755	特质	tèzhì	characteristicspecial quality
7	9764	届时	jièshí	when the time comesat the scheduled time
7	9766	寝室	qǐnshì	bedroomdormitory
7	9769	密封	mìfēng	to seal up
7	9773	高明	gāomíng	brilliant, superior, wise
7	9773	获悉	huòxī	to learn of sthto find outto get news
7	9775	疤	bā	scarscab
7	9777	叼	diāo	to hold with one's mouth (as a smoker with a cigarette or a dog with a bone)
7	9777	堵塞	dǔsè	to clog upblockage
7	9780	磕	kē	to tap, to knock (against sth hard), (esp.) to knock (mud from boots, ash from a pipe etc)(fandom slang) to be into (a character relationship, dynamic, or trope)
7	9781	分明	fēnmíng	cleardistinctevidentlyclearly
7	9786	料理	liàolǐ	to arrangeto handleto cookcuisine
7	9790	礼品	lǐpǐn	giftpresent
7	9801	填补	tiánbǔ	to fill a gapto fill in a blank (on a form)to overcome a deficiency
7	9804	起伏	qǐfú	to move up and downto undulateups and downs
7	9804	手掌	shǒuzhǎng	palm
7	9806	否决	fǒujué	to vetoto overrule
7	9809	中止	zhōngzhǐ	to ceaseto suspendto break offto stop
7	9811	移交	yíjiāo	to transferto hand over
7	9812	挑衅	tiǎoxìn	to provoke, provocation
7	9813	功劳	gōngláo	contributionmeritorious servicecredit
7	9817	有幸	yǒuxìng	fortunately
7	9826	复发	fùfā	to recur (of a disease)to reappearto relapse (into a former bad state)
7	9828	丛林	cónglín	junglethicketforestBuddhist monastery
7	9829	演变	yǎnbiàn	to develop, to evolve
7	9834	精华	jīnghuá	best featuremost important part of an objectquintessenceessence
7	9837	反射	fǎnshè	to reflectreflection (from a mirror etc)reflex (i.e. automatic reaction of organism)
7	9839	火热	huǒrè	fieryburningferventardent
7	9839	膨胀	péngzhàng	to expandto inflateto swell
7	9840	更改	gēnggǎi	to alter
7	9842	丙	bǐng	third of the ten Heavenly Stemsthird in orderletter "C" or Roman "III" in list "A, B, C", or "I, II, III" etcancient Chinese compass point: 165°
7	9842	缺席	quēxí	to be absent
7	9844	标本	biāoběn	specimen, samplethe root cause and symptoms of a disease
7	9849	伤势	shāngshì	condition of an injury
7	9859	堤	dī	dike
7	9872	皱纹	zhòuwén	wrinkle
7	9875	拌	bàn	to mixto mix into toss (a salad)
7	9881	机动	jīdòng	locomotivemotorizedpower-drivenadaptable
7	9883	幻觉	huànjué	illusionhallucinationfigment of one's imagination
7	9885	过滤	guòlǜ	to filter
7	9888	偏见	piānjiàn	prejudicebias
7	9894	攀	pān	to climb (by pulling oneself up)to implicateto claim connections of higher status
7	9895	气愤	qìfèn	indignantfurious
7	9906	阶层	jiēcéng	social class
7	9913	抽屉	chōuti	drawer
7	9918	会场	huìchǎng	meeting placeplace where people gather
7	9920	知觉	zhījué	perceptionconsciousness
7	9924	审核	shěnhé	to auditto investigate thoroughly
7	9925	飞翔	fēixiáng	to circle in the airto soar
7	9935	零售	língshòu	to retail, to sell in small quantities
7	9945	敏锐	mǐnruì	keen, sharp, acute
7	9946	附加	fùjiā	additionalannex
7	9951	粗糙	cūcāo	crudegruffroughcoarse
7	9952	税务	shuìwù	taxation servicesstate revenue service
7	9956	破解	pòjiě	to break (a bond, constraint etc)to explainto unravelto decipher
7	9960	冷却	lěngquè	(lit. and fig.) to cool
7	9962	化验	huàyàn	chemical examinationto do a lab test
7	9965	坦诚	tǎnchéng	candidfrankplain dealing
7	9969	无私	wúsī	selflessunselfishdisinterestedaltruistic
7	9973	劫持	jiéchí	to kidnapto hijackto abductto hold under duress
7	9981	平行	píngxíng	parallel (in a spatial or geometric sense, or figuratively)on an equal footing, on the same levelsimultaneous, concurrent
7	9988	声誉	shēngyù	reputationfame
7	9989	掺	chān	to mix, to blend, to dilute, to adulterate
7	9989	相伴	xiāngbàn	to accompany sbto accompany each other
7	9994	人造	rénzào	man-madeartificialsynthetic
7	9995	蚊子	wénzi	mosquito
7	10005	现任	xiànrèn	to occupy a post currentlycurrent (president etc), incumbent(coll.) current boyfriend (girlfriend, spouse)
7	10008	亲生	qīnshēng	one's own (child) (i.e. one's child by birth)biological (parents)birth (parents)
7	10010	胡说	húshuō	to talk nonsensedrivel
7	10013	根源	gēnyuán	originroot (cause)
7	10016	席位	xíwèi	a seat (in a theater, stadium etc)parliamentary or congressional seat
7	10019	妄想	wàngxiǎng	to attempt vainlya vain attemptdelusion
7	10020	榨	zhà	to pressto extract (juice)device for extracting juice, oils etc
7	10026	玩耍	wánshuǎ	to play (as children do)to amuse oneself
7	10028	笼罩	lǒngzhào	to envelopto shroud
7	10029	卓越	zhuóyuè	outstandingsurpassingdistinguishedsplendid
7	10030	保养	bǎoyǎng	to take good care of (or conserve) one's healthto keep in good repairto maintainmaintenance
7	10030	全局	quánjú	overall situation
7	10032	响应	xiǎngyìng	to respond toanswer
7	10033	瀑布	pùbù	waterfall
7	10037	动员	dòngyuán	to mobilizemobilization
7	10038	顾虑	gùlǜ	misgivings, apprehensionsto worry about, to be concerned about
7	10041	监护	jiānhù	to act as a guardian
7	10043	鳄鱼	èyú	alligator, crocodile
7	10053	恐吓	kǒnghè	to threatento menace
7	10056	百合	bǎihé	(botany) lily(ACG) (slang) yuri (genre depicting romantic or intimate relationships between women)
7	10064	诚意	chéngyì	sincerity, good faith
7	10068	理所当然	lǐsuǒdāngrán	as it should be by rights (idiom), proper and to be expected as a matter of courseinevitable and right
7	10069	痰	tán	phlegmspittle
7	10072	必将	bìjiāng	inevitably
7	10074	数额	shù'é	amountsum of moneyfixed number
7	10075	部件	bùjiàn	part, component
7	10075	火腿	huǒtuǐ	ham
7	10078	悲痛	bēitòng	grievedsorrowful
7	10088	所属	suǒshǔ	one's affiliation (i.e. the organization one is affiliated with)subordinate (i.e. those subordinate to oneself)belonging toaffiliated
7	10096	潇洒	xiāosǎ	confident and at easefree and easy
7	10105	了结	liǎojié	to settleto finishto concludeto wind up
7	10111	倒计时	dàojìshí	to count downcountdown
7	10112	狡猾	jiǎohuá	crafty, cunning, sly
7	10116	闪烁	shǎnshuò	to glisten, to glitter, to twinkle, to flickerto be evasive, to equivocate
7	10123	卵	luǎn	egg, ovum, spawn(coll.) testicles(old) penis(expletive) fucking
7	10144	秘诀	mìjué	secret know-howkey (to longevity)secret (of happiness)recipe (for success)
7	10146	揭	jiē	to take the lid offto exposeto unmask
7	10148	同盟	tóngméng	alliance
7	10153	挑剔	tiāoti	pickyfussy
7	10160	器械	qìxiè	apparatusinstrumentequipmentweapon
7	10164	触动	chùdòng	to touchto stir up (trouble or emotions)to move (sb's emotions or worry)
7	10165	内幕	nèimù	inside storynon-public informationbehind the scenesinternal
7	10170	历程	lìchéng	courseprocess
7	10171	望远镜	wàngyuǎnjìng	telescope, binoculars
7	10172	要紧	yàojǐn	importanturgent
7	10173	重申	chóngshēn	to reaffirmto reiterate
7	10174	庙	miào	templeancestral shrinetemple fairgreat imperial hall
7	10176	神情	shénqíng	look, expression
7	10179	棺材	guāncai	coffin
7	10181	俘虏	fúlǔ	to take prisonera captive (usu. a prisoner of war)
7	10182	信誉	xìnyù	prestigedistinctionreputationtrust
7	10183	耻辱	chǐrǔ	disgraceshamehumiliation
7	10183	锤	chuí	hammerto hammer into shapeweight (e.g. of a steelyard or balance)to strike with a hammer
7	10185	镇定	zhèndìng	calmunperturbedcool
7	10185	租赁	zūlìn	to rent, to lease, to hire
7	10186	破案	pò'àn	to solve a criminal case
7	10192	规章	guīzhāng	rule, regulation
7	10193	施展	shīzhǎn	to use fullyto put to use
7	10199	丧生	sàngshēng	to dieto lose one's life
7	10210	山谷	shāngǔ	valleyravine
7	10219	平淡	píngdàn	flatdullordinarynothing special
7	10221	高压	gāoyā	(physics) high pressure(meteorology) high atmospheric pressurehigh voltagesystolic blood pressure
7	10227	管用	guǎnyòng	efficacioususeful
7	10227	推理	tuīlǐ	reasoninginferenceto inferto deduce
7	10234	礼仪	lǐyí	etiquetteceremony
7	10234	潜水	qiánshuǐ	to diveto go under water(in an online forum) to lurk
7	10235	多半	duōbàn	mostmostlymost likely
7	10238	深情	shēnqíng	deep emotion, deep feeling, deep loveaffectionate, loving
7	10239	凹	āo	concave, depressed, sunken, indented, female (connector etc)
7	10247	唠叨	láodao	to prattleto chatter awayto naggarrulous
7	10247	新手	xīnshǒu	new handnoviceraw recruit
7	10248	简短	jiǎnduǎn	brief (statement, summary etc)brieflybrevity
7	10249	风尚	fēngshàng	current customcurrent way of doing things
7	10252	转播	zhuǎnbō	relaybroadcast (on radio or TV)
7	10253	积蓄	jīxù	to save, to put asidesavings
7	10255	管辖	guǎnxiá	to administerto have jurisdiction (over)
7	10256	坟墓	fénmù	gravetomb
7	10257	衰竭	shuāijié	(of an organ or bodily function) failure, to fail(of resources etc) exhaustion, depletion
7	10264	苦恼	kǔnǎo	vexeddistressed
7	10265	团聚	tuánjù	to reuniteto have a reunion
7	10266	丑陋	chǒulòu	ugly
7	10267	充当	chōngdāng	to serve asto act asto play the role of
7	10269	遍布	biànbù	to cover the whole (area)to be found throughout
7	10271	泥土	nítǔ	earth, soil, mud, clay
7	10271	修补	xiūbǔ	to mend
7	10274	抚摸	fǔmō	to gently caress and stroketo petto fondle
7	10277	光滑	guānghuá	glossy, sleek, smooth
7	10281	同伙	tónghuǒ	colleagueco-conspiratoraccomplice
7	10286	发抖	fādǒu	to trembleto shaketo shiver
7	10293	衷心	zhōngxīn	heartfeltwholeheartedcordial
7	10296	司令	sīlìng	commanding officer
7	10305	若干	ruògān	a certain number or amounthow many?how much?
7	10319	揭示	jiēshì	to reveal, to elucidate, to set forth, to articulateto announce publicly, to promulgate
7	10321	标语	biāoyǔ	written sloganplacard
7	10324	批判	pīpàn	to criticizecritique
7	10332	筑	zhù	to buildto constructto ramto hit
7	10339	追赶	zhuīgǎn	to pursueto chase afterto accelerateto catch up with
7	10345	阵营	zhènyíng	group of peoplecampfactionsides in a dispute
7	10347	难堪	nánkān	hard to takeembarrassed
7	10347	武力	wǔlì	military force
7	10349	演说	yǎnshuō	speechto deliver a speech
7	10351	激起	jīqǐ	to arouseto evoketo causeto stir up
7	10351	纳税人	nàshuìrén	taxpayer
7	10351	野心	yěxīn	ambitionwild schemescareerism
7	10358	纳税	nàshuì	to pay taxes
7	10362	炼	liàn	to refineto smelt
7	10368	关照	guānzhào	to take careto keep an eye onto look afterto tell
7	10372	变更	biàngēng	to changeto alterto modify
7	10372	配置	pèizhì	to deployto allocateconfigurationallocation
7	10373	天鹅	tiān'é	swan
7	10375	断裂	duànliè	fractureruptureto break apart
7	10378	油漆	yóuqī	oil paintslacquerto paint
7	10388	古董	gǔdǒng	curioantique
7	10399	拟	nǐ	to plan toto draft (a plan)to imitateto assess
7	10407	反弹	fǎntán	to bounceto bounce backto boomerangto ricochet
7	10408	懂事	dǒngshì	to grow beyond the naivete of childhood, to be aware of what is going on in the world(esp. of a child) sensible, thoughtful, intelligent
7	10410	奋力	fènlì	to do everything one canto spare no effortto strive
7	10411	追随	zhuīsuí	to followto accompany
7	10412	代号	dàihào	code name
7	10413	调解	tiáojiě	to mediateto bring parties to an agreement
7	10416	绯闻	fēiwén	sex scandal
7	10422	可耻	kěchǐ	shamefuldisgracefulignominious
7	10426	微妙	wēimiào	subtle
7	10426	幸亏	xìngkuī	fortunatelyluckily
7	10429	反省	fǎnxǐng	to reflect upon oneselfto examine one's conscienceto question oneselfto search one's soul
7	10429	皇上	huángshang	the emperorYour majesty the emperorHis imperial majesty
7	10431	本色	běnsè	inherent qualitiesnatural qualitiesdistinctive charactertrue qualities
7	10434	鉴别	jiànbié	to differentiate, to distinguish
7	10435	意想不到	yìxiǎngbùdào	unexpectedpreviously unimagined
7	10439	背面	bèimiàn	the backthe reverse sidethe wrong side
7	10443	直径	zhíjìng	diameter
7	10449	过往	guòwǎng	to come and goto associate with, to have dealings withthe past, former times
7	10449	换取	huànqǔ	to obtain (sth) in exchangeto exchange (sth) for (sth else)
7	10450	忽悠	hūyou	to rockto swayto flicker (e.g. of lights reflected on water)to flutter (e.g. of a flag)
7	10451	心血	xīnxuè	heart's bloodexpenditure (for some project)meticulous care
7	10453	忧虑	yōulǜ	to worryanxiety (about)
7	10457	显而易见	xiǎn'éryìjiàn	clearly and easy to see (idiom), obviouslyclearlyit goes without saying
7	10458	防卫	fángwèi	to defenddefensivedefense
7	10460	预先	yùxiān	beforehand, in advance
7	10467	人气	rénqì	popularitypresence of people, liveliness
7	10470	墓地	mùdì	cemeterygraveyard
7	10473	遗失	yíshī	to lose, to leave behind (inadvertently)
7	10474	公式	gōngshì	formula
7	10479	侵害	qīnhài	to encroach onto infringe on
7	10481	表白	biǎobái	to explain oneselfto expressto reveal one's thoughts or feelingsdeclaration
7	10484	带头	dàitóu	to take the lead, to be the first, to set an example
7	10487	四肢	sìzhī	the four limbs of the body
7	10489	酥	sū	flaky pastrycrunchylimpsoft
7	10492	烹饪	pēngrèn	cooking, culinary arts
7	10494	陶瓷	táocí	pottery and porcelainceramics
7	10495	监察	jiānchá	to superviseto control
7	10495	讨好	tǎohǎo	to get the desired outcometo win favor by fawning on sbto curry favor witha fruitful outcome to reward one's labor
7	10499	发火	fāhuǒ	to catch fireto igniteto detonateto get angry
7	10502	丰满	fēngmǎn	amplewell developedfully rounded
7	10508	任职	rènzhí	to hold a post, to take office
7	10526	创始人	chuàngshǐrén	creator, founder, initiator
7	10527	任性	rènxìng	willfulheadstrongunruly
7	10533	玄	xuán	blackmysterious
7	10534	帮手	bāngshou	helper, assistant
7	10541	仿	fǎng	to imitateto copy
7	10543	以致	yǐzhì	with the result that
7	10558	化身	huàshēn	incarnationreincarnationembodiment (of abstract idea)personification
7	10558	蒸发	zhēngfā	to evaporate(fig.) to vanish, to disappear
7	10560	编排	biānpái	to arrangeto lay out
7	10562	实地	shídì	on-site
7	10567	立体	lìtǐ	three-dimensionalsolidstereoscopic
7	10568	精明	jīngmíng	astute, shrewd, smart
7	10569	滑稽	huájī	comical, funny, amusinghuaji, a form of comedy performance popular in Shanghai, Jiangsu and Zhejiang
7	10570	高涨	gāozhǎng	to surge upto rise(of tensions etc) to run high
7	10577	善意	shànyì	goodwillbenevolencekindness
7	10577	宗旨	zōngzhǐ	objectiveaimgoal
7	10579	上游	shàngyóu	upper reaches (of a river)upper levelupper echelonupstream
7	10580	上任	shàngrèn	to take officeprevious (incumbent)predecessor
7	10583	探望	tànwàng	to visitto call on sbto look around
7	10585	举止	jǔzhǐ	bearingmannermien
7	10588	聘	pìn	to employ, to appoint(bound form) to betroth(coll.) (of a woman) to get married, to be marrried off(literary) to visit another state as an envoy on a diplomatic mission
7	10589	忠于	zhōngyú	to be loyal to
7	10591	胜任	shèngrèn	qualifiedcompetent (professionally)to be up to a task
7	10596	下跌	xiàdiē	to fallto tumble
7	10598	荒谬	huāngmiù	absurd, ridiculous
7	10602	拓展	tuòzhǎn	to expand, to extend, to broaden (client base, outlook, territory etc)(computing) to scale up, to increase system capacity
7	10602	替换	tìhuàn	to exchange, to replace, to substitute for, to switch
7	10605	回馈	huíkuì	to repay a favorto give backfeedback
7	10610	浓缩	nóngsuō	to concentrate, to condense(nuclear energy) to enrichespresso coffee
7	10612	放映	fàngyìng	to project (an image onto a screen), to show (a movie, slide etc)
7	10616	虚构	xūgòu	to make upfabricationfictionalimaginary
7	10619	肥皂	féizào	soap
7	10624	泄	xiè	(bound form) to leak out, to discharge, (fig.) to divulge
7	10632	贪	tān	to have a voracious desire forto covetgreedycorrupt
7	10641	果断	guǒduàn	firmdecisive
7	10642	失效	shīxiào	to failto lose effectiveness
7	10650	平原	píngyuán	fieldplain
7	10653	振奋	zhènfèn	to stir oneself upto raise one's spiritsto inspire
7	10655	雕	diāo	to carveto engraveshrewdbird of prey
7	10658	卑鄙	bēibǐ	basemeancontemptibledespicable
7	10660	耳光	ěrguāng	a slap on the face
7	10669	披露	pīlù	to revealto publishto make publicto announce
7	10672	判定	pàndìng	to judgeto decidejudgmentdetermination
7	10677	务必	wùbì	mustto need toto be sure to
7	10679	惊叹	jīngtàn	to exclaim in admirationa gasp of surprise
7	10681	拥护	yōnghù	to endorse, to support
7	10682	首脑	shǒunǎo	head (of state)summit (meeting)leader
7	10688	意料	yìliào	to anticipate, to expectexpectations
7	10691	僵硬	jiāngyìng	stiff, rigid
7	10691	空前	kōngqián	unprecedented
7	10696	董事长	dǒngshìzhǎng	chairman of the board of directors
7	10696	油画	yóuhuà	oil painting
7	10698	旺盛	wàngshèng	vigorousexuberant
7	10707	克制	kèzhì	to restrainto controlrestraintself-control
7	10708	包容	bāoróng	to pardonto forgiveto show toleranceto contain
7	10710	驳回	bóhuí	to rejectto turn downto overrule
7	10714	无形	wúxíng	incorporealvirtualformlessinvisible (assets)
7	10718	方针	fāngzhēn	policyguidelines
7	10725	张扬	zhāngyáng	to display ostentatiouslyto bring out into the opento make publicto spread around
7	10726	风味	fēngwèi	distinctive flavordistinctive style
7	10727	档次	dàngcì	gradeclassqualitylevel
7	10730	歌剧	gējù	Western opera
7	10734	让步	ràngbù	to concedeto give into yielda concession
7	10738	士气	shìqì	morale
7	10740	听从	tīngcóng	to listen and obeyto comply withto heedto hearken
7	10746	推断	tuīduàn	to inferto deduceto predictto extrapolate
7	10747	领养	lǐngyǎng	to adopt (a child, pet etc)
7	10749	货运	huòyùn	freight transportcargotransported goods
7	10752	遗弃	yíqì	to leaveto abandon
7	10752	芝麻	zhīma	sesame (seed)
7	10756	正直	zhèngzhí	uprightupstandinghonest
7	10764	平息	píngxī	(of wind etc) to subside, to die downto quell, to smooth over (a dispute etc)to suppress (a rebellion etc)
7	10765	狭窄	xiázhǎi	narrow
7	10768	敬意	jìngyì	respect, esteem, high regard
7	10769	变换	biànhuàn	to transformto convertto varyto alternate
7	10770	布局	bùjú	arrangementcompositionlayoutopening (chess jargon)
7	10770	贪污	tānwū	to be corruptcorruptionto embezzle
7	10772	自如	zìrú	unobstructedunconstrainedsmoothlywith ease
7	10785	雇主	gùzhǔ	employer
7	10789	峡谷	xiágǔ	canyongillravine
7	10793	沐浴	mùyù	to bathe, to take a bath(fig.) to be bathed in, to be immersed in
7	10796	受理	shòulǐ	to accept to hear a caseto handle (a service)
7	10800	吉利	jílì	auspiciousluckypropitious
7	10802	重现	chóngxiàn	to reappear
7	10818	微波炉	wēibōlú	microwave oven
7	10820	紊乱	wěnluàn	disorderchaos
7	10824	废墟	fèixū	ruins
7	10824	萎缩	wěisuō	to witherto dry up (of a plant)to atrophy (of muscle, social custom etc)
7	10825	扶持	fúchí	to helpto assist
7	10828	真情	zhēnqíng	real situation, the truthtrue emotions, true feelings
7	10830	人品	rénpǐn	character, moral strength, integrity(coll.) looks, appearance, bearing
7	10831	平和	pínghé	gentlemildmoderateplacid
7	10832	稍稍	shāoshāo	somewhata littleslightly
7	10833	沉迷	chénmí	to be engrossedto be absorbed withto lose oneself into be addicted to
7	10836	票房	piàofáng	box office
7	10845	反驳	fǎnbó	to retortto refute
7	10852	重量级	zhòngliàngjí	(sports) heavyweight class(fig.) important, major, prominent, influential
7	10857	去向	qùxiàng	direction in which sb or sth has gone, whereabouts
7	10861	开办	kāibàn	to opento start (a business etc)to set up
7	10861	脱颖而出	tuōyǐng'érchū	to reveal one's talent (idiom)to rise above others, to distinguish oneself
7	10869	亮点	liàngdiǎn	highlightbright spot
7	10869	牵挂	qiānguà	to worry aboutto be concerned about
7	10871	火山	huǒshān	volcano
7	10875	环绕	huánrào	to surroundto circleto revolve around
7	10878	驱逐	qūzhú	to expelto deportbanishment
7	10885	补助	bǔzhù	to subsidizesubsidyallowance
7	10891	踹	chuài	to kickto trampleto tread on
7	10891	苛刻	kēkè	harsh, severe, demanding
7	10896	不知不觉	bùzhībùjué	(idiom) unconsciously, unwittingly
7	10902	梳	shū	to comb(bound form) a comb
7	10904	裁定	cáidìng	ruling
7	10909	再现	zàixiàn	to recreateto reconstruct (a historical relic)
7	10912	责怪	zéguài	to blameto rebuke
7	10915	尽早	jǐnzǎo	as early as possible
7	10916	对照	duìzhào	to contrastto compareto place side by side for comparison (as parallel texts)to check
7	10921	纳入	nàrù	to bring intoto channel intoto integrate intoto incorporate
7	10922	辨认	biànrèn	to recognizeto identify
7	10931	备忘录	bèiwànglù	memorandumaide-memoirememorandum book
7	10933	奖项	jiǎngxiàng	award, prize
7	10935	家教	jiājiào	family educationupbringingto bring sb upprivate tutor
7	10935	天性	tiānxìng	natureinnate tendency
7	10937	悬崖	xuányá	precipiceoverhanging cliff
7	10938	埋怨	mányuàn	to complainto grumble (about)to reproachto blame
7	10942	冷战	lěngzhàn	cold war(fig.) strained relationshipto be barely on speaking terms
7	10943	住户	zhùhù	householdinhabitanthouseholder
7	10947	轨迹	guǐjì	locusorbittrajectorytrack
7	10947	指点	zhǐdiǎn	to point outto indicateto give directionsto show how (to do sth)
7	10951	行情	hángqíng	market pricequotation of market pricethe current market situation
7	10954	整洁	zhěngjié	neatlytidy
7	10955	过失	guòshī	errorfault(law) negligencedelinquency
7	10956	苗	miáo	young plant, seedling(bound form) young animal raised for farming or aquaculture(bound form) offspring, descendant(bound form) sign or indication of sth
7	10956	先锋	xiānfēng	vanguard, pioneer, avant-garde
7	10957	常人	chángrén	ordinary person
7	10963	搅拌	jiǎobàn	to stirto agitate
7	10963	宣誓	xuānshì	to swear an oath (of office)to make a vow
7	10964	全能	quánnéng	omnipotentall-roundstrong in every area
7	10966	颠覆	diānfù	to topple (i.e. knock over)to capsizefig. to overturn (a regime, by plotting or subversion)to undermine
7	10969	小丑	xiǎochǒu	clown
7	10973	海滨	hǎibīn	shoreseaside
7	10974	气管	qìguǎn	windpipetrachearespiratory tractair duct
7	10983	利率	lìlǜ	interest rate
7	10987	牵涉	qiānshè	to involveimplicated
7	10988	分支	fēnzhī	branch (of company, river etc)to branchto divergeto ramify
7	10988	去除	qùchú	to removeto dislodge
7	10995	流水	liúshuǐ	running water(business) turnover
7	10998	腐蚀	fǔshí	corrosionto corrode (degrade chemically)to rotcorruption
7	10998	公道	gōngdào	justicefairnesspublic highway
7	11000	公款	gōngkuǎn	public money
7	11000	辜负	gūfù	to fail to live up to (sb's expectations, trust or kindness), to let down
7	11001	活该	huógāi	(coll.) serve sb rightdeservedlyoughtshould
7	11014	一塌糊涂	yītāhútu	muddled and completely collapsing (idiom), in an awful conditioncomplete shamblesa total mess
7	11015	上瘾	shàngyǐn	to get into a habitto become addicted
7	11016	来宾	láibīn	guestvisitor
7	11017	忍心	rěnxīn	to have the heart to do sthto steel oneself to a task
7	11020	太平	tàipíng	peace and security
7	11022	可谓	kěwèi	it could even be said
7	11030	后续	hòuxù	follow-up(dialect) to remarry
7	11031	微弱	wēiruò	weakfaintfeeble
7	11038	不愧	bùkuì	to be worthy ofto deserve to be calledto prove oneself to be
7	11039	垄断	lǒngduàn	to monopolize
7	11043	玩弄	wánnòng	to play withto toy withto dally withto engage in
7	11044	开采	kāicǎi	to extract (ore or other resource from a mine)to exploitto mine
7	11050	见解	jiànjiě	opinionviewunderstanding
7	11051	抵挡	dǐdǎng	to resistto hold backto stopto ward off
7	11059	酝酿	yùnniàng	(of alcohol) to ferment(of a crisis) to be brewingto mull over (an issue)to hold exploratory discussions
7	11061	揭发	jiēfā	to exposeto bring to lightto discloserevelation
7	11061	跳动	tiàodòng	to throbto pulseto bounceto jiggle
7	11064	出头	chūtóu	to get out of a predicamentto stick outto take the initiativeremaining odd fraction after a division
7	11067	阵容	zhènróng	troop arrangementbattle formationlineup (of a sports team etc)
7	11071	烧毁	shāohuǐ	to destroy (or be destroyed) by fire
7	11074	饲料	sìliào	feed, fodder
7	11078	同等	tóngděng	equal tohaving the same social class or status
7	11081	极力	jílì	to make a supreme effortat all costs
7	11088	除外	chúwài	to excludenot including sth (when counting or listing)except for
7	11089	拣	jiǎn	to chooseto pickto sort outto pick up
7	11091	递交	dìjiāo	to presentto giveto hand overto hand in
7	11092	倒塌	dǎotā	to collapse (of building)to topple over
7	11094	附属	fùshǔ	subsidiaryauxiliaryattachedaffiliated
7	11097	屈服	qūfú	to surrenderto succumbto yield(as a transitive verb) to defeat
7	11101	捍卫	hànwèi	to defend, to uphold, to safeguard
7	11102	点火	diǎnhuǒ	to igniteto light a fireto agitateto start an engine
7	11102	订购	dìnggòu	to place an orderto subscribe
7	11107	急于	jíyú	eager toin a hurry to
7	11114	不算	bùsuàn	to not calculateto not countto not be considered (as)to have no weight
7	11115	雪山	xuěshān	snow-capped mountain
7	11120	沸腾	fèiténg	(of a liquid) to boil(of sentiments etc) to boil overto flare upto be impassioned
7	11120	满怀	mǎnhuái	to have one's heart filled with(to collide) full on(of farm animals) heavy with young
7	11121	君子	jūnzǐ	noblemanperson of noble character
7	11123	势头	shìtóu	powermomentumtendencyimpetus
7	11124	拎	līn	to lift up, to carry in one's hand
7	11125	小心翼翼	xiǎoxīnyìyì	(idiom) cautious, careful, prudent
7	11129	风采	fēngcǎi	svelteelegant mannergraceful bearing
7	11136	插手	chāshǒu	to get involved into meddleinterference
7	11139	合伙	héhuǒ	to act jointly, to form a partnership
7	11148	前台	qiántái	stageprosceniumforeground in politics etc (sometimes derog.)front desk
7	11148	全心全意	quánxīnquányì	(idiom) heart and soul, wholeheartedly
7	11150	驾驭	jiàyù	to urge on (of horse)to driveto steerto handle
7	11154	共鸣	gòngmíng	(physics) to resonate, resonancesympathetic response
7	11156	绷	bēng	to draw tight, to stretch tautto tack (with thread or pin)(bound form) embroidery hoop(bound form) woven bed mat
7	11160	假冒	jiǎmào	to impersonateto pose as (someone else)to counterfeitto palm off (a fake as a genuine)
7	11169	扳	bān	to pullto turn (sth) aroundto turn around (a situation)to recoup
7	11171	乞丐	qǐgài	beggar
7	11173	高空	gāokōng	high altitude
7	11173	敬请	jìngqǐng	please (do sth) (deferential form)
7	11175	放纵	fàngzòng	to indulgeto pamperto connive atpermissive
7	11184	申报	shēnbào	to report (to the authorities)to declare (to customs)
7	11187	冒充	màochōng	to feignto pretend to beto pass oneself off as
7	11192	流失	liúshī	(of soil etc) to wash awayto be eroded(fig.) (of talented staff, followers of a religious faith, investment funds etc) to go elsewhereto fail to be retained
7	11195	高雅	gāoyǎ	daintyeleganceelegant
7	11196	事态	shìtài	situationexisting state of affairs
7	11197	驱动	qūdòng	to driveto propeldrive (vehicle wheel)drive mechanism (tape or disk)
7	11199	恶性	èxìng	malignantwickedvicious (circle)producing evil
7	11201	担当	dāndāng	to take upon oneselfto assume
7	11202	差错	chācuò	mistake, slip-up, fault, erroraccident, mishap
7	11202	罐头	guàntou	tincan
7	11208	攒	zǎn	to collectto hoardto accumulateto save
7	11221	风度	fēngdù	elegance (for men)elegant demeanorgracepoise
7	11225	救治	jiùzhì	to provide critical care (to a patient or a diseased plant)
7	11228	方向盘	fāngxiàngpán	steering wheel
7	11235	板块	bǎnkuài	slab(geology) tectonic plate(fig.) sector (of the stock market or of industry)(economic) bloc
7	11240	接纳	jiēnà	to admit or welcome (into a group)to accept (sb or sth)
7	11242	归属	guīshǔ	to belong toto be affiliated toto fall under the jurisdiction ofa place where one feels that one belongs
7	11247	动感	dònggǎn	sense of movement (often in a static work of art)dynamicvividlifelike
7	11249	棘手	jíshǒu	thorny (problem)intractable
7	11251	尖锐	jiānruì	sharpintensepenetratingpointed
7	11253	休克	xiūkè	(medicine) (loanword) shock, to go into shock
7	11259	宽松	kuānsōng	spacious, roomy, uncrowded(of clothes) loose and comfortablerelaxed, free of worrywell-off, affluent
7	11259	削弱	xuēruò	to weakento impairto cripple
7	11261	虔诚	qiánchéng	piousdevoutsincere
7	11262	宣读	xuāndú	to read out loud to an audiencea prepared speech (e.g. to a party conference)
7	11269	着眼	zhuóyǎn	to have one's eyes on (a goal)having sth in mindto concentrate
7	11270	牢固	láogù	firmsecure
7	11273	恨不得	hènbude	wishing one could do sth, to hate to be unable, itching to do sth
7	11273	亲热	qīnrè	affectionate, intimate, warmheartedto show affection for(coll.) to get intimate with sb
7	11274	分量	fènliang	quantity, weight, measure(fig.) weight (importance, prestige, authority etc), (of written material) density
7	11279	兑换	duìhuàn	to convertto exchange
7	11284	遗留	yíliú	to leave behindto hand down
7	11290	露天	lùtiān	outdoorsal frescoin the open
7	11291	巨头	jùtóu	tycoonmagnatebig player (including company, country, school etc)big shot
7	11299	赢家	yíngjiā	winner
7	11301	简洁	jiǎnjié	concisesuccinctpithy
7	11304	大肆	dàsì	wantonlywithout restraint (of enemy or malefactor)unbridled
7	11315	悬念	xuánniàn	suspense in a movie, play etcconcern for sb's welfare
7	11327	微型	wēixíng	miniature, micro-, tiny
7	11329	反响	fǎnxiǎng	repercussionsreactionecho
7	11332	销	xiāo	to melt (metal)to cancel, to annulto sellto expend, to spend
7	11332	祖父	zǔfù	father's fatherpaternal grandfather
7	11342	眨眼	zhǎyǎn	to blinkto winkin the twinkling of an eye
7	11345	掉头	diàotóu	to turn one's headto turn roundto turn about
7	11346	寂静	jìjìng	quiet
7	11350	伦理	lúnlǐ	ethics
7	11358	身价	shēnjià	social statusprice of a slaveprice of a person (a sportsman etc)worth
7	11358	畏惧	wèijù	to fearto dreadforeboding
7	11363	振作	zhènzuò	to bestir oneselfto pull oneself togetherto cheer upto uplift
7	11365	莫非	mòfēi	can it be possible thatcould it be
7	11366	城墙	chéngqiáng	city wall
7	11376	驯	xùn	to attain graduallyto tame
7	11384	冲洗	chōngxǐ	to rinse, to wash(photography) to develop (film)
7	11387	接替	jiētì	to replaceto take over (a position or post)
7	11392	下台	xiàtái	to go off the stageto fall from position of prestigeto step down (from office etc)to disentangle oneself
7	11395	宫殿	gōngdiàn	palace
7	11396	遗嘱	yízhǔ	testamentwill
7	11397	现行	xiànxíng	to be in effectin forcecurrent
7	11401	申领	shēnlǐng	to apply (for license, visa etc)
7	11404	整顿	zhěngdùn	to tidy upto reorganizeto consolidateto rectify
7	11433	撇	piē	to cast awayto fling aside
7	11436	仙女	xiānnǚ	fairy
7	11439	从容	cóngróng	to go easyunhurriedcalm
7	11441	艰巨	jiānjù	(of a task, mission or responsibility) extremely difficult, challenging, demanding
7	11442	电信	diànxìn	telecommunications
7	11446	缺口	quēkǒu	nickjaggapshortfall
7	11450	疲倦	píjuàn	to tiretired
7	11459	钱财	qiáncái	wealthmoney
7	11461	难关	nánguān	difficultycrisis
7	11461	有望	yǒuwàng	hopefulpromising
7	11462	峰会	fēnghuì	summit meeting
7	11463	镇静	zhènjìng	calmcool
7	11466	遥控	yáokòng	to direct operations from a remote location, to remotely control
7	11477	顽固	wángù	stubborn, obstinate
7	11482	散布	sànbù	to disseminate
7	11489	搓	cuō	to rub or roll between the hands or fingersto twist
7	11491	份额	fèn'é	shareportion
7	11493	愣	lèng	to look distractedto stare blanklydistractedblank
7	11500	颗粒	kēlì	kernelgranulegranulated (sugar, chemical product)
7	11504	宝藏	bǎozàng	precious mineral depositshidden treasure(fig.) treasure(Buddhism) the treasure of Buddha's law
7	11505	惭愧	cánkuì	ashamed
7	11513	构思	gòusī	to designto plotto plan outto compose
7	11514	海绵	hǎimián	(zoology) sea sponge(esp.) dried sea spongesponge (made from polyester or cellulose etc)foam rubber
7	11519	增添	zēngtiān	to addto increase
7	11523	暧昧	àimèi	vagueambiguousequivocaldubious
7	11523	灭亡	mièwáng	to be destroyed, to become extinct, to perish, to die outto destroy, to exterminate
7	11532	弥漫	mímàn	to pervadeto fill the airdiffuseeverywhere present
7	11536	配件	pèijiàn	componentpartfittingaccessory
7	11538	尊贵	zūnguì	respectedrespectablehonorable
7	11539	秤	chèng	steelyard balance, Roman balance
7	11543	辩解	biànjiě	to explainto justifyto defend (a point of view etc)to provide an explanation
7	11543	缸	gāng	jarvatclassifier for loads of laundry
7	11543	如意	rúyì	as one wants, according to one's wishesruyi scepter, a symbol of power and good fortune
7	11555	摔跤	shuāijiāo	to trip and fallto wrestlewrestling (sports)
7	11557	退回	tuìhuí	to return (an item)to send backto go back
7	11558	紧迫	jǐnpò	pressingurgent
7	11559	促成	cùchéng	to facilitate, to help bring about
7	11559	领队	lǐngduì	to lead a groupleader of a groupcaptain (of sports squad)
7	11561	贯穿	guànchuān	to run througha connecting thread from beginning to endto link
7	11565	一无所有	yīwúsuǒyǒu	not having anything at all (idiom), utterly lackingwithout two sticks to rub together
7	11568	规格	guīgé	standardnormspecification
7	11570	高血压	gāoxuèyā	high blood pressurehypertension
7	11576	思绪	sīxù	train of thoughtemotional statemoodfeeling
7	11577	振动	zhèndòng	to vibrateto shakevibration
7	11582	宣扬	xuānyáng	to publicize, to advertise, to spread far and wide
7	11586	牵扯	qiānchě	to involve, to implicateto be interrelated
7	11588	显示器	xiǎnshìqì	display device, monitor
7	11589	斗志	dòuzhì	will to fightfighting spirit
7	11594	如一	rúyī	consistentthe sameunvarying
7	11597	喝彩	hècǎi	to acclaimto cheer
7	11597	致使	zhìshǐ	to causeto result in
7	11610	序	xù	(bound form) order, sequence(bound form) introductory, initialpreface
7	11612	埋伏	máifú	to ambushto lie in wait forto lie lowambush
7	11617	结算	jiésuàn	to settle a bill, to close an account
7	11617	引诱	yǐnyòu	to coerce (sb into doing sth bad)to lure (into a trap)to seduce
7	11622	格式	géshì	formspecificationformat
7	11625	呛	qiāng	to choke (because of swallowing the wrong way)
7	11628	不经意	bùjīngyì	not paying attention, carelessly, by accident
7	11631	调度	diàodù	to dispatch (vehicles, staff etc)to scheduleto managedispatcher
7	11632	看台	kàntái	terracespectator's grandstandviewing platform
7	11633	燃油	rányóu	fuel oil
7	11636	审视	shěnshì	to look closely atto examine
7	11646	半数	bànshù	half the number, half
7	11646	表彰	biǎozhāng	to honorto commendto cite (in dispatches)
7	11648	过瘾	guòyǐn	to satisfy a cravingto get a kick out of sthgratifyingimmensely enjoyable
7	11648	前夕	qiánxī	evethe day before
7	11652	赎	shú	to redeemto ransom
7	11652	养活	yǎnghuo	to provide forto keep (animals, a family etc)to raise animalsto feed and clothe
7	11656	抗争	kàngzhēng	to resistto make a stand and fight (against)
7	11688	电网	diànwǎng	electricity grid, power gridelectrified wire netting
7	11688	师范	shīfàn	teacher-trainingpedagogicalnormal (school, e.g. Beijing Normal University)
7	11688	友善	yǒushàn	friendly
7	11691	出走	chūzǒu	to leave hometo go offto run away
7	11691	浮现	fúxiàn	(of a thought or image) to come to mind(of a smile etc) to appear (on sb's face)(of a problem etc) to emerge
7	11692	兴奋剂	xīngfènjì	stimulantdoping (in athletics)
7	11694	站立	zhànlì	to standstandingon one's feet
7	11695	惊慌	jīnghuāng	to panicto be alarmed
7	11704	测定	cèdìng	to determine (by measuring or surveying)
7	11710	肥料	féiliào	fertilizermanure
7	11711	执照	zhízhào	license, permit
7	11719	滋润	zīrùn	moisthumidto moistento provide moisture
7	11727	寄托	jìtuō	to entrust (to sb)to place (one's hope, energy etc) ina thing in which one invests (one's hope, energy etc)
7	11732	歉意	qiànyì	apologyregret
7	11736	报答	bàodá	to repayto requite
7	11742	灯泡	dēngpào	light bulbthird-wheel or unwanted third party spoiling a couple's date (slang)
7	11743	捂	wǔ	to encloseto cover with the hand (one's eyes, nose or ears)to cover up (an affair)contrary
7	11746	可观	kěguān	worth seeingconsiderable, impressive, significant
7	11749	脱落	tuōluò	to drop off, to fall off, (of hair, teeth etc) to fall outto omit (a character when writing)
7	11750	拿手	náshǒu	expert ingood at
7	11751	核桃	hétao	walnut
7	11751	收敛	shōuliǎn	to dwindle, to vanish, to make vanishto exercise restraint, to curb (one's mirth, arrogance etc)to astringe(math.) to converge
7	11757	点评	diǎnpíng	to commenta point by point commentary
7	11761	募捐	mùjuān	to solicit contributions, to collect donations
7	11766	傲慢	àomàn	arroganthaughty
7	11767	开阔	kāikuò	wideopen (spaces)to open up
7	11767	脉搏	màibó	pulse (both medical and figurative)
7	11771	掰	bāi	to break off or break open sth with one's hands(fig.) to break off (a relationship)
7	11774	选项	xuǎnxiàng	option, alternative, choiceto choose a project
7	11777	阻力	zǔlì	resistancedrag
7	11781	全方位	quánfāngwèi	all aroundomnidirectionalcompleteholistic
7	11799	缘分	yuánfèn	fate or chance that brings people togetherpredestined affinity or relationship(Budd.) destiny
7	11802	搏斗	bódòu	to wrestle, to fight, to struggle
7	11803	腐烂	fǔlàn	to rotto putrefy(fig.) corrupt
7	11803	足迹	zújì	footprinttrackspoor
7	11806	照料	zhàoliào	to tendto take care of sb
7	11813	怨恨	yuànhèn	to resentto harbor a grudge againstto loatheresentment
7	11814	粪便	fènbiàn	excrementfecesnight soil
7	11816	飞跃	fēiyuè	to leap
7	11816	合唱	héchàng	chorusto chorus
7	11816	冷酷	lěngkù	unfeeling, callous
7	11820	开拓	kāituò	to break new ground (for agriculture)to open up (a new seam)to develop (border regions)fig. to open up (new horizons)
7	11821	办事处	bànshìchù	office, agency, bureau
7	11824	风筝	fēngzheng	kite (lit. "wind zither", traditionally explained as being named after kites fitted with bamboo whistles that produced musical sounds when flown)
7	11824	要好	yàohǎo	to be on good termsto be close friendsstriving for self-improvement
7	11833	怀旧	huáijiù	to feel nostalgicnostalgia
7	11834	神仙	shénxiān	Daoist immortalsupernatural entity(in modern fiction) fairy, elf, leprechaun etcfig. lighthearted person
7	11835	一连串	yīliánchuàn	a succession ofa series of
7	11836	葬	zàng	to bury (the dead)to inter
7	11837	逃亡	táowáng	to flee, to go into exile
7	11841	抽签	chōuqiān	to perform divination with sticksto draw lotsa ballot (in share dealing)
7	11845	无须	wúxū	need notnot obliged tonot necessarily
7	11857	柔和	róuhé	gentlesoft
7	11860	迫害	pòhài	to persecute
7	11862	退缩	tuìsuō	to shrink back, to cower
7	11864	谅解	liàngjiě	to understandto make allowances forunderstanding
7	11865	补给	bǔjǐ	supplyreplenishmentto replenish
7	11865	颠倒	diāndǎo	to turn upside downto reverseback to frontconfused
7	11867	无从	wúcóng	not to have accessbeyond one's authority or capabilitysth one has no way of doing
7	11872	夜班	yèbān	night shift
7	11878	辛勤	xīnqín	hardworking, industrious
7	11887	粗暴	cūbào	crude, crass, rude, rough, harsh
7	11888	天线	tiānxiàn	antenna, aerial(fig.) connection to higher authorities, channel to influential people
7	11898	风流	fēngliú	distinguished and accomplishedoutstandingtalented in letters and unconventional in lifestyleromantic
7	11898	皇室	huángshì	royal familyimperial householdmember of the royal family
7	11906	海峡	hǎixiá	strait, channel
7	11908	主宰	zhǔzǎi	to dominateto ruleto dictatemaster
7	11909	光顾	guānggù	to visit (as a customer)
7	11910	成天	chéngtiān	(coll.) all day longall the time
7	11913	疑虑	yílǜ	hesitationmisgivingsdoubt
7	11914	情不自禁	qíngbùzìjīn	(idiom) cannot refrain from, cannot help, cannot but
7	11918	苏醒	sūxǐng	to come toto awakento regain consciousness
7	11919	解雇	jiěgù	to fireto sackto dismissto terminate employment
7	11919	隐患	yǐnhuàn	a danger concealed within sthhidden damagemisfortune not visible from the surface
7	11923	郑重	zhèngzhòng	serioussolemnearnestconscientious
7	11926	坦率	tǎnshuài	frank, candid, straightforward
7	11928	烈士	lièshì	martyr
7	11933	笼子	lóngzi	cage, basket, container
7	11935	逃生	táoshēng	to flee for one's life
7	11936	阐述	chǎnshù	to expound (a position)to elaborate (on a topic)to treat (a subject)
7	11945	轮廓	lúnkuò	outline, silhouette
7	11945	喜好	xǐhào	to likefond ofto preferto love
7	11954	蒜	suàn	garlic
7	11962	门槛	ménkǎn	doorstepsillthresholdfig. knack or trick (esp. scheme to get sth cheaper)
7	11966	晚期	wǎnqī	later periodend stageterminal
7	11968	妥善	tuǒshàn	appropriate, proper
7	11973	痴呆	chīdāi	stupid, dull(medicine) dementia
7	11975	一无所知	yīwúsuǒzhī	(idiom) not knowing anything at all, completely ignorant
7	11980	试探	shìtàn	to sound outto probeto feel outto try out
7	11982	壮大	zhuàngdà	to strengthen, to build upto grow strong and large
7	11988	骚乱	sāoluàn	disturbance, riotto create a disturbance
7	11991	收据	shōujù	receipt
7	11996	底层	dǐcéng	ground floor, first floorlowest level, lowest rung (of society etc)
7	12001	自以为是	zìyǐwéishì	to believe oneself infallible (idiom)to be opinionated
7	12004	颁布	bānbù	to issueto proclaimto enact (laws, decrees etc)
7	12011	饲养	sìyǎng	to raiseto rear
7	12015	诚恳	chéngkěn	sincerehonestcordial
7	12020	假定	jiǎdìng	to assumeto supposesupposedso-called
7	12022	女婿	nǚxu	daughter's husband, son-in-law
7	12030	匿名	nìmíng	anonymousto remain anonymous
7	12032	凝聚	níngjù	to condenseto coagulatecoacervation (i.e. form tiny droplets)aggregation
7	12038	编制	biānzhì	to establish (a unit or department)authorized staffing allocation in government or public institutions (excluding temporary or contract staff)
7	12046	宽敞	kuānchang	spaciouswide
7	12053	恩怨	ēnyuàn	gratitude and grudgesresentmentgrudgesgrievances
7	12053	面貌	miànmào	face, featuresappearance, look
7	12055	专程	zhuānchéng	specificallyspecially (for that purpose)
7	12056	分红	fēnhóng	dividendto award a bonus
7	12060	预示	yùshì	to indicateto foretellto forebodeto betoken
7	12069	奔波	bēnbō	to rush aboutto be constantly on the move
7	12070	备份	bèifèn	backup
7	12070	偏僻	piānpì	remotedesolatefar from the city
7	12073	真空	zhēnkōng	(physics) vacuum(fig.) vacuum(slang) to not wear underwear
7	12076	亲身	qīnshēn	personally, oneself(of experience) first-hand
7	12077	小提琴	xiǎotíqín	fiddleviolin
7	12078	原型	yuánxíng	modelprototypearchetype
7	12081	核对	héduì	to checkto verifyto auditto examine
7	12094	坟	fén	gravetombembankmentmound
7	12096	领悟	lǐngwù	to understandto comprehend
7	12099	安抚	ānfǔ	to placateto pacifyto appease
7	12112	废除	fèichú	to abolishto abrogateto repeal
7	12116	扣除	kòuchú	to deduct
7	12118	素材	sùcái	source material (in literature and art)
7	12124	催眠	cuīmián	to lull to sleepto hypnotize
7	12125	伺候	cìhou	to serve, to wait upon
7	12126	丢弃	diūqì	to discardto abandon
7	12127	出人意料	chūrényìliào	unexpected (idiom)surprising
7	12144	鼻涕	bítì	nasal mucus, snivel, snot
7	12145	融洽	róngqià	harmoniousfriendly relationson good terms with one another
7	12146	搭乘	dāchéng	to ride as a passengerto travel by (car, plane etc)
7	12148	切割	qiēgē	to cut
7	12154	潜能	qiánnéng	potentialhidden capability
7	12160	徒步	túbù	to be on foot
7	12169	邮政	yóuzhèng	postal servicepostal
7	12172	天桥	tiānqiáo	overhead walkwaypedestrian bridge
7	12173	迁	qiān	to moveto shiftto change (a position or location etc)to promote
7	12182	拼搏	pīnbó	to struggleto wrestle
7	12188	化解	huàjiě	to dissolveto resolve (contradictions)to dispel (doubts)to iron out (difficulties)
7	12191	完好	wánhǎo	intactin good condition
7	12192	任期	rènqī	term of officetenure (entire period in office)
7	12193	围墙	wéiqiáng	perimeter wallfence
7	12195	好歹	hǎodǎi	good and badmost unfortunate occurrencein any casewhatever
7	12197	凸	tū	to stick out, protruding, convex, male (connector etc)
7	12200	航海	hánghǎi	to sail the seasmaritime navigationvoyage
7	12201	排行榜	páihángbǎng	the charts (of best-sellers)table of ranking
7	12203	美满	měimǎn	happyblissful
7	12206	绽放	zhànfàng	to blossom
7	12210	法制	fǎzhì	legal system and institutions
7	12211	转型	zhuǎnxíng	to undergo fundamental change, to transition, to transformto update (to a new model of product)
7	12213	暴躁	bàozào	irascible, irritable
7	12213	埋葬	máizàng	to bury
7	12214	协同	xiétóng	to cooperatein coordination withcoordinatedcollaborate
7	12223	痴迷	chīmí	infatuatedobsessed
7	12228	初衷	chūzhōng	original intention
7	12230	丝绸	sīchóu	silk (cloth)
7	12235	配偶	pèi'ǒu	spouse
7	12236	中立	zhōnglì	neutralneutrality
7	12237	灭绝	mièjué	to become extinct, to die outto lose (sth abstract) completelyto exterminate
7	12237	延误	yánwù	to postpone (with unfortunate consequences), to take too long (to do sth), to miss (a deadline or window of opportunity)
7	12240	截然不同	jiéránbùtóng	entirely differentdifferent as black and white
7	12245	入场	rùchǎng	to enter the venue for a meetingto enter into an examinationto enter a stadium, arena etc
7	12247	容纳	róngnà	to holdto containto accommodateto tolerate (different opinions)
7	12248	无条件	wútiáojiàn	unconditional
7	12249	言行	yánxíng	words and actionswhat one says and what one does
7	12257	开动	kāidòng	to startto set in motionto moveto march
7	12258	揽	lǎn	to monopolize, to seizeto take into one's arms, to embraceto fasten (with a rope etc)to take on (responsibility etc), to canvass
7	12260	体能	tǐnéng	physical capabilitystamina
7	12261	饭碗	fànwǎn	rice bowlfig. livelihoodjobway of making a living
7	12261	爪子	zhuǎzi	(animal's) claw
7	12264	公然	gōngrán	openlypubliclyundisguised
7	12267	洗礼	xǐlǐ	(lit. and fig.) baptism
7	12278	扣押	kòuyā	to detainto hold in custodyto distrainto seize property
7	12279	富豪	fùháo	rich and powerful person
7	12289	洞穴	dòngxué	cavecavern
7	12289	胀	zhàng	to swell, to distend, to expandswollen, bloated
7	12297	要害	yàohài	vital part(fig.) key pointcrucial
7	12299	坚实	jiānshí	firm and substantialsolid
7	12299	醒目	xǐngmù	eye-grabbing (headline)striking (illustration)
7	12300	组装	zǔzhuāng	to assemble, to put together
7	12301	向来	xiànglái	always (previously)
7	12302	投机	tóujī	congenial, agreeableto speculate, to profiteer
7	12318	黄昏	huánghūn	duskeveningnightfall
7	12326	交付	jiāofù	to hand overto deliver
7	12326	展望	zhǎnwàng	outlookprospectto look aheadto look forward to
7	12330	情结	qíngjié	complex (psychology)
7	12333	仪表	yíbiǎo	appearancebearingmeter (i.e. measuring instrument)
7	12335	庄严	zhuāngyán	solemn, dignified, stately
7	12339	蹬	dēng	to step on, to tread onto put on, to wear (shoes, trousers etc)(slang) to dump (sb)
7	12344	主人公	zhǔréngōng	hero (of a novel or film), main protagonist
7	12345	冷淡	lěngdàn	coldindifferent
7	12347	吉祥物	jíxiángwù	mascot
7	12348	草案	cǎo'àn	draft (legislation, proposal etc)
7	12354	取暖	qǔnuǎn	to warm oneself (by a fire, heater etc)
7	12355	过关	guòguān	to cross a barrierto get through (an ordeal)to pass (a test)to reach (a standard)
7	12356	所作所为	suǒzuòsuǒwéi	one's conduct and deeds
7	12362	珍藏	zhēncáng	a collection of rare and valuable itemsto collect (such items)
7	12366	抵御	dǐyù	to resistto withstand
7	12367	失利	shīlì	to loseto suffer defeat
7	12368	安稳	ānwěn	steady, stable, sedate, calm, (of sleep) sound, (of a transition) smooth
7	12368	流露	liúlù	to reveal (indirectly, implicitly)to show (interest, contempt etc) by means of one's actions, tone of voice etc
7	12368	扑克	pūkè	poker (game) (loanword)playing cards
7	12369	别看	biékàn	don't be fooled by the fact that
7	12372	冤枉	yuānwang	to accuse wronglyto treat unjustlyinjusticewronged
7	12373	信贷	xìndài	creditborrowed money
7	12377	生机	shēngjī	opportunity to live, hope of successvigor, vitality
7	12379	陷害	xiànhài	to entrapto set upto frame (up)to make false charges against
7	12382	追溯	zhuīsù	lit. to go upstreamto trace sth back toto date from
7	12385	体谅	tǐliàng	to empathizeto allow (for sth)to show understandingto appreciate
7	12386	自卫	zìwèi	to defend oneselfself-defense
7	12389	自责	zìzé	to blame oneself
7	12403	尾声	wěishēng	codaepilogueend
7	12406	一举	yījǔ	a movean actionin one moveat a stroke
7	12408	聋	lóng	deaf
7	12415	脸颊	liǎnjiá	cheek
7	12424	破灭	pòmiè	to be shatteredto be annihilated (of hope, illusions etc)
7	12426	藏身	cángshēn	to hideto go into hidingto take refuge
7	12428	祖母	zǔmǔ	father's mother, paternal grandmother
7	12437	缓和	huǎnhé	to ease (tension)to alleviateto moderateto allay
7	12438	戒备	jièbèi	to take precautionsto guard against (emergency)
7	12443	芽	yá	budsprout
7	12447	报销	bàoxiāo	to submit an expense accountto apply for reimbursementto write offto wipe out
7	12458	皇宫	huánggōng	imperial palace
7	12463	绣	xiù	to embroider, embroidery
7	12466	正宗	zhèngzōng	orthodox schoolfig. traditionalold schoolauthentic
7	12467	结晶	jiéjīng	to crystallizecrystallizationcrystalcrystalline
7	12476	嘉年华	jiāniánhuá	(loanword) carnival
7	12483	范畴	fànchóu	category
7	12483	想方设法	xiǎngfāngshèfǎ	to think up every possible method (idiom), to devise ways and meansto try this, that and the other
7	12486	索赔	suǒpéi	to ask for compensationto claim damagesclaim for damages
7	12486	自负	zìfù	conceitedto take responsibility
7	12487	逼近	bījìn	to press on towardsto close in onto approachto draw near
7	12488	违章	wéizhāng	to break the rulesto violate regulations
7	12490	牢记	láojì	to keep in mind, to remember
7	12498	特制	tèzhì	specially made, custom-made
7	12501	分担	fēndān	to share (a burden, a cost, a responsibility)
7	12504	手艺	shǒuyì	craftmanshipworkmanshiphandicrafttrade
7	12504	追问	zhuīwèn	to question closelyto investigate in detailto examine minutelyto get to the heart of the matter
7	12505	双向	shuāngxiàng	bidirectionaltwo-wayinteractive
7	12509	危及	wēijí	to endangerto jeopardizea danger (to life, national security etc)
7	12514	剃	tì	shaveto weed
7	12522	芭蕾	bālěi	ballet (loanword)
7	12522	阴暗	yīn'àn	dimdarkovercastdarkness
7	12523	不予	bùyǔ	(formal) not to (do sth)
7	12525	堡垒	bǎolěi	fort
7	12528	僵	jiāng	rigiddeadlockstiff (corpse)
7	12532	领会	lǐnghuì	to understandto comprehendto grasp
7	12532	敲诈	qiāozhà	to rip offto extort (money)extortionblackmail
7	12534	举措	jǔcuò	move, act, measure
7	12541	美德	měidé	virtue
7	12547	欢快	huānkuài	cheerful and lightheartedlively
7	12553	参照	cānzhào	to consult a referenceto refer to (another document)
7	12555	蜜月	mìyuè	honeymoon
7	12557	摇摆	yáobǎi	to swayto wobbleto waver
7	12558	优越	yōuyuè	superiorsuperiority
7	12573	开朗	kāilǎng	spacious and well-litopen and clear(of character) optimisticcheerful
7	12583	哨	shào	a whistlesentry
7	12583	受害	shòuhài	to suffer damage, injury etcdamagedinjuredkilled
7	12584	危急	wēijí	criticaldesperate (situation)
7	12593	着迷	zháomí	to be fascinatedto be captivated
7	12604	复原	fùyuán	to restore (sth) to (its) former conditionto recover from illnessrecovery
7	12608	随即	suíjí	immediatelypresentlyfollowing which
7	12610	字眼	zìyǎn	wording
7	12610	做主	zuòzhǔ	to decide, to have the final say
7	12618	通缉	tōngjī	to order the arrest of sb as criminalto list as wanted
7	12620	文凭	wénpíng	diploma
7	12623	捎	shāo	to bring sth to sbto deliver
7	12628	无非	wúfēi	onlynothing else
7	12628	总额	zǒng'é	total (amount or value)
7	12630	启程	qǐchéng	to set out on a journey
7	12631	提拔	tíbá	to promote to a higher jobto select for promotion
7	12640	趁机	chènjī	to seize an opportunity
7	12642	劝说	quànshuō	to persuadepersuasionto advise
7	12643	随心所欲	suíxīnsuǒyù	(idiom) to follow one's heart's desires, to do as one pleases
7	12646	皮革	pígé	leather
7	12648	绰号	chuòhào	nickname
7	12656	哑	yǎ	mute, dumb, incapable of speech(of a voice) hoarse, husky(bound form) (of a bullet, bomb etc) dud
7	12662	图纸	túzhǐ	blueprintdrawingdesign plansgraph paper
7	12662	矣	yǐ	classical final particle, similar to modern
7	12670	观望	guānwàng	to wait and see, to watch from the sidelinesto look around, to survey
7	12672	告诫	gàojiè	to warnto admonish
7	12672	妖怪	yāoguài	monsterdevil
7	12675	政党	zhèngdǎng	political party
7	12694	译	yì	to translateto interpret
7	12695	商讨	shāngtǎo	to discussto deliberate
7	12697	凶残	xiōngcán	savagecruelfierce
7	12699	口香糖	kǒuxiāngtáng	chewing gum
7	12700	绞	jiǎo	to twist (strands into a thread)to entangleto wringto hang (by the neck)
7	12702	踪迹	zōngjì	trackstrailfootprinttrace
7	12703	沉思	chénsī	to contemplateto pondercontemplationmeditation
7	12703	受贿	shòuhuì	to accept a bribe
7	12710	内存	nèicún	internal storagecomputer memoryrandom access memory (RAM)
7	12716	热潮	rècháo	wave of enthusiasm, craze, upsurge
7	12720	精密	jīngmì	accuracyexactpreciserefined
7	12730	质问	zhìwèn	to questionto ask questionsto inquireto bring to account
7	12733	掠夺	lüèduó	to plunderto rob
7	12734	剥削	bōxuē	to exploitexploitation
7	12743	编造	biānzào	to compileto draw upto fabricateto invent
7	12753	坦然	tǎnrán	calmundisturbed
7	12754	间断	jiànduàn	disconnectedinterruptedsuspendeda gap
7	12755	细腻	xìnì	(of skin etc) smooth, satiny, delicate(of a performance, depiction, craftsmanship etc) finely detailed, subtle, exquisite, meticulous
7	12765	控告	kònggào	to accuse, to charge, to indict
7	12778	晋升	jìnshēng	to promote to a higher position
7	12778	蜡	là	candlewax
7	12781	典范	diǎnfàn	modelexampleparagon
7	12802	溶解	róngjiě	to dissolve
7	12808	划算	huásuàn	to calculateto weigh (pros and cons)to view as profitableworthwhile
7	12813	栏目	lánmù	regular column or segment (in a publication or broadcast program)program (TV or radio)
7	12817	矫正	jiǎozhèng	to correctto rectify (e.g. a physical defect such as hearing or vision)to curerectification
7	12839	疏忽	shūhu	to neglectto overlooknegligencecarelessness
7	12841	执着	zhízhuó	dedicated, devoted, persistentto persist in, to cling to(Buddhism) attachment
7	12843	半岛	bàndǎo	peninsula
7	12853	粉末	fěnmò	fine powderdust
7	12859	衰退	shuāituì	to declineto fallto dropto falter
7	12861	结识	jiéshí	to get to know sbto meet sb for the first time
7	12865	缺失	quēshī	lack, deficiencyshortcoming, flaw, defectto be deficient, to lack
7	12867	呻吟	shēnyín	to moan, to groan
7	12869	号称	hàochēng	to be known as, to be nicknamedto be purportedlyto claim (often exaggeratedly or falsely)
7	12869	讨价还价	tǎojiàhuánjià	to haggle over priceto bargain
7	12874	流淌	liútǎng	to flow
7	12877	雕刻	diāokè	to carveto engravecarving
7	12887	奏效	zòuxiào	to show results, to be effective
7	12889	挥霍	huīhuò	to squander moneyextravagantprodigalfree and easy
7	12890	主权	zhǔquán	sovereignty
7	12896	干部	gànbù	cadreofficialofficermanager
7	12896	脱身	tuōshēn	to get awayto escape (from obligations)to free oneselfto disengage
7	12897	构建	gòujiàn	to construct (sth abstract)
7	12898	恼火	nǎohuǒ	annoyed, riled, vexed
7	12905	归宿	guīsù	place to return tohomefinal destinationending
7	12912	凳子	dèngzi	stoolsmall seat
7	12915	马力	mǎlì	horsepower
7	12915	争端	zhēngduān	disputecontroversyconflict
7	12917	人道	réndào	human sympathyhumanitarianismhumanethe "human way", one of the stages in the cycle of reincarnation (Buddhism)
7	12931	明朗	mínglǎng	brightclearobviousforthright
7	12937	不屑	bùxiè	to disdain to do sthto think sth not worth doingto feel it beneath one's dignity
7	12939	叛逆	pànnì	to rebelto revolta rebel
7	12941	辨别	biànbié	to distinguish, to differentiate, to discern, to recognize, to tell
7	12942	铭记	míngjì	to engrave in one's memory
7	12948	责备	zébèi	to blameto criticizecondemnationreproach
7	12950	奢望	shēwàng	an extravagant hopeto have excessive expectations
7	12950	严谨	yánjǐn	rigorous, strict, careful(of writing) well organized, meticulous
7	12952	丰盛	fēngshèng	richsumptuous
7	12953	申办	shēnbàn	to apply forto bid for
7	12957	庄园	zhuāngyuán	manorfeudal landvilla and park
7	12963	冲刺	chōngcì	(sports) to sprint, to spurt, to dashto put in a big effort to achieve a goal as the deadline approaches
7	12964	刻苦	kèkǔ	hardworkingassiduous
7	12965	后勤	hòuqín	logistics
7	12966	往日	wǎngrì	former days, the past
7	12970	老化	lǎohuà	(of a person, population or material) to age(of knowledge) to become outdated
7	12971	议程	yìchéng	agendaagenda item
7	12979	敬佩	jìngpèi	to esteemto admire
7	12980	宽恕	kuānshù	to forgiveforgiveness
7	12985	热衷	rèzhōng	to feel strongly aboutto be fond ofobsessiondeep commitment
7	12989	知己	zhījǐ	to know oneselfto be intimate or closeintimate friend
7	12996	捣乱	dǎoluàn	to disturbto look for troubleto stir up a rowto bother sb intentionally
7	13001	堪称	kānchēng	can be rated ascan be said to be
7	13006	着实	zhuóshí	trulyindeedseverelyharshly
7	13015	腹泻	fùxiè	diarrheato have the runs
7	13022	劣势	lièshì	inferiordisadvantaged
7	13025	胶囊	jiāonáng	(pharm.) capsule
7	13026	逼迫	bīpò	to forceto compelto coerce
7	13029	喂养	wèiyǎng	to feed (a child, domestic animal etc)to keepto raise (an animal)
7	13031	溢	yì	to overflow(literary) excessive
7	13041	运河	yùnhé	canal
7	13044	不得已	bùdéyǐ	to act against one's willto have no alternative but toto have toto have no choice
7	13045	框架	kuàngjià	(construction) frame(fig.) framework
7	13050	巅峰	diānfēng	summitapexpinnacle (of one's career etc)peak (of a civilization etc)
7	13050	断定	duàndìng	to concludeto determineto come to a judgment
7	13050	复兴	fùxīng	to reviveto rejuvenate
7	13057	风趣	fēngqù	charmhumorwithumorous
7	13065	曲折	qūzhé	winding(fig.) complicated
7	13072	搁	gē	to put, to place, to leaveto put aside, to shelve, to postponeto add, to put in
7	13073	离奇	líqí	odd, bizarre
7	13076	复查	fùchá	to check again, to re-examine
7	13076	王牌	wángpái	(card games) trump card(fig.) ace, star player, top performer, best asset, secret weapon
7	13094	施行	shīxíng	to put in placeto put into practiceto take effect
7	13106	混淆	hùnxiáo	to obscureto confuseto mix upto blur
7	13107	盛会	shènghuì	pageantdistinguished meeting
7	13109	投稿	tóugǎo	to submit articles for publicationto contribute (writing)
7	13115	惊险	jīngxiǎn	perilous, touch-and-go, nerve-racking, suspenseful
7	13117	急剧	jíjù	rapid, sudden
7	13117	迎合	yínghé	to cater toto pander to
7	13120	厌烦	yànfán	bored, fed up with sth, sick of sth
7	13121	交涉	jiāoshè	to negotiate (with)to have dealings (with)
7	13122	均衡	jūnhéng	equalbalancedharmonyequilibrium
7	13123	教科书	jiàokēshū	textbook
7	13124	本意	běnyì	original ideareal intentionetymon
7	13125	锋利	fēnglì	sharp (e.g. knife blade)incisiveto the point
7	13129	思索	sīsuǒ	to think deeplyto ponder
7	13143	夸大	kuādà	to exaggerate
7	13145	编织	biānzhī	to weave, to knit, to plait, to braid(fig.) to create (sth abstract, e.g. a dream, a lie etc)
7	13145	改良	gǎiliáng	to improve (sth)to reform (a system)
7	13146	渔船	yúchuán	fishing boat
7	13157	驻扎	zhùzhā	to stationto garrison (troops)
7	13164	盟友	méngyǒu	ally
7	13172	正视	zhèngshì	to face squarely, to meet head on, to face up to
7	13174	投身	tóushēn	to throw oneself into sth
7	13187	重任	zhòngrèn	heavy responsibility
7	13189	挤压	jǐyā	to squeeze, to compress(fig.) to crowd out, to put pressure on
7	13190	施加	shījiā	to exert (effort or pressure)
7	13191	处分	chǔfèn	to discipline sbto punishdisciplinary actionto deal with (a matter)
7	13194	得手	déshǒu	to go smoothly, to come off, to succeed
7	13195	镶	xiāng	to inlayto embedridgeborder
7	13196	私自	sīzì	private, personalsecretly, without explicit approval
7	13197	兼顾	jiāngù	to handle two or more responsibilities at the same time, to balance (career and family, or work and studies etc)
7	13197	水域	shuǐyù	watersbody of water
7	13200	配音	pèiyīn	dubbing (filmmaking)
7	13202	宏伟	hóngwěi	grandimposingmagnificent
7	13203	自然而然	zìrán'érrán	(idiom) natural, unforced(idiom) naturally, as a matter of course, in the natural course of things
7	13207	过剩	guòshèng	to be excessive, to be more than is required
7	13207	精髓	jīngsuǐ	marrow, pith, quintessence, essence
7	13209	改动	gǎidòng	to alterto modifyto revise
7	13212	惦记	diànjì	to think ofto keep thinking aboutto be concerned about
7	13216	岛屿	dǎoyǔ	island
7	13223	茫茫	mángmáng	boundlessvast and obscure
7	13225	敏捷	mǐnjié	nimblequickshrewd
7	13229	禁忌	jìnjì	taboocontraindication (medicine)to abstain from
7	13235	新奇	xīnqí	novel, new, exotic
7	13246	越发	yuèfā	increasinglymore and moreever moreall the more
7	13259	炭	tàn	wood charcoalcoal
7	13266	针灸	zhēnjiǔ	acupuncture and moxibustionto give or have acupuncture and moxibustion
7	13267	懒惰	lǎnduò	idlelazy
7	13271	柴油	cháiyóu	diesel fuel
7	13271	回首	huíshǒu	to turn around, to look back(fig.) to recall the past
7	13274	酗酒	xùjiǔ	heavy drinkingto get drunkto drink to excess
7	13279	错觉	cuòjué	misconceptionillusionmisperception
7	13282	陶醉	táozuì	to be infatuated with, to be drunk with, to be enchanted with, to revel in
7	13291	未免	wèimiǎn	unavoidablycan't helpreallyrather
7	13296	池塘	chítáng	poolpond
7	13296	名言	míngyán	sayingfamous remark
7	13298	审批	shěnpī	to examine and approveto endorse
7	13303	示意	shìyì	to hintto indicate (an idea to sb)
7	13309	定居	dìngjū	to settle (in some city, country etc), to take up residence
7	13311	加紧	jiājǐn	to intensifyto speed upto step up
7	13313	蓝图	lántú	blueprint
7	13316	斑点	bāndiǎn	spotstainspeckle
7	13316	修养	xiūyǎng	accomplishmenttrainingself-cultivation
7	13328	病症	bìngzhèng	diseaseillness
7	13328	首府	shǒufǔ	capital city of an autonomous region
7	13329	帆船	fānchuán	sailboat
7	13331	无缘	wúyuán	to have no opportunityno way (of doing sth)no chanceno connection
7	13332	抑郁症	yìyùzhèng	clinical depression
7	13334	熄灭	xīmiè	to stop burningto go out (of fire)to die outextinguished
7	13340	防火墙	fánghuǒqiáng	firewall
7	13343	补救	bǔjiù	to remedy
7	13352	海啸	hǎixiào	tsunami
7	13353	定论	dìnglùn	final conclusionaccepted argument
7	13354	开辟	kāipì	to open up, to create, to establish
7	13355	外号	wàihào	nickname
7	13357	接见	jiējiàn	to receive sbto grant an interview
7	13361	筹划	chóuhuà	to plan and prepare
7	13361	胚胎	pēitāi	embryo
7	13362	疗效	liáoxiào	healing efficacy, healing effect
7	13367	漂浮	piāofú	to floatto hoverto drift (also fig., to lead a wandering life)to rove
7	13372	革新	géxīn	to innovateinnovation
7	13373	空洞	kōngdòng	cavityemptyvacuous
7	13373	声望	shēngwàng	reputation, prestige, public esteem
7	13381	呵护	hēhù	to blessto cherishto take good care ofto conserve
7	13391	守候	shǒuhòu	to wait forto expectto keep watchto watch over
7	13392	深切	shēnqiè	deeply feltheartfeltsincerehonest
7	13393	路子	lùzi	methodwayapproach
7	13398	打量	dǎliang	to size sb upto look sb up and downto take the measure ofto suppose
7	13398	反常	fǎncháng	unusualabnormal
7	13398	敬业	jìngyè	dedicated to one's work
7	13400	视察	shìchá	to inspectan investigation
7	13412	刷新	shuāxīn	to renovateto refurbishto refresh (computer window)to write a new page (in history)
7	13419	一行	yīxíng	partydelegation
7	13425	慰问	wèiwèn	to express sympathy, greetings, consolation etc
7	13426	泛滥	fànlàn	to overflow, to inundate, to flood(fig.) to proliferate unchecked
7	13427	磁带	cídài	magnetic tape
7	13433	大意	dàyì	general ideamain idea
7	13433	麻将	májiàng	mahjong
7	13437	毁坏	huǐhuài	to damageto devastateto vandalizedamage
7	13440	会晤	huìwù	to meet (formally), formal meeting
7	13442	动向	dòngxiàng	trend, tendency
7	13443	焦急	jiāojí	anxietyanxious
7	13447	顺其自然	shùnqízìrán	to let nature take its course (idiom)
7	13447	体面	tǐmiàn	dignity, prestige, facehonorable, creditable(of sb's appearance) presentable, respectable
7	13451	胡乱	húluàn	carelessrecklesscasuallyabsent-mindedly
7	13454	随时随地	suíshísuídì	anytime and anywhere
7	13463	成品	chéngpǐn	finished goodsa finished product
7	13470	扩	kuò	to enlarge
7	13472	牧场	mùchǎng	pasturegrazing landranch
7	13472	嚷	rǎng	to shoutto bellowto make a big deal of sthto make a fuss about sth
7	13476	凝固	nínggù	to freezeto solidifyto congealfig. with rapt attention
7	13479	炒作	chǎozuò	to hypeto promote (in the media)
7	13479	磨损	mósǔn	to suffer wear and tear, to deteriorate through use, to wear out
7	13480	意向	yìxiàng	intentionpurposeintentinclination
7	13484	源泉	yuánquán	fountainheadwell-springwater sourcefig. origin
7	13485	顺手	shùnshǒu	as an incidental action while doing sth else, while one is at it, in passingsmooth, easy, without difficulty
7	13487	觉悟	juéwù	to come to understandto realizeconsciousnessawareness
7	13506	细微	xìwēi	tinyminutefinesubtle
7	13510	夕阳	xīyáng	sunsetthe setting sun
7	13517	显眼	xiǎnyǎn	conspicuouseye-catchingglamorous
7	13519	简易	jiǎnyì	simple and easysimplisticsimplicity
7	13520	欣喜	xīnxǐ	happy
7	13521	吓唬	xiàhu	to scareto frighten
7	13522	一齐	yīqí	at the same timesimultaneously
7	13526	温室	wēnshì	greenhouse
7	13539	检察	jiǎnchá	to inspect(law) to prosecuteto investigate
7	13556	宠爱	chǒng'ài	to dote on sb
7	13559	摇晃	yáohuàng	to rock, to shake, to sway
7	13560	失明	shīmíng	to lose one's eyesightto become blindblindness
7	13569	栏杆	lángān	railingbanister
7	13570	兴致	xìngzhì	moodspiritsinterest
7	13573	累积	lěijī	to accumulate
7	13574	静止	jìngzhǐ	stillimmobilestaticstationary
7	13576	拴	shuān	to tie up
7	13579	拱	gǒng	to cup one's hands in saluteto surroundto archto dig earth with the snout
7	13583	荧光	yíngguāng	fluorescence, fluorescent light
7	13587	观测	guāncè	to observeto surveyobservation (scientific etc)
7	13609	到头来	dàotóulái	in the endfinallyas a result
7	13610	缕	lǚ	strandthreaddetailedin detail
7	13611	发呆	fādāi	to stare blanklyto be stunnedto be lost in thought
7	13615	连同	liántóng	together withalong with
7	13615	输液	shūyè	intravenous infusion, to get put on an IV
7	13615	自卑	zìbēi	to have low self-esteemto abase oneself
7	13626	圈套	quāntào	trap, snare, trick
7	13626	仲裁	zhòngcái	arbitration
7	13627	议题	yìtí	topic of discussiontopicsubjectissue (under discussion)
7	13633	触犯	chùfàn	to violateto offend
7	13636	茫然	mángrán	blanklyvacantlyat a loss
7	13643	身躯	shēnqū	body
7	13649	留恋	liúliàn	reluctant to leaveto hate to have to goto recall fondly
7	13650	一举一动	yījǔyīdòng	(idiom) every movement, each and every move
7	13654	竭力	jiélì	to do one's utmost
7	13665	阻挠	zǔnáo	to thwartto obstruct (sth)
7	13667	迄今	qìjīn	so farto dateuntil now
7	13674	关头	guāntóu	juncturemoment
7	13684	伴奏	bànzòu	to accompany (musically)
7	13684	失灵	shīlíng	out of order (of machine)not working properlya failing (of a system)
7	13685	凝视	níngshì	to gaze atto fix one's eyes on
7	13694	木偶	mù'ǒu	puppet
7	13694	无赖	wúlài	hoodlumrascalroguerascally
7	13698	诉说	sùshuō	to recountto tell ofto relate(fig.) (of a thing) to stand as testament to (some past history)
7	13701	折叠	zhédié	to foldcollapsible, folding (bicycle, antenna, bed etc)
7	13702	重型	zhòngxíng	heavyheavy dutylarge caliber
7	13705	秘方	mìfāng	secret recipe
7	13706	轻而易举	qīng'éryìjǔ	easywith no difficulty
7	13708	地段	dìduàn	sectiondistrict
7	13710	吹牛	chuīniú	to talk big, to brag, to shoot off one's mouth(dialect) to chat idly
7	13713	掀	xiān	to lift (a lid)to rockto convulse
7	13714	盗版	dàobǎn	piratedillegal
7	13723	脾	pí	spleen
7	13733	顾及	gùjí	to take into considerationto attend to
7	13735	逼真	bīzhēn	lifeliketrue to lifedistinctlyclearly
7	13741	无偿	wúcháng	free, no charge, at no cost
7	13746	当日	dàngrì	that very daythe same day
7	13750	遵照	zūnzhào	in accordance withto follow (the rules)
7	13753	花瓣	huābàn	petal
7	13762	性情	xìngqíng	naturetemperament
7	13765	豆子	dòuzi	beanpea
7	13779	羞愧	xiūkuì	ashamed
7	13781	聘用	pìnyòng	to employto hire
7	13787	精品	jīngpǐn	quality goodspremium productfine work (of art)
7	13789	小看	xiǎokàn	to look down onto underestimate
7	13797	快活	kuàihuo	happycheerful
7	13811	轻视	qīngshì	contemptcontemptuousto despiseto scorn
7	13815	当众	dāngzhòng	in publicin front of everybody
7	13819	好意	hǎoyì	good intentionkindness
7	13825	光泽	guāngzé	lustergloss
7	13826	演练	yǎnliàn	to drill, to practice
7	13836	停顿	tíngdùn	to haltto break offpause (in speech)
7	13843	呐喊	nàhǎn	shoutrallying crycheeringto shout
7	13859	相继	xiāngjì	in successionfollowing closely
7	13862	发扬	fāyáng	to developto make full use of
7	13862	纵容	zòngróng	to tolerate or condone wrongdoing, to allow (sb) to engage in bad behavior
7	13863	分化	fēnhuà	to split apartdifferentiation
7	13870	拖累	tuōlěi	to encumberto be a burden onto implicate
7	13871	算计	suànji	to reckonto calculateto planto expect
7	13875	果真	guǒzhēn	reallyas expectedsure enoughif indeed
7	13875	鞠躬	jūgōng	to bow(literary) to bend down
7	13877	孕育	yùnyù	to be pregnantto produce offspringto nurture (a development, school of thought, artwork etc)fig. replete with (culture etc)
7	13882	悠闲	yōuxián	leisurelycarefreerelaxed
7	13888	依次	yīcì	in orderin succession
7	13892	专职	zhuānzhí	special dutyassigned full time to a task
7	13897	照耀	zhàoyào	to shineto illuminate
7	13900	闸	zhá	sluice, sluice gateto dam up water(coll.) brake(coll.) electric switch
7	13902	知足	zhīzú	content with one's situationto know contentment (hence happiness)
7	13908	前沿	qiányán	(military) forward positionfrontier, cutting-edge, forefront
7	13912	客机	kèjī	passenger plane
7	13914	适时	shìshí	timelyapt to the occasionin due course
7	13919	制约	zhìyuē	to restrictcondition
7	13920	加盟	jiāméng	(of a nation) to join an alliance, (of an athlete) to join a sports team, (of an entrepreneur) to join a franchise, (of an actor) to join the cast of a movie, (of a recording artist) to sign with a label
7	13921	凶猛	xiōngměng	fierceviolentferocious
7	13923	留心	liúxīn	to be careful, to pay attention to
7	13927	低谷	dīgǔ	valleytrough (as opposed to peaks)fig. low pointlowest ebb
7	13933	外貌	wàimào	profileappearance
7	13941	如实	rúshí	as things really arerealistic
7	13947	裁员	cáiyuán	to cut staffto lay off employees
7	13966	风范	fēngfàn	airmannermodelparagon
7	13971	弟子	dìzǐ	disciple, follower
7	13972	喷泉	pēnquán	fountain
7	13974	断绝	duànjué	to sever, to break off
7	13977	贯彻	guànchè	to implementto put into practiceto carry out
7	13978	谋生	móushēng	to seek one's livelihoodto work to support oneselfto earn a living
7	13980	灵敏	língmǐn	smartcleversensitivekeen
7	13990	名副其实	míngfùqíshí	not just in name only, but also in reality (idiom)aptly namedworthy of the name
7	14010	妥当	tuǒdang	appropriateproperready
7	14013	裸露	luǒlù	naked, bare, uncovered, exposed
7	14016	公约	gōngyuē	convention (i.e. international agreement)
7	14021	悬挂	xuánguà	to suspendto hang(vehicle) suspension
7	14024	拖欠	tuōqiàn	in arrearsbehind in paymentsto default on one's debts
7	14028	自发	zìfā	spontaneous
7	14034	垫底	diàndǐ	to put sth on the bottomto eat sth to tide oneself over until mealtimeto lay the foundationto come last in the rankings
7	14040	滚动	gǔndòng	to roll(to do sth) in a loopto scroll (computing)to progressively expand (economics)
7	14041	民用	mínyòng	(for) civilian use
7	14042	深沉	shēnchén	deepprofound(of a person) reservedundemonstrative
7	14044	民意	mínyì	public opinionpopular willpublic will
7	14052	惨重	cǎnzhòng	disastrous
7	14053	干劲	gànjìn	enthusiasm for doing sth
7	14056	扣留	kòuliú	to detain sb, to hold sb against their willto withhold (property, documents, funds etc)
7	14057	超标	chāobiāo	to cross the limitto be over the accepted normexcessive
7	14058	反面	fǎnmiàn	reverse sidebacksidethe other side (of a problem etc)negative
7	14058	免除	miǎnchú	to preventto avoidto excuseto exempt
7	14059	调料	tiáoliào	condimentseasoningflavoring
7	14059	掌管	zhǎngguǎn	in charge ofto control
7	14061	构想	gòuxiǎng	to conceiveconcept
7	14062	下游	xiàyóu	lower reaches (of a river)lower levellower echelondownstream
7	14072	忌	jì	to be jealous offeardreadscruple
7	14081	逝世	shìshì	to pass awayto die
7	14083	寡妇	guǎfu	widow
7	14088	沉着	chénzhuó	steadycalm and collectednot nervous
7	14094	摸索	mōsuo	to feel aboutto grope aboutto fumbleto do things slowly
7	14106	收买	shōumǎi	to purchase, to buyto bribe, to buy off
7	14109	款项	kuǎnxiàng	funds, a sum of money (for a particular purpose)item of a clause (in a legal document)
7	14111	能耐	néngnài	abilitycapability
7	14122	好似	hǎosì	to seemto be like
7	14122	通通	tōngtōng	allentirecomplete
7	14123	风波	fēngbō	disturbancecrisisdisputesrestlessness
7	14129	来历	láilì	historyantecedentsorigin
7	14134	仁慈	réncí	benevolentcharitablekindkindly
7	14135	寻觅	xúnmì	to look for
7	14136	没完没了	méiwánméiliǎo	without endincessantlyon and on
7	14138	废品	fèipǐn	production rejectssecondsscrapdiscarded material
7	14141	呼声	hūshēng	a shoutfig. opinion or demand, esp. expressed by a group
7	14151	盘旋	pánxuán	to spiralto circleto go aroundto hover
7	14159	杂交	zájiāo	to hybridizeto crossbreedpromiscuity
7	14160	开销	kāixiāo	to pay (expenses)expenses(old) to dismiss (an employee)
7	14163	招数	zhāoshù	move (in chess, on stage, in martial arts)gambittrickscheme
7	14168	沉闷	chénmèn	oppressive (of weather)heavydepressednot happy
7	14169	玩意	wányì	toyplaythingthingact
7	14170	微不足道	wēibùzúdào	(idiom) negligible, insignificant
7	14182	钦佩	qīnpèi	to admireto look up toto respect sb greatly
7	14183	收支	shōuzhī	cash flowfinancial balanceincome and expenditure
7	14186	反倒	fǎndào	(coll.) but on the contrary, but instead
7	14189	华人	Huárén	ethnic Chinese person or people
7	14194	书记	shūji	secretary (chief official of a branch of a socialist or communist party)clerkscribe
7	14195	拨款	bōkuǎn	to allocate fundsappropriation
7	14195	渗	shèn	to seepto oozeto horrify
7	14201	灌输	guànshū	to imbue withto inculcateto instill intoto teach
7	14207	蘸	zhàn	to dip in (ink, sauce etc)
7	14208	突破口	tūpòkǒu	breachgapbreakthrough point
7	14222	敬礼	jìnglǐ	to salutesalute
7	14224	劣质	lièzhì	shoddy, of poor quality
7	14227	透气	tòuqì	to flow freely (of air)to ventilateto breathe (of fabric etc)to take a breath of fresh air
7	14234	容貌	róngmào	one's appearanceone's aspectlooksfeatures
7	14235	桨	jiǎng	oar, paddle
7	14246	容许	róngxǔ	to permitto allow
7	14247	不由自主	bùyóuzìzhǔ	(idiom) can't help but, involuntarily
7	14247	疼爱	téng'ài	to love dearly, to dote on (sb)
7	14248	鲜活	xiānhuó	vivid, lively(of food ingredients) live or fresh
7	14265	得力	délì	ablecapablecompetentefficient
7	14273	诽谤	fěibàng	to slanderto libel
7	14275	先例	xiānlì	precedent
7	14278	直达	zhídá	to reach (a place) directly(transportation) to reach the destination without changing service or without stopping(of a train, flight etc) direct, nonstop
7	14286	譬如	pìrú	for example, for instance, such as
7	14289	吃亏	chīkuī	to suffer lossesto come to griefto lose outto get the worst of it
7	14292	论证	lùnzhèng	to prove a pointto expound onto demonstrate or prove (through argument)proof
7	14296	心胸	xīnxiōng	heartmindambitionaspiration
7	14301	输血	shūxuè	to transfuse bloodto give aid and support
7	14306	悼念	dàoniàn	to grieve
7	14307	焚烧	fénshāo	to burnto set on fire
7	14308	察看	chákàn	to watchto look carefully at
7	14312	纽带	niǔdài	tielinkbond
7	14314	竭尽全力	jiéjìnquánlì	(idiom) to spare no effort, to do one's utmost
7	14321	摆设	bǎishè	to set outto displayto furnish (a room or house)
7	14321	香料	xiāngliào	spiceflavoringcondimentperfume
7	14324	得体	détǐ	appropriate to the occasionfitting
7	14325	对峙	duìzhì	(of mountains etc) to stand facing each other(fig.) to confront each other
7	14328	苗条	miáotiao	(of a woman) slimslendergraceful
7	14329	自立	zìlì	independentself-reliantself-sustainingto stand on one's own feet
7	14334	濒临	bīnlín	on the edge of(fig.) on the verge ofclose to
7	14334	美化	měihuà	to make more beautifulto decorateembellishment
7	14358	屏障	píngzhàng	barrier
7	14364	煲	bāo	deep cooking potto cook slowly in such a pot
7	14374	偷懒	tōulǎn	to be lazy when effort is expected, to slack off
7	14377	出资	chūzī	to fundto put money into sthto invest
7	14386	厚道	hòudao	kind and honestgeneroussincere
7	14387	横向	héngxiàng	horizontalorthogonalperpendicularlateral
7	14394	挽	wǎn	to pullto draw (a cart or a bow)to roll upto coil
7	14398	就职	jiùzhí	to take office, to assume a post
7	14400	好在	hǎozài	luckilyfortunately
7	14403	升值	shēngzhí	to rise in valueto appreciate
7	14409	专长	zhuāncháng	specialtyspecial knowledge or ability
7	14411	高傲	gāo'ào	arroganthaughtyproud
7	14431	孵化	fūhuà	breedingto incubateinnovation (esp. in commerce and marketing)
7	14432	包扎	bāozā	to wrap upto packto bind up (a wound)
7	14433	冲浪	chōnglàng	to surfsurfing
7	14435	肩负	jiānfù	to shoulder (a burden)to bearto suffer (a disadvantage)
7	14439	陈旧	chénjiù	old-fashioned, out of date, obsolete, antiquated
7	14440	纪念碑	jìniànbēi	monument
7	14441	直视	zhíshì	to look straight at
7	14442	收留	shōuliú	to offer shelter, to have sb in one's care
7	14446	传单	chuándān	leaflet, flier, pamphlet
7	14451	分割	fēngē	to cut upto break up
7	14458	耽搁	dānge	to delay, to hold upto tarry, to stayto put off
7	14459	烟火	yānhuǒ	smoke and firecooked food(literary) beacon fire(literary) descendants, posterity
7	14483	表述	biǎoshù	to express, to articulate, to formulate
7	14491	回味	huíwèi	to call to mind and ponder overaftertaste
7	14501	顺畅	shùnchàng	smooth and unhinderedfluent
7	14515	曙光	shǔguāng	the first light of dawn(fig.) glimmer of hope after a dark period, a new beginning
7	14522	嫂子	sǎozi	(coll.) older brother's wife, sister-in-law
7	14528	胸膛	xiōngtáng	chest
7	14537	带队	dàiduì	to lead a teamto lead a groupgroup leader(tourism) tour guide
7	14542	血缘	xuèyuán	bloodline
7	14554	漫游	mànyóu	to travel aroundto roam(mobile telephony) roaming
7	14561	眯	mī	to narrow one's eyesto squint(dialect) to take a nap
7	14562	情调	qíngdiào	ambience, mood, flavor
7	14569	繁华	fánhuá	flourishingbustling
7	14585	上限	shàngxiàn	upper bound
7	14589	煽动	shāndòng	to inciteto instigate
7	14607	崇尚	chóngshàng	to hold up (as an model)to hold in esteemto revereto advocate
7	14607	记性	jìxing	memory (ability to retain information)
7	14611	渺小	miǎoxiǎo	minutetinynegligibleinsignificant
7	14616	姓氏	xìngshì	family name
7	14622	安逸	ānyì	easy and comfortableeasy
7	14622	出台	chūtái	to officially launch (a policy, program etc)to appear on stageto appear publicly(of a bar girl) to leave with a client
7	14622	牲畜	shēngchù	farm animal, livestock
7	14623	强项	qiángxiàng	key strengthstrong suitspecialty
7	14628	光盘	guāngpán	compact disc (CD), DVD, CD-ROM
7	14629	朦胧	ménglóng	(literary) (of moonlight) dim(literary) murky, indistinct
7	14630	立足	lìzú	to standto have a footingto be establishedto base oneself on
7	14639	钉子	dīngzi	nailsnagsaboteur
7	14646	打捞	dǎlāo	to salvageto dredgeto fish out (person or object from the sea)
7	14649	子孙	zǐsūn	offspringposterity
7	14652	施压	shīyā	to pressure
7	14661	交接	jiāojiē	(of two things) to come into contactto meetto hand over toto take over from
7	14666	耗费	hàofèi	to wasteto spendto consumeto squander
7	14676	福气	fúqi	good fortunea blessing
7	14680	受苦	shòukǔ	to suffer hardship
7	14686	明媚	míngmèi	bright and beautiful
7	14688	家政	jiāzhèng	housekeeping
7	14691	胡闹	húnào	to act willfully and make a sceneto make trouble
7	14692	践踏	jiàntà	to trample
7	14706	用意	yòngyì	intentionpurpose
7	14710	埋藏	máicáng	to buryto hide by buryinghidden
7	14712	迁移	qiānyí	to migrateto move
7	14714	窑	yáo	kilnovencoal pitcave dwelling
7	14718	路段	lùduàn	stretch of roadsection of a highway or railway
7	14722	流向	liúxiàng	direction of a currentdirection of flowto flow toward
7	14723	估算	gūsuàn	assessmentevaluation
7	14725	清澈	qīngchè	clear, limpid
7	14727	官僚	guānliáo	bureaucratbureaucracybureaucratic
7	14739	费劲	fèijìn	to require effortstrenuous
7	14765	光环	guānghuán	ring of light, halo, (fig.) glory, splendor
7	14775	没劲	méijìn	to have no strengthto feel weakexhaustedfeeling listless
7	14777	搬迁	bānqiān	to moveto relocateremoval
7	14786	花纹	huāwén	decorative design
7	14789	黑马	hēimǎ	dark horsefig. unexpected winner
7	14791	胡思乱想	húsīluànxiǎng	(idiom) to indulge in flights of fancy, to let one's imagination run wild
7	14797	寺庙	sìmiào	templemonasteryshrine
7	14805	高昂	gāo'áng	to hold (one's head) highexpensivehigh (spirits etc)
7	14822	无理	wúlǐ	irrationalunreasonable
7	14830	侵权	qīnquán	to infringe the rights ofto violateinfringement
7	14848	像样	xiàngyàng	presentabledecentup to par
7	14849	字体	zìtǐ	calligraphic styletypefacefont
7	14851	铸造	zhùzào	to cast (pour metal into a mold)
7	14861	冒犯	màofàn	to offend
7	14868	由衷	yóuzhōng	heartfeltsincereunfeigned
7	14870	就诊	jiùzhěn	to see a doctorto seek medical advice
7	14872	浸泡	jìnpào	to steepto soakto immerse
7	14872	三维	sānwéi	three-dimensional3D
7	14882	动弹	dòngtan	to budge
7	14883	自然界	zìránjiè	naturethe natural world
7	14884	交锋	jiāofēng	to cross swordsto have a confrontation (with sb)
7	14885	恰到好处	qiàdàohǎochù	it's just perfectit's just right
7	14901	藏匿	cángnì	to cover upto concealto go into hiding
7	14902	无关紧要	wúguānjǐnyào	indifferentinsignificant
7	14903	尺度	chǐdù	scaleyardstick
7	14904	梳理	shūlǐ	to combfig. to sort out
7	14907	攀升	pānshēng	to clamber up(of prices etc) to rise
7	14908	心得	xīndé	what one has learned (through experience, reading etc)knowledgeinsightunderstanding
7	14909	高额	gāo'é	high quotalarge amount
7	14912	转达	zhuǎndá	to pass onto conveyto communicate
7	14913	僵局	jiāngjú	impassedeadlock
7	14914	黏	nián	sticky, glutinous(Tw) to adhere, to stick on, to glue
7	14916	倡导	chàngdǎo	to advocateto initiateto proposeto be a proponent of (an idea or school of thought)
7	14918	定向	dìngxiàng	to orientatedirectionaldirectedorienteering
7	14918	私立	sīlì	privately-run, private (school, hospital etc)to set up illegally
7	14930	私营	sīyíng	privately-ownedprivate
7	14932	吊销	diàoxiāo	to suspend (an agreement)to revoke
7	14932	定做	dìngzuò	to have something made to order
7	14933	遏制	èzhì	to checkto containto hold backto keep within limits
7	14936	老乡	lǎoxiāng	fellow townsman, fellow villager, sb from the same hometown
7	14938	稳固	wěngù	stablesteadyfirmto stabilize
7	14942	索取	suǒqǔ	to askto demand
7	14949	延缓	yánhuǎn	to deferto postponeto put offto retard
7	14949	主体	zhǔtǐ	main partbulkbodysubject
7	14955	恭维	gōngwei	to compliment, to praise
7	14956	财经	cáijīng	finance and economics
7	14961	抨击	pēngjī	to attack (verbally or in writing)
7	14965	荒	huāng	desolateshortagescarceout of practice
7	14965	实物	shíwù	material objectconcrete objectoriginal objectin kind
7	14967	瞅	chǒu	(dialect) to look at
7	14968	摇篮	yáolán	cradle (for a baby)(fig.) cradle, birthplace (of a civilization, movement etc)
7	14974	昔日	xīrì	former daysin the past
7	14997	当务之急	dāngwùzhījí	(idiom) top priority job, a matter of the greatest urgency
7	14998	入场券	rùchǎngquàn	admission ticket, (fig.) qualification to enter a higher-level competition or field
7	15005	灵通	língtōng	fast and abundant (news)clevereffective
7	15006	受骗	shòupiàn	to be cheatedto be taken into be hoodwinked
7	15007	涮	shuàn	to rinse, to swish (in water)to trick, to fool sbto cook by dipping finely sliced ingredients briefly in boiling water or soup (generally done at the dining table)
7	15011	勾结	gōujié	to collude withto collaborate withto gang up with
7	15011	时节	shíjié	season, time
7	15013	揣	chuāi	to put into (one's pockets, clothes)
7	15026	宫廷	gōngtíng	court (of king or emperor)
7	15031	评定	píngdìng	to evaluateto make one's judgment
7	15034	良性	liángxìng	positive (in its effect)leading to good consequencesvirtuous(medicine) benign (tumor etc)
7	15043	图形	túxíng	picturefigurediagramgraph
7	15045	更衣室	gēngyīshì	change room, dressing room, locker room(euphemism) toilet
7	15045	主页	zhǔyè	home page
7	15045	作废	zuòfèi	to become invalidto cancelto deleteto nullify
7	15054	承载	chéngzài	to bear the weightto sustain
7	15055	功率	gōnglǜ	power (rate of doing work, measured in watts)
7	15059	国有	guóyǒu	nationalizedpublicgovernment ownedstate-owned
7	15063	碰巧	pèngqiǎo	by chanceby coincidenceto happen to
7	15065	导向	dǎoxiàng	to be oriented towardsorientation
7	15069	欠缺	qiànquē	to be deficient inlapsedeficiency
7	15070	猩猩	xīngxing	orangutan(slang) dialect speaker whose speech is corrupted by Standard Mandarin
7	15079	交替	jiāotì	to replacealternately, in turn
7	15079	媒介	méijiè	intermediaryvehiclevectormedium
7	15094	迟疑	chíyí	to hesitate
7	15109	着重	zhuózhòng	to put emphasis on, to stress
7	15115	惋惜	wǎnxī	to regretto feel that it is a great pityto feel sorry for sb
7	15123	价位	jiàwèi	price level
7	15126	缠绕	chánrào	twistingto twineto windto pester
7	15129	汇聚	huìjù	convergenceto come together
7	15130	撰写	zhuànxiě	to writeto compose
7	15140	宣泄	xuānxiè	to drain (by leading off water)to unburden oneselfto divulgeto leak a secret
7	15147	上岗	shànggǎng	to take up one's post, to go on dutyto take up a job
7	15158	教养	jiàoyǎng	to educate, to bring up, to nurtureupbringing, breeding, culture
7	15162	透支	tòuzhī	(banking) to overdrawto take out an overdraftan overdraftto overspend (i.e. expenditure in excess of revenue)
7	15170	杂技	zájì	acrobatics
7	15174	秃	tū	bald (lacking hair or feathers)barren, bare, denudedblunt (lacking a point)(of a piece of writing) unsatisfactory, lacking something
7	15199	液晶	yèjīng	liquid crystal
7	15207	响亮	xiǎngliàng	loud and clear, resounding
7	15212	附带	fùdài	supplementaryincidentallyin parenthesesby chance
7	15219	咀嚼	jǔjué	to chewto think over
7	15238	开发商	kāifāshāng	developer (of real estate, a commercial product etc)
7	15240	更正	gēngzhèng	to correctto make a correction
7	15242	风水	fēngshuǐ	feng shuigeomancy
7	15243	磨难	mónàn	a tormenta trialtribulationa cross (to bear)
7	15246	幸存	xìngcún	to survive (a disaster)
7	15251	乃至	nǎizhì	and even, to go so far as to
7	15251	乞讨	qǐtǎo	to begto go begging
7	15254	耸	sǒng	to exciteto raise upto shrughigh
7	15256	转折	zhuǎnzhé	shift in the trend of eventsturnaroundplot shift in a bookturn in the conversation
7	15263	跨国	kuàguó	transnationalmultinational
7	15265	总和	zǒnghé	sum
7	15269	章程	zhāngchéng	rulesregulationsconstitutionstatute
7	15272	劳累	láolèi	tiredexhaustedworn outto toil
7	15273	刑法	xíngfǎ	criminal law
7	15274	口子	kǒuzi	holeopeningcutgap
7	15276	体质	tǐzhì	(a person's) constitution, underlying physical condition, physical makeup(of an organization, society etc) structural soundness
7	15281	算数	suànshù	to count numbersto keep to one's wordto hold (i.e. to remain valid)to count (i.e. to be important)
7	15281	阻拦	zǔlán	to stopto obstruct
7	15283	丛	cóng	clustercollectioncollection of booksthicket
7	15306	取笑	qǔxiào	to tease, to make fun of
7	15306	子弟	zǐdì	childthe younger generation
7	15320	动荡	dòngdàng	unrest (social or political)turmoilupheavalcommotion
7	15322	嗜好	shìhào	hobby, indulgence, habit, addiction
7	15332	沿途	yántú	along the sides of the roadby the wayside
7	15338	腥	xīng	fishy (smell)
7	15343	外汇	wàihuì	foreign (currency) exchange
7	15351	摘要	zhāiyào	summaryabstract
7	15352	唤起	huànqǐ	to waken (to action)to rouse (the masses)to evoke (attention, recollection etc)
7	15353	和睦	hémù	peaceful relationsharmonious
7	15355	毅力	yìlì	perseverancewillpower
7	15356	去处	qùchù	placedestination
7	15359	慌乱	huāngluàn	frenetichurried
7	15369	爱戴	àidài	to love and respectlove and respect
7	15370	功力	gōnglì	meritefficacycompetenceskill
7	15377	霸道	bàdào	the Way of the Hegemondespotic rulerule by mightevil as opposed to the Way of the King
7	15377	仓促	cāngcù	all of a suddenhurriedly
7	15382	诚挚	chéngzhì	sincerecordial
7	15387	粗鲁	cūlǔ	coarsecrude (in one's manner)boorish
7	15387	照常	zhàocháng	as usual
7	15402	堆积	duījī	to pile upto heapaccumulation
7	15404	慌张	huāngzhāng	flusteredagitated
7	15406	致富	zhìfù	to become rich
7	15411	无话可说	wúhuàkěshuō	to have nothing to say (idiom)
7	15418	凑合	còuhe	to bring togetherto make do in a bad situationto just get byto improvise
7	15419	破旧	pòjiù	shabby
7	15420	顶多	dǐngduō	at mostat best
7	15423	印章	yìnzhāng	sealsignetchopstamp
7	15426	承包	chéngbāo	to contractto undertake (a job)
7	15427	职能	zhínéng	functionrole
7	15431	波浪	bōlàng	wave
7	15438	定金	dìngjīn	down paymentadvance payment
7	15445	提防	dīfang	to guard againstto be vigilantwatch you don't (slip)
7	15452	侵占	qīnzhàn	to invade and occupy (territory)
7	15453	观摩	guānmó	to observe and emulateto study (esp. following sb's example)
7	15454	过道	guòdào	passagewaycorridoraisle
7	15457	相通	xiāngtōng	interlinkedconnectedcommunicatingin communication
7	15462	得当	dédàng	appropriatesuitable
7	15464	偏远	piānyuǎn	remotefar from civilization
7	15465	忙活	mánghuo	to be really busypressing business
7	15469	带路	dàilù	to lead the way, to guide, to show the way(fig.) to instruct
7	15469	精细	jīngxì	finemeticulouscareful
7	15474	行家	hángjiā	connoisseur, expert, veteran
7	15475	墨水	mòshuǐ	ink
7	15477	格局	géjú	structurepatternlayout
7	15508	咽喉	yānhóu	throat
7	15514	敬爱	jìng'ài	to respect and love, to hold in high esteem
7	15524	看护	kānhù	to nurseto look afterto watch over(old) hospital nurse
7	15531	点缀	diǎnzhuì	to decorateto adornsprinkledstudded
7	15531	礼堂	lǐtáng	assembly hall, auditorium
7	15534	作物	zuòwù	crop
7	15536	抠	kōu	to dig, to pick, to scratch (with a finger or sth pointed)to carve, to cutto study meticulouslystingy, miserly
7	15544	合乎	héhū	to accord with, to conform to
7	15544	觉醒	juéxǐng	to awakento come to realizeawakened to the truththe truth dawns upon one
7	15547	家禽	jiāqín	poultrydomestic fowl
7	15555	岳父	yuèfù	wife's father, father-in-law
7	15557	选用	xuǎnyòng	to choose for some purposeto select and use
7	15560	动身	dòngshēn	to go on a journeyto leave
7	15561	督促	dūcù	to supervise and urge completion of a taskto urge on
7	15567	滞留	zhìliú	(of a person) to remain in (a place) (due to circumstances that prevent one leaving), to be stranded(of sth that would typically dissipate, e.g. floodwater, pollutants) to remain, to linger
7	15571	颓废	tuífèi	decadentdispiriteddepresseddejected
7	15579	时而	shí'ér	occasionally, from time to time
7	15581	盛开	shèngkāi	bloomingin full flower
7	15583	柱子	zhùzi	pillar
7	15586	周密	zhōumì	careful, thorough, meticulous
7	15593	偷窥	tōukuī	to peepto peekto act as voyeur
7	15602	机智	jīzhì	quick-wittedresourceful
7	15604	必不可少	bìbùkěshǎo	absolutely necessaryindispensableessential
7	15606	新式	xīnshì	new style, latest type
7	15613	倘若	tǎngruò	if, supposing, in case
7	15613	烟囱	yāncōng	chimney, smokestack, stovepipe
7	15617	素食	sùshí	vegetarian foodto eat a vegetarian diet
7	15621	报废	bàofèi	to scrap, to dispose of (sth worn-out or damaged)
7	15623	试点	shìdiǎn	test pointto carry out trialpilot scheme
7	15626	纺织	fǎngzhī	spinning and weaving
7	15629	丑恶	chǒu'è	uglyrepulsive
7	15630	闹事	nàoshì	to cause troubleto create a disturbance
7	15631	年薪	niánxīn	annual salary
7	15634	梯子	tīzi	ladder, stepladder(Internet slang) VPN or other tool used to circumvent internet censorship
7	15654	剧目	jùmù	theatrical piece (play or opera)repertoirelist of plays or operas
7	15677	家用	jiāyòng	home-usedomesticfamily expenseshousekeeping money
7	15685	准许	zhǔnxǔ	to allowto grantto permit
7	15697	看管	kānguǎn	to look after
7	15697	时时	shíshí	oftenconstantly
7	15698	简陋	jiǎnlòu	simple and crude
7	15699	重叠	chóngdié	to overlapto superimposeto telescopeto run together
7	15701	只管	zhǐguǎn	solely engrossed in one thingjust (one thing, no need to worry about the rest)simplyby all means
7	15711	压倒	yādǎo	to overwhelmto overpoweroverwhelming
7	15711	曰	yuē	to speakto say
7	15715	嫌弃	xiánqì	to regard with disdain, to shun
7	15719	基层	jīcéng	basic levelgrassroots unitbasement layer
7	15725	栽培	zāipéi	to growto cultivateto trainto educate
7	15731	灌溉	guàngài	to irrigate
7	15733	归结	guījié	to sum up, to conclude, to put in a nutshellconclusion, end (of a story etc)
7	15735	平日	píngrì	ordinary dayeverydayordinarilyusually
7	15738	参见	cānjiàn	to refer tocompare (cf.)to pay respect to
7	15744	向导	xiàngdǎo	guide
7	15746	无家可归	wújiākěguī	(idiom) homeless
7	15754	敷衍	fūyǎn	to elaborate (on a theme)to expound (the classics)perfunctoryto skimp
7	15766	恳求	kěnqiú	to begto beseechto entreatentreaty
7	15769	批发	pīfā	wholesalebulk tradedistribution
7	15774	可贵	kěguì	to be treasuredpraiseworthy
7	15782	松弛	sōngchí	to relaxrelaxedlimplax
7	15788	路途	lùtú	(lit. and fig.) roadpath
7	15793	运算	yùnsuàn	to perform calculations(mathematical) operation
7	15794	张贴	zhāngtiē	to post (a notice)to advertise
7	15795	湿润	shīrùn	moist
7	15818	致辞	zhìcí	to express in words or writingto make a speech (esp. short introduction, vote of thanks, afterword, funeral homily etc)to address (an audience)same as
7	15821	文盲	wénmáng	illiterate
7	15829	瓦解	wǎjiě	to collapse, to disintegrate, to crumbleto disrupt, to break up
7	15832	腐朽	fǔxiǔ	rottendecayeddecadentdegenerate
7	15845	厄运	èyùn	bad luckmisfortuneadversity
7	15847	误差	wùchā	differenceerrorinaccuracy
7	15852	后遗症	hòuyízhèng	(medicine) sequelaeresidual effects(fig.) repercussionsaftermath
7	15855	力求	lìqiú	to make every effort tostriving to do one's best
7	15869	接力	jiēlì	relay
7	15871	消遣	xiāoqiǎn	to while the time awayamusementpastimerecreation
7	15871	忠心	zhōngxīn	good faithdevotionloyaltydedication
7	15873	含糊	hánhu	ambiguousvaguecarelessperfunctory
7	15880	情谊	qíngyì	friendship, camaraderie
7	15884	造假	zàojiǎ	to counterfeitto pass off a fake as genuine
7	15885	谎话	huǎnghuà	lie
7	15889	虚幻	xūhuàn	imaginaryillusory
7	15896	泻	xiè	to flow out swiftlyto flooda torrentdiarrhea
7	15904	会诊	huìzhěn	consultation (medical)to meet for diagnosis(by extension) consultation of different specialists
7	15910	攀登	pāndēng	to climbto pull oneself upto clamberto scale
7	15922	沼泽	zhǎozé	marshswampwetlandsglade
7	15926	诱发	yòufā	to induceto causeto elicitto trigger
7	15953	颠簸	diānbǒ	to be jolted around (car on a bumpy road, boat on a rough sea, aircraft experiencing turbulence)(fig.) to undergo a rough experience
7	15953	歪曲	wāiqū	to distortto misrepresent
7	15961	生平	shēngpíng	life (a person's whole life)in one's entire life
7	15977	动不动	dòngbudòng	apt to (lose one's temper, catch a cold etc)at the drop of a hat
7	15978	知识分子	zhīshifènzǐ	intellectual, intelligentsia
7	15992	突如其来	tūrúqílái	to arise abruptlyto arrive suddenlyhappening suddenly
7	15992	疑点	yídiǎn	a doubtful point
7	15998	固然	gùrán	admittedly (it's true that...)
7	15998	嗅觉	xiùjué	sense of smell
7	16000	安眠药	ānmiányào	sleeping pill
7	16008	千方百计	qiānfāngbǎijì	lit. thousand ways, a hundred plans (idiom), by every possible means
7	16009	接班人	jiēbānrén	successor
7	16020	连夜	liányè	that very nightthrough the nightfor several nights in a row
7	16022	拐杖	guǎizhàng	crutchescrutchwalking stick
7	16028	军舰	jūnjiàn	warshipmilitary naval vessel
7	16031	幻影	huànyǐng	phantommirage
7	16036	醒悟	xǐngwù	to come to oneselfto come to realizeto come to see the truthto wake up to reality
7	16038	次日	cìrì	next daythe morrow
7	16045	落实	luòshí	practicalworkableto implementto carry out
7	16046	摆动	bǎidòng	to swayto swingto move back and forthto oscillate
7	16049	实况	shíkuàng	live (e.g. broadcast or recording)what is actually happeningscenethe real situation
7	16061	禁不住	jīnbuzhù	can't help itcan't bear it
7	16069	田野	tiányě	fieldopen land
7	16083	凄凉	qīliáng	mournful, miserable
7	16091	摧残	cuīcán	to ravageto ruin
7	16093	汇集	huìjí	to collectto compileto converge
7	16103	抢夺	qiǎngduó	to plunderto pillageto forcibly take
7	16107	旨在	zhǐzài	to have as its purposeto be intended toto aim to (do sth)
7	16108	界定	jièdìng	definitionto delimit
7	16115	出发点	chūfādiǎn	starting point(fig.) basis, motive
7	16116	螺丝	luósī	screw
7	16127	炉子	lúzi	stoveovenfurnace
7	16136	新陈代谢	xīnchéndàixiè	metabolism (biology)the new replaces the old (idiom)
7	16137	力争	lìzhēng	to work hard forto do all one canto contend strongly
7	16155	英明	yīngmíng	wisebrilliant
7	16161	实话实说	shíhuàshíshuō	to tell the truthto tell it as it is
7	16166	或多或少	huòduōhuòshǎo	more or less
7	16170	捶	chuí	to beat (with a stick or one's fist), to thump, to pound
7	16172	爆竹	bàozhú	firecracker
7	16183	填充	tiánchōng	to fill up, to stuffto fill in a blank space
7	16184	法人	fǎrén	legal personcorporation
7	16188	一动不动	yīdòngbùdòng	motionless
7	16190	诱饵	yòu'ěr	bait
7	16192	顺心	shùnxīn	happysatisfactory
7	16197	筛	shāi	(bound form) a sieveto sieve, to sift, to filterto eliminate through selectionto warm a pot of rice wine (over a fire or in hot water)
7	16205	相约	xiāngyuē	to agree (on a meeting place, date etc)to reach agreementto make an appointment
7	16207	羞耻	xiūchǐ	(a feeling of) shame
7	16213	交情	jiāoqing	friendshipfriendly relations
7	16213	洁净	jiéjìng	cleanto cleanse
7	16220	连任	liánrèn	to continue in (a political) officeto serve for another term of office
7	16229	应酬	yìngchou	to engage in social activities, to socializedinner party, banquet, social engagement
7	16233	偏差	piānchā	biasdeviation
7	16234	稻草	dàocǎo	rice straw
7	16240	吝啬	lìnsè	stingy, mean, miserly
7	16243	惊动	jīngdòng	to alarmto startleto disturb
7	16248	凶狠	xiōnghěn	cruelviciousfierce and maliciousvengeful
7	16248	陨石	yǔnshí	meteoriteaerolite
7	16250	急躁	jízào	irritable, irascibleimpetuous
7	16250	偏向	piānxiàng	partial towards sthto preferto inclineerroneous tendencies (Leftist or Revisionist deviation)
7	16253	间隙	jiànxì	intervalgapclearance
7	16255	抗衡	kànghéng	to compete withto vie withto counter
7	16257	存折	cúnzhé	passbookbankbook
7	16260	担负	dānfù	to shoulderto bearto undertake
7	16266	狼狈	lángbèi	in a difficult situationto cut a sorry figurescoundrel! (derog.)
7	16273	在职	zàizhí	to be employedto be in poston-the-job
7	16276	违约	wéiyuē	to break a promiseto violate an agreementto default (on a loan or contract)
7	16291	银幕	yínmù	movie screen
7	16294	无所事事	wúsuǒshìshì	to have nothing to doto idle one's time away (idiom)
7	16304	感触	gǎnchù	one's thoughts and feelingsemotional stirringmovedtouched
7	16304	盛行	shèngxíng	to be in vogue, to be popular, to be prevalent
7	16306	抒情	shūqíng	to express emotionlyric
7	16308	不正之风	bùzhèngzhīfēng	unhealthy tendency
7	16317	真挚	zhēnzhì	sinceresincerity
7	16337	交集	jiāojí	(of diverse emotions) to occur simultaneously, to interminglecommon ground, points of commonality, overlap, connectioninteraction, dealings(math.) (set theory) intersection
7	16341	糟蹋	zāotà	to waste, to spoilto ruin, to wreckto insult, to humiliateto defile (a woman), to rape
7	16343	打猎	dǎliè	to go hunting
7	16344	痛心	tòngxīn	grievedpained
7	16347	告辞	gàocí	to say goodbyeto take one's leave
7	16350	理睬	lǐcǎi	to heedto pay attention to
7	16352	效益	xiàoyì	benefiteffectivenessefficiency
7	16355	害虫	hàichóng	injurious insectpest
7	16362	提炼	tíliàn	to extract (ore, minerals etc)to refineto purifyto process
7	16362	停滞	tíngzhì	stagnationat a standstillbogged down
7	16373	摆平	bǎipíng	to be fairto be impartialto settle (a matter etc)
7	16379	屡	lǚ	time and againrepeatedlyfrequently
7	16392	清静	qīngjìng	quietpeaceful and quiet
7	16397	喘息	chuǎnxī	to gasp for breathto take a breather
7	16397	转折点	zhuǎnzhédiǎn	turning pointbreaking point
7	16400	恰巧	qiàqiǎo	by chance, as chance would have it
7	16412	管教	guǎnjiào	to disciplineto teachto guarantee
7	16414	合计	héjì	to add up the totalto figure what sth amounts toto consider
7	16448	专人	zhuānrén	specialistperson appointed for specific task
7	16449	天分	tiānfèn	natural gifttalent
7	16454	重创	zhòngchuāng	to inflict heavy losses, to inflict serious damage
7	16455	频频	pínpín	repeatedlyagain and againcontinuouslyconstantly
7	16462	缅怀	miǎnhuái	to commemorateto recall fondlyto think of the past
7	16470	拆迁	chāiqiān	to demolish a building and relocate the inhabitants
7	16470	取而代之	qǔ'érdàizhī	(idiom) to replace, to supersede, to take its (or her etc) place
7	16471	后裔	hòuyì	descendant
7	16473	饱满	bǎomǎn	fullplump
7	16474	稀罕	xīhan	rare, uncommonrare thing, rarityto value as a rarity, to cherish
7	16474	汹涌	xiōngyǒng	to surge up violently (of ocean, river, lake etc)turbulent
7	16490	尖端	jiānduān	sharp pointed endthe tipthe cusptip-top
7	16502	气压	qìyā	atmospheric pressurebarometric pressure
7	16505	限定	xiàndìng	to restrict toto limit
7	16510	少不了	shǎobuliǎo	cannot do withoutto be unavoidableare bound to be many
7	16511	念念不忘	niànniànbùwàng	to keep in mind constantly (idiom)
7	16527	乌云	wūyún	black cloud
7	16537	贝壳	bèiké	shell (of a mollusk)
7	16542	绷带	bēngdài	(loanword) bandage
7	16548	萧条	xiāotiáo	bleak, desolate(economics) in a slump, sluggish, depressed
7	16551	架势	jiàshi	attitudeposition (on an issue etc)
7	16557	内地	nèidì	inlandinteriorhinterland
7	16558	先天	xiāntiān	embryonic periodinborn, innate, natural
7	16560	无动于衷	wúdòngyúzhōng	aloofindifferentunconcerned
7	16561	记号	jìhao	marksymbolnotationseal
7	16564	溜达	liūda	to strollto go for a walk
7	16567	参谋	cānmóu	staff officerto give advice
7	16569	保鲜	bǎoxiān	to keep fresh, to preserve freshness
7	16569	淌	tǎng	to dripto trickleto shed (tears)
7	16574	感叹	gǎntàn	to sigh (with feeling)to lament
7	16576	碑	bēi	a monumentan upright stone tabletstele
7	16580	传记	zhuànjì	biography
7	16589	爽快	shuǎngkuai	refreshedrejuvenatedfrank and straightforward
7	16594	捧场	pěngchǎng	to show one's support for a performer or theatrical troupe etc by attending their show, to attend an event to cheer on the participantsto patronize a restaurant or storeto sing the praises of
7	16596	言辞	yáncí	wordsexpressionwhat one says
7	16602	倔强	juéjiàng	stubborn, obstinate, unbending
7	16612	血脉	xuèmài	blood vessels
7	16613	煤炭	méitàn	coal
7	16615	名著	míngzhù	masterpiece
7	16619	枪毙	qiāngbì	to execute by firing squadto shoot deadfig. to discardto get rid of
7	16631	大体	dàtǐ	in general, more or less, in rough terms, basically, on the wholeoverall situation, the big picturecadaver for dissection in training medical students
7	16657	大惊小怪	dàjīngxiǎoguài	to make a fuss about nothing (idiom)
7	16659	渔民	yúmín	fishermanfisher folk
7	16674	财力	cáilì	financial resources
7	16681	核能	hénéng	nuclear energy
7	16692	史无前例	shǐwúqiánlì	(idiom) unprecedented in history
7	16697	迁徙	qiānxǐ	to migrateto move
7	16716	扎实	zhāshi	strongsolidsturdyfirm
7	16718	壁画	bìhuà	mural (painting)fresco
7	16720	眼界	yǎnjiè	(lit. and fig.) field of vision, scope, horizon
7	16722	锈	xiù	to rust
7	16725	肖像	xiàoxiàng	portrait (painting, photo etc)(in a general sense) representation of a personlikeness
7	16728	不景气	bùjǐngqì	slackin a slump
7	16732	得失	déshī	gains and lossessuccess and failuremerits and demerits
7	16732	过问	guòwèn	to show an interest into get involved with
7	16737	超前	chāoqián	to be ahead of one's timeto surpass or outdo one's predecessorsto be ahead of the packto take the lead
7	16739	解体	jiětǐ	to break up into componentsto disintegrateto collapseto crumble
7	16744	窃取	qièqǔ	to steal (usu. private information, intellectual property etc)
7	16755	祭祀	jìsì	to offer sacrifices to the gods or ancestors
7	16759	现成	xiànchéng	ready-madereadily available
7	16762	天平	tiānpíng	scales (to weigh things)
7	16765	问世	wènshì	to be publishedto come out
7	16781	吃力	chīlì	to entail strenuous effortto toil at a taskstrenuouslaborious
7	16781	赤字	chìzì	(financial) deficitred letter
7	16782	公证	gōngzhèng	to notarize, notarization
7	16801	辫子	biànzi	plaitbraidpigtaila mistake or shortcoming that may be exploited by an opponent
7	16801	气色	qìsè	complexion
7	16802	口罩	kǒuzhào	mask (surgical etc)
7	16811	抵消	dǐxiāo	to counteractto cancel outto offset
7	16822	别致	biézhì	unusual, unique
7	16824	赞叹	zàntàn	to exclaim in admiration
7	16826	里程碑	lǐchéngbēi	milestone
7	16844	健壮	jiànzhuàng	robusthealthysturdy
7	16844	留神	liúshén	to take careto be careful
7	16849	搭建	dājiàn	to build (esp. with simple materials)to knock together (a temporary shed)to rig up
7	16862	质地	zhìdì	texturebackground (texture)grainquality
7	16863	成型	chéngxíng	to become shapedto become formed
7	16865	椰子	yēzi	a coconut palma coconut
7	16875	公用	gōngyòng	publicfor public use
7	16884	歼灭	jiānmiè	to wipe outto crushto annihilate
7	16893	调试	tiáoshì	to debugto adjust components during testingdebugging
7	16897	悔恨	huǐhèn	remorserepentance
7	16902	介于	jièyú	betweenintermediateto lie between
7	16909	机灵	jīling	alert, quick-witted, lively
7	16921	品德	pǐndé	moral character
7	16925	刊物	kānwù	publication
7	16934	端正	duānzhèng	uprightregularpropercorrect
7	16940	互补	hùbǔ	complementaryto complement each other
7	16941	领略	lǐnglüè	to have a taste ofto realizeto appreciate
7	16951	次要	cìyào	secondary
7	16953	冷落	lěngluò	desolateunfrequentedto treat sb coldlyto snub
7	16971	安详	ānxiáng	serene
7	16982	执意	zhíyì	to be determined toto insist on
7	16984	坛	tán	altarplatform, rostrum(bound form) (sporting, literary etc) circles, world
7	16987	官兵	guānbīng	(military) officers and soldiersofficers and men(old) government troops
7	16992	赛跑	sàipǎo	race (running)to race (running)
7	17014	杠杆	gànggǎn	leverpry barcrowbarfinancial leverage
7	17027	墓碑	mùbēi	gravestonetombstone
7	17033	鞭炮	biānpào	firecrackersstring of small firecrackers
7	17034	涵盖	hángài	to coverto compriseto include
7	17034	筐	kuāng	basket
7	17036	专制	zhuānzhì	autocracydictatorship
7	17039	放肆	fàngsì	wantonunbridledpresumptuousimpudent
7	17057	私事	sīshì	personal matters
7	17065	元老	yuánlǎo	senior figure, doyen, founding member, veteran
7	17067	幸免	xìngmiǎn	to avoid (an unpleasant fate)
7	17071	紧凑	jǐncòu	compacttersetight (schedule)
7	17114	低迷	dīmí	blurred (landscape etc)low (spirits)in a slump (economy)
7	17123	不定	bùdìng	indefiniteindeterminate(botany) adventitious
7	17129	公墓	gōngmù	public cemetery
7	17135	深思	shēnsī	to ponderto consider
7	17138	发怒	fānù	to get angry
7	17141	稳重	wěnzhòng	steadyearneststaid
7	17143	殿堂	diàntáng	palacehalltemple buildings
7	17146	晚年	wǎnnián	one's later years
7	17149	仇人	chóurén	foeone's personal enemy
7	17154	攻克	gōngkè	to captureto taketo overcometo solve
7	17154	沿岸	yán'àn	coastal arealittoral or riparian
7	17160	汇合	huìhé	confluenceto convergeto jointo fuse
7	17180	物证	wùzhèng	material evidence
7	17181	坐落	zuòluò	to be situatedto be located (of a building)
7	17182	狭小	xiáxiǎo	narrow
7	17190	瘫	tān	paralyzed
7	17191	草率	cǎoshuài	carelessnegligentsloppynot serious
7	17193	隐约	yǐnyuē	vague, faint, indistinct
7	17196	霸占	bàzhàn	to occupy by forceto seizeto dominate
7	17198	呼救	hūjiù	to call for help
7	17200	相提并论	xiāngtíbìnglùn	to discuss two disparate things together (idiom), to mention on equal termsto place on a par with(often with negatives: impossible to mention X in the same breath as Y)
7	17203	笨拙	bènzhuō	clumsyawkwardstupid
7	17205	尤为	yóuwéi	especially
7	17209	序幕	xùmù	prologue
7	17210	抄袭	chāoxí	to plagiarizeto copyto attack the flank or rear of an enemy
7	17217	常理	chánglǐ	common senseconventional reasoning and morals
7	17227	气泡	qìpào	bubbleblister (in metal)(of beverages) sparklingcarbonated
7	17234	桑拿	sāngná	(loanword) sauna
7	17242	委婉	wěiwǎn	tactfuleuphemistic(of voice etc) suavesoft
7	17246	坚韧	jiānrèn	tough and durabletenacious
7	17252	防盗	fángdào	to guard against theftanti-theft
7	17256	不见得	bùjiànde	not necessarilynot likely
7	17259	不解	bùjiě	to not understandto be puzzled byindissoluble
7	17259	阀门	fámén	valve (mechanical)
7	17262	契机	qìjī	opportunity, turning point
7	17263	对得起	duìdeqǐ	not to let sb downto treat sb fairlybe worthy of
7	17271	齐心协力	qíxīnxiélì	to work with a common purpose (idiom), to make concerted effortsto pull togetherto work as one
7	17272	顺从	shùncóng	obedientto complyto submitto defer
7	17275	休想	xiūxiǎng	don't think (that)don't imagine (that)
7	17278	叹气	tànqì	to sighto heave a sigh
7	17288	凿	záo	(bound form) chiselto bore a hole, to chisel, to dig(literary) certain, authentic, irrefutable
7	17291	瓶颈	píngjǐng	neck of a bottle(fig.) bottleneckproblem that impedes progress
7	17303	累计	lěijì	to calculate the running totalcumulativethe totalin total
7	17306	止步	zhǐbù	to haltto stopto go no farther
7	17310	水龙头	shuǐlóngtóu	faucettap
7	17311	床位	chuángwèi	bed (in hospital, hotel, train etc)berthbunk
7	17311	征集	zhēngjí	to collectto recruit
7	17312	见效	jiànxiào	to produce the intended effect, to achieve the desired result
7	17342	措手不及	cuòshǒubùjí	no time to deal with it (idiom), caught unprepared
7	17344	拓宽	tuòkuān	to broaden
7	17351	罢休	bàxiū	to give upto abandon (a goal etc)to let sth goforget it
7	17352	手帕	shǒupà	handkerchief
7	17356	征收	zhēngshōu	to levy (a tax)to expropriate
7	17358	小费	xiǎofèi	tipgratuity
7	17364	稳健	wěnjiàn	firmstable and steady
7	17369	确凿	quèzáo	definiteconclusiveundeniableauthentic
7	17374	历来	lìlái	alwaysthroughout (a period of time)(of) all-time
7	17375	就任	jiùrèn	to take officeto assume a post
7	17407	淀粉	diànfěn	starch, amylum (C6H10O5)n
7	17412	牵制	qiānzhì	to controlto curbto restrictto impede
7	17413	达标	dábiāo	to reach a set standard
7	17425	变迁	biànqiān	changesvicissitudes
7	17435	冤	yuān	injusticegrievancewrong
7	17443	属性	shǔxìng	attributeproperty
7	17447	充沛	chōngpèi	abundant, plentiful
7	17452	简要	jiǎnyào	concisebrief
7	17454	自力更生	zìlìgēngshēng	regeneration through one's own effort (idiom)self-reliance
7	17459	阶梯	jiētī	flight of steps(fig.) stepping stone, way to reach the goal of
7	17462	藏品	cángpǐn	museum piececollector's itemprecious object
7	17479	毯子	tǎnzi	blanket
7	17501	港湾	gǎngwān	bay serving as a harbor
7	17507	中性	zhōngxìng	neutral
7	17511	忧愁	yōuchóu	to be worried
7	17522	跳伞	tiàosǎn	to parachuteto bail outparachute jumping
7	17531	核电站	hédiànzhàn	nuclear power plant
7	17534	催促	cuīcù	to urge
7	17548	头条	tóutiáo	lead story (on the news)
7	17552	唯独	wéidú	onlyjust (i.e. it is only that...)all exceptunique
7	17560	自始至终	zìshǐzhìzhōng	from start to finish (idiom)
7	17568	回升	huíshēng	to rise again after a fallto pick uprally (stock market etc)
7	17571	孝顺	xiàoshùn	filialdutifuldevoted to one's parents (and grandparents etc)to show filial piety towards (an older family member)
7	17575	宽广	kuānguǎng	widebroadextensivevast
7	17575	嘱咐	zhǔfu	to urge, to exhort
7	17578	胸怀	xiōnghuái	one's bosom (the seat of emotions)breastbroad-minded and opento think about
7	17578	学说	xuéshuō	theorydoctrine
7	17583	并购	bìnggòu	merger and acquisition (M and A)acquisitionto take over
7	17615	抵触	dǐchù	to conflictto contradict
7	17616	避难	bìnàn	to take refuge, to seek asylum
7	17616	矛头	máotóu	spearheadbarban attack or criticism
7	17618	太极	Tàijí	the Absolute or Supreme Ultimate, the source of all things according to some interpretations of Chinese mythology
7	17628	唾液	tuòyè	saliva
7	17629	甘心	gānxīn	to be willing toto resign oneself to
7	17636	转眼	zhuǎnyǎn	in a flashin the blink of an eyeto glance
7	17658	进修	jìnxiū	to undertake advanced studiesto take a refresher course
7	17662	媲美	pìměi	to matchis comparable with
7	17666	盘算	pánsuàn	to plotto schemeto calculate
7	17672	纽扣	niǔkòu	button
7	17673	平坦	píngtǎn	levelevensmoothflat
7	17687	权衡	quánhéng	to considerto weigh (a matter)to balance (pros and cons)
7	17692	新潮	xīncháo	modernfashionable
7	17692	庄重	zhuāngzhòng	gravesolemndignified
7	17695	势必	shìbì	to be bound toundoubtedly will
7	17696	刺绣	cìxiù	to embroiderembroidery
7	17708	学士	xuéshì	bachelor's degreeperson holding a university degree
7	17715	举重	jǔzhòng	to lift weightsweight-lifting (sports)
7	17723	清凉	qīngliáng	coolrefreshing(of clothing) skimpyrevealing
7	17726	刨	páo	to digto excavate(coll.) to excludenot to count
7	17741	裂痕	lièhén	crackgapsplit
7	17746	心想事成	xīnxiǎngshìchéng	(idiom) to have one's wishes come true, wish you the best!
7	17748	集资	jízī	to raise moneyto accumulate funds
7	17751	公立	gōnglì	public (e.g. school, hospital)
7	17775	缩水	suōshuǐ	to shrink (in the wash)fig. to shrink (of profits etc)
7	17779	动工	dònggōng	to start (a building project)
7	17781	遛	liù	to strollto walk (an animal)
7	17783	迟迟	chíchí	late (with a task etc)slow
7	17806	花卉	huāhuì	flowers and plants
7	17808	兴建	xīngjiàn	to buildto construct
7	17813	口令	kǒulìng	oral commanda word of command (used in drilling troops or gymnasts)password (used by sentry)
7	17817	心肠	xīncháng	heartintentionone's inclinationstate of mind
7	17829	贬低	biǎndī	to belittleto disparageto play downto demean
7	17829	无故	wúgù	without cause or reason
7	17854	作对	zuòduì	to set oneself againstto opposeto make a pair
7	17873	反问	fǎnwèn	to ask (a question) in replyto answer a question with a questionrhetorical question
7	17880	菩萨	púsà	(Buddhism) bodhisattva
7	17889	就地	jiùdì	locallyon the spot
7	17934	胆怯	dǎnqiè	timiditytimidcowardly
7	17939	刺耳	cì'ěr	ear-piercing
7	17946	狭隘	xiá'ài	(of a path etc) narrow(of a living space etc) cramped(of a way of thinking, a definition etc) narrow, limited
7	17960	瘟疫	wēnyì	plague, pestilence
7	17977	早年	zǎonián	many years ago, in the pastin one's early years
7	17979	山脉	shānmài	mountain range
7	17985	淡水	dànshuǐ	freshwater
7	18017	罪魁祸首	zuìkuíhuòshǒu	(idiom) criminal ringleader, main offender, main culprit, main cause of a disaster
7	18018	据悉	jùxī	according to reportsit is reported (that)
7	18024	款待	kuǎndài	to entertainto be hospitable to
7	18026	修长	xiūcháng	slenderlankytall and thin
7	18029	名次	míngcì	position in a ranking of namesplacerank
7	18045	惯性	guànxìng	(physics) inertia(fig.) force of habittendency to do things in the accustomed wayhabitual
7	18052	休养	xiūyǎng	to recuperateto recoverto convalesce
7	18060	凉爽	liángshuǎng	cool and refreshing
7	18065	庆贺	qìnghè	to congratulateto celebrate
7	18067	标示	biāoshì	to indicate
7	18083	昼夜	zhòuyè	day and nightperiod of 24 hourscontinuously, without stop
7	18088	下意识	xiàyìshí	subconscious mind
7	18090	返还	fǎnhuán	restitutionreturn of something to its original ownerremittance
7	18094	发酵	fājiào	to ferment(fig.) (of trends, emotions or repercussions etc) to bubble away, to simmer, to develop
7	18095	同期	tóngqī	the corresponding time period (in a different year etc)concurrentsynchronous
7	18105	兼容	jiānróng	compatible
7	18105	界线	jièxiàn	limitsboundsdividing line
7	18109	祥和	xiánghé	auspicious and peaceful
7	18111	和蔼	hé'ǎi	kindlyniceamiable
7	18113	奥秘	àomì	secretmystery
7	18136	繁重	fánzhòng	heavyburdensomeheavy-dutyarduous
7	18148	钻研	zuānyán	to study meticulouslyto delve into
7	18153	友人	yǒurén	friend
7	18159	采矿	cǎikuàng	mining
7	18163	通俗	tōngsú	commoneverydayaverage
7	18172	烘	hōng	to baketo heat by fireto set off by contrast
7	18180	大宗	dàzōng	large amountstapleinfluential family of long standing
7	18184	伙食	huǒshí	foodmeals
7	18186	地下水	dìxiàshuǐ	groundwater
7	18196	辞退	cítuì	to dismissto dischargeto fire
7	18199	口碑	kǒubēi	public praisepublic reputationcommonly held opinionscurrent idiom
7	18202	衬托	chèntuō	to serve to highlight, to serve as a backdrop or contrasting element
7	18207	精简	jīngjiǎn	to simplifyto reduce
7	18207	抢眼	qiǎngyǎn	eye-catching
7	18213	搁置	gēzhì	to put, to placeto set aside, to shelve, to put on hold
7	18215	远见	yuǎnjiàn	foresightdiscernmentvision
7	18222	反之	fǎnzhī	on the other handconversely
7	18227	蔑视	mièshì	to loatheto despisecontempt
7	18229	航运	hángyùn	shippingtransport
7	18239	争气	zhēngqì	to work hard for sthto resolve on improvementdetermined not to fall short
7	18242	敬重	jìngzhòng	to respect deeplyto revereto esteem
7	18243	祸害	huòhài	disasterharmscourgebad person
7	18243	外行	wàiháng	laymanamateur
7	18244	后盾	hòudùn	support, backing
7	18266	本钱	běnqián	capital(fig.) asset, advantage, the means (to do sth)
7	18266	诧异	chàyì	flabbergastedastonished
7	18275	外援	wàiyuán	foreign aidexternal aid(sports) foreign playerplayer recruited from overseas
7	18284	无济于事	wújìyúshì	(idiom) to no avail, of no use
7	18286	力所能及	lìsuǒnéngjí	as far as one's capabilities extend (idiom), to the best of one's abilitywithin one's powers
7	18296	透彻	tòuchè	penetrating, thorough, incisive
7	18312	当之无愧	dāngzhīwúkuì	fully deserving, without any reservations (idiom), entirely worthy (of a title, honor etc)
7	18314	俗话	súhuà	common sayingproverb
7	18333	水利	shuǐlì	water conservancyirrigation works
7	18337	奖赏	jiǎngshǎng	reward, prize, award
7	18347	源源不断	yuányuánbùduàn	(idiom) in an unending stream, continuous
7	18362	受罪	shòuzuì	to endureto sufferhardshipstorments
7	18372	湖泊	húpō	lake
7	18375	托付	tuōfù	to entrust
7	18380	列举	lièjǔ	a listto listto enumerate
7	18382	波及	bōjí	to spread toto involveto affect
7	18393	求证	qiúzhèng	to seek proofto seek confirmation
7	18399	公事	gōngshì	work-related mattersdocuments
7	18403	烘干	hōnggān	to dry over a stove
7	18410	详尽	xiángjìn	thorough and detailedexhaustivethe tedious details in full
7	18413	请示	qǐngshì	to ask for instructions
7	18427	虚荣	xūróng	vanity
7	18443	索性	suǒxìng	you might as well (do it)simplyjust
7	18457	彻夜	chèyè	the whole night
7	18458	整治	zhěngzhì	to bring under controlto regulateto restore to good condition(coll.) to fix (a person)
7	18462	渊源	yuānyuán	originsourcerelationship
7	18468	并列	bìngliè	to stand side by side, to be juxtaposed
7	18485	交界	jiāojiè	common boundarycommon border
7	18487	写照	xiězhào	portrayal
7	18489	鼓动	gǔdòng	to urge (an activity that may be beneficial, harmful or neutral), to encourage, to agitate, to instigate, to inciteto beat, to flap (wings, a fan etc)
7	18501	解围	jiěwéi	to lift a siegeto help sb out of trouble or embarrassment
7	18509	喜庆	xǐqìng	jubilationfestive
7	18513	基准	jīzhǔn	(surveying) datumstandard, criterion, benchmark
7	18522	警钟	jǐngzhōng	alarm bell
7	18524	朗诵	lǎngsòng	to read aloud with expressionto reciteto declaim
7	18526	显赫	xiǎnhè	illustriouscelebrated
7	18531	窍门	qiàomén	a trickan ingenious methodknow-howthe knack (of doing sth)
7	18534	燕子	yànzi	swallow
7	18537	如愿以偿	rúyuànyǐcháng	to have one's wish fulfilled
7	18539	就医	jiùyī	to receive medical treatment
7	18547	熄火	xīhuǒ	(of fire, lamp etc) to go outto put out (fire)(fig.) to die down(of a vehicle) to stall
7	18554	缴纳	jiǎonà	to pay (taxes etc)
7	18555	歌颂	gēsòng	to sing the praises ofto extolto eulogize
7	18555	强加	qiángjiā	to imposeto force upon
7	18562	迁就	qiānjiù	to yield to, to adapt to, to accommodate oneself to (sth)
7	18564	团员	tuányuán	membergroup member
7	18566	推论	tuīlùn	to inferinferencecorollaryreasoned conclusion
7	18570	空隙	kòngxì	crackgap between two objectsgap in time between two events
7	18582	怨言	yuànyán	complaint
7	18588	陈列	chénliè	to display, to exhibit
7	18593	一连	yīlián	in a rowin successionrunning
7	18600	查处	cháchǔ	to investigate and handle (a criminal case)
7	18605	拉拢	lālǒng	to rope infig. to involve sbto entice
7	18615	告示	gàoshi	announcement
7	18618	干事	gànshi	administratorexecutive secretary
7	18618	世代	shìdài	for many generationsgenerationeraage
7	18627	造福	zàofú	to benefit (e.g. the people)
7	18634	不懈	bùxiè	untiringunremittingindefatigable
7	18637	宽阔	kuānkuò	expansivewidewidththickness
7	18648	叫好	jiàohǎo	to applaudto cheer
7	18652	药方	yàofāng	prescription
7	18653	泄密	xièmì	to leak secrets
7	18653	寓意	yùyì	moral (of a story)lesson to be learnedimplicationmessage
7	18658	高调	gāodiào	high-sounding speechbombasthigh-profile
7	18661	烹调	pēngtiáo	to cook
7	18662	顺势	shùnshì	to take advantageto seize an opportunityin passingwithout taking extra trouble
7	18662	投掷	tóuzhì	to throw sth a long distanceto hurlto throw atto throw (dice etc)
7	18670	上调	shàngtiáo	to raise (prices)to adjust upwards
7	18676	挂念	guàniàn	to feel anxious about, to have (sth) weighing on one's mind
7	18677	放水	fàngshuǐ	to turn on the waterto let water out(sports) to throw a game
7	18682	电讯	diànxùn	telecommunicationstelecom
7	18700	坝	bà	(used in place names) plain, flatland(dialect) sandbar, shoal
7	18722	解析	jiěxī	to analyzeto resolve(math.) analysisanalytic
7	18722	算账	suànzhàng	(accounting) to balance the books, to do the accounts(fig.) to settle an account, to get one's revenge
7	18730	绿地	lǜdì	green area (e.g. urban park or garden)
7	18748	愚昧	yúmèi	ignorant, uneducatedignorance
7	18750	一言不发	yīyánbùfā	to not say a word (idiom)
7	18755	诸如此类	zhūrúcǐlèi	things like this (idiom), and so onand the restetc
7	18772	门路	ménlù	way of doing sththe right social connection
7	18775	字迹	zìjì	handwriting
7	18780	推移	tuīyí	(of time) to elapse, to pass(of a situation) to develop, to evolveto shift, to slide, to move smoothly and continuously along a surface
7	18782	死心	sǐxīn	to give upto admit failureto drop the matterto reconcile oneself to loss
7	18782	犹豫不决	yóuyùbùjué	hesitancyindecisionto waver
7	18804	燃气	ránqì	fuel gas (coal gas, natural gas, methane etc)
7	18806	洽谈	qiàtán	to discuss
7	18807	人文	rénwén	humanities, culture, humanistic
7	18810	口才	kǒucái	eloquence
7	18812	脱口而出	tuōkǒu'érchū	(idiom) to blurt out, to let slip (an indiscreet remark)
7	18812	周旋	zhōuxuán	to mix with othersto socializeto deal withto contend
7	18820	遗物	yíwù	personal effects (of the deceased), artifacts, relics, (biological) remains
7	18827	专著	zhuānzhù	monographspecialized text
7	18836	消沉	xiāochén	to sink into despondency(of morale, willpower etc) to diminish, to plummet
7	18843	通畅	tōngchàng	unobstructed, clear(of writing or thinking) coherent, fluent
7	18846	肆无忌惮	sìwújìdàn	absolutely unrestrainedunbridledwithout the slightest scruple
7	18847	历时	lìshí	to lastto take (time)perioddiachronic
7	18852	纵横	zònghéng	lit. warp and weft in weaving, vertically and horizontallength and breadthcriss-crossedable to move unhindered
7	18861	载体	zàitǐ	carrier (chemistry)vector (epidemiology)vehicle or medium
7	18891	个案	gè'àn	individual case, special case
7	18899	茎	jīng	stalkstem
7	18911	成家	chéngjiā	to settle down and get married (of a man)to become a recognized expert
7	18915	调和	tiáohé	harmoniousto mediate, to reconcilemediationto compromise
7	18917	油腻	yóunì	greasy food, oily food(of food) greasy, oily, fatty(neologism, attested by 2017) (of a middle-aged man) obnoxious, pretentious, vulgar
7	18935	迟缓	chíhuǎn	slowsluggish
7	18938	稀奇	xīqí	rarestrange
7	18956	迎面	yíngmiàn	directly, head-on (collision)(of wind) in one's face
7	18966	威信	wēixìn	prestigereputationtrustcredit with the people
7	18968	一目了然	yīmùliǎorán	obvious at a glance (idiom)
7	18971	火速	huǒsù	at top speedat a tremendous lick
7	18971	举足轻重	jǔzúqīngzhòng	to play a critical role (idiom)influential
7	18973	大纲	dàgāng	synopsisoutlineprogramleading principles
7	18974	亮丽	liànglì	bright and beautiful
7	18978	舒畅	shūchàng	happy, entirely free from worry
7	18982	应有尽有	yīngyǒujìnyǒu	everything that should be here is here (idiom), all one can think of is on handto have all one needs
7	18985	验收	yànshōu	to inspect and acceptacceptance
7	19000	威风	wēifēng	awe-inspiring bearing, authority, powerimposing, impressive, majestic
7	19000	镶嵌	xiāngqiàn	to inlayto embedto set (e.g. a jewel in a ring)tiling
7	19001	无忧无虑	wúyōuwúlǜ	(idiom) carefree, without worries
7	19011	气派	qìpài	impressivestylishmagnificentimposing manner
7	19015	固有	gùyǒu	intrinsic to sthinherentnative
7	19017	似曾相识	sìcéngxiāngshí	déjà vu (the experience of seeing exactly the same situation a second time)seemingly familiarapparently already acquainted
7	19018	朴实	pǔshí	plainsimpleguilelessdown-to-earth
7	19025	呼啸	hūxiào	to whistle, to scream, to whiz
7	19039	担子	dànzi	carrying pole and the loads on itburdentaskresponsibility
7	19046	喧闹	xuānnào	to make a noisenoisy
7	19060	随处可见	suíchùkějiàn	can be seen everywhere
7	19070	对白	duìbái	dialogue (in a movie or a play)
7	19082	礼节	lǐjié	etiquette
7	19087	调侃	tiáokǎn	to ridiculeto teaseto mockidle talk
7	19090	一心一意	yīxīnyīyì	concentrating one's thoughts and effortssingle-mindedbent onintently
7	19101	本着	běnzhe	based onin conformance withtaking as one's main principle
7	19110	败坏	bàihuài	to ruinto corruptto undermine
7	19116	骨干	gǔgàn	diaphysis (long segment of a bone)fig. backbone
7	19118	机舱	jīcāng	cabin of a plane
7	19118	荣获	rónghuò	be honored with
7	19121	健美	jiànměi	healthy and beautifulto do fitness exercises
7	19132	乞求	qǐqiú	to beg
7	19135	标致	biāozhi	(of a woman) beautiful, pretty
7	19145	预赛	yùsài	preliminary competitionto hold preliminary heats
7	19150	下级	xiàjí	low rankinglow levelunderclasssubordinate
7	19166	资历	zīlì	qualificationsexperienceseniority
7	19174	冲撞	chōngzhuàng	to collidejerking motionto impingeto offend
7	19175	贬值	biǎnzhí	to become devaluatedto devaluateto depreciate
7	19177	奠定	diàndìng	to establishto fixto settle
7	19178	含蓄	hánxù	to containto hold(of a person or style etc) reservedrestrained
7	19182	挟持	xiéchí	to seize (sb) by the armsto hold under duress, to abduct
7	19210	增值	zēngzhí	to appreciate (financially)to increase in valuevalue-added (accountancy)
7	19225	鲁莽	lǔmǎng	hot-headed, impulsive, reckless
7	19232	倚	yǐ	to lean onto rely upon
7	19233	打喷嚏	dǎpēntì	to sneeze
7	19238	理事	lǐshì	member of council(literary) to take care of matters
7	19247	搁浅	gēqiǎn	to run aground, to become stranded(fig.) to run into difficulties and come to a standstill, to stall
7	19250	杜绝	dùjué	to put an end to
7	19253	招标	zhāobiāo	to invite bids
7	19262	停业	tíngyè	to cease trading (temporarily or permanently)to close down
7	19274	高龄	gāolíng	elderly
7	19299	红火	hónghuǒ	prosperous
7	19301	检讨	jiǎntǎo	to examine or inspectself-criticismreview
7	19304	哀求	āiqiú	to entreatto imploreto plead
7	19304	拟定	nǐdìng	to draw upto draftto formulate
7	19310	目瞪口呆	mùdèngkǒudāi	(idiom) dumbstruck, stupefied, stunned
7	19318	派别	pàibié	group, sect, clique, faction, school
7	19342	才干	cáigàn	abilitycompetence
7	19354	裁缝	cáiféng	to make an item of clothingto tailor
7	19360	时事	shíshì	current trends, the present situation, how things are going
7	19371	化肥	huàféi	chemical fertilizer
7	19383	雄厚	xiónghòu	substantial, robust, ample, abundant
7	19388	回忆录	huíyìlù	memoir
7	19402	贴切	tiēqiè	close-fittingclosest (translation)
7	19403	饱和	bǎohé	saturated, filled to capacity
7	19417	扩建	kuòjiàn	to extend (a building, an airport runway etc)
7	19425	松树	sōngshù	pinepine tree
7	19445	一成不变	yīchéngbùbiàn	(idiom) immutable, impervious to change, set in stone
7	19446	养殖	yǎngzhí	to raise, to breed (animals etc)
7	19459	私有	sīyǒu	privateprivately-owned
7	19467	牡丹	mǔdan	tree peony (Paeonia suffruticosa)
7	19467	伤残	shāngcán	disabledmaimedcrippled(of objects) damaged
7	19470	诀窍	juéqiào	secrettrickknackkey
7	19480	省略	shěnglüè	to leave outan omission
7	19483	庸俗	yōngsú	vulgartackytawdry
7	19485	次序	cìxù	sequence, order
7	19503	靠拢	kàolǒng	to draw close to
7	19510	绝技	juéjì	consummate skillsupreme feattour-de-forcestunt
7	19513	瘸	qué	lame
7	19524	背诵	bèisòng	to reciteto repeat from memory
7	19535	疏通	shūtōng	to unblockto dredgeto clear the wayto get things flowing
7	19536	空荡荡	kōngdàngdàng	empty, deserted
7	19539	愈演愈烈	yùyǎnyùliè	ever more criticalproblems get more and more intense
7	19545	周转	zhōuzhuǎn	to rotateto circulate (cash, stock etc)turnovercirculation
7	19546	万无一失	wànwúyīshī	surefire, absolutely safe (idiom)
7	19554	荒凉	huāngliáng	desolate
7	19563	容颜	róngyán	miencomplexion
7	19564	关税	guānshuì	customs dutytariff
7	19589	趋于	qūyú	to tend towards
7	19599	一经	yījīng	as soon asonce (an action has been completed)
7	19603	嘈杂	cáozá	noisy, clamorous
7	19605	耕地	gēngdì	arable landto plow land
7	19609	衔接	xiánjiē	to link up, to connect, to join
7	19610	凭证	píngzhèng	proofcertificatereceiptvoucher
7	19619	错位	cuòwèi	to be wrongly positioned, to be dislocated, to be misplaced(medicine) to be in malposition(fig.) erroneous, eccentric
7	19628	测算	cèsuàn	to take measurements and calculate
7	19629	四面八方	sìmiànbāfāng	(idiom) all directions, all around
7	19632	息息相关	xīxīxiāngguān	closely bound up (idiom), intimately related
7	19635	供暖	gōngnuǎn	to supply heating (in a building)heating
7	19654	闺女	guīnü	maiden, unmarried woman(coll.) daughter
7	19661	名利	mínglì	fame and profit
7	19665	兜售	dōushòu	to hawk, to peddle
7	19676	跳槽	tiàocáo	to leave one's job to take up a position elsewhere
7	19716	祖宗	zǔzōng	ancestorforebear
7	19717	剔除	tīchú	to rejectto discardto get rid of
7	19755	队形	duìxíng	formation
7	19765	惨痛	cǎntòng	bitterpainfuldeeply distressed
7	19774	取缔	qǔdì	to suppress, to crack down on, to prohibit
7	19777	牢骚	láosāo	discontentcomplaintto complain
7	19808	总而言之	zǒng'éryánzhī	in shortin a wordin brief
7	19818	实事求是	shíshìqiúshì	lit. to seek truth from facts (idiom)fig. to be practical and realistic
7	19825	波澜	bōlán	billowsgreat waves (fig. of a story with great momentum)
7	19836	夹子	jiāzi	clipclamptongsfolder
7	19838	单方面	dānfāngmiàn	unilateral
7	19839	顽皮	wánpí	naughty
7	19845	无可奈何	wúkěnàihé	have no way outhave no alternativeabbr. to
7	19846	伺机	sìjī	to wait for an opportunityto watch for one's chance
7	19852	抡	lūn	to swing (one's arms, a heavy object)to wave (a sword, one's fists)to fling (money)
7	19862	滔滔不绝	tāotāobùjué	(idiom) to produce a torrent of words, to talk on and on
7	19874	夹杂	jiāzá	to mix together (disparate substances)to minglea mixto be tangled up with
7	19891	雪上加霜	xuěshàngjiāshuāng	(idiom) to make matters even worseto add insult to injury
7	19892	轻型	qīngxíng	light (machinery, aircraft etc)
7	19898	谜团	mítuán	riddleenigmaunpredictable situationelusive matters
7	19905	弊端	bìduān	systemic problem (sometimes refers specifically to corrupt practices)
7	19911	出厂	chūchǎng	to leave the factory (of finished goods)
7	19919	推卸	tuīxiè	to avoid (esp. responsibility), to shift (the blame), to pass the buck
7	19921	家喻户晓	jiāyùhùxiǎo	understood by everyone (idiom), well knowna household name
7	19944	特邀	tèyāo	special invitation
7	19956	继而	jì'ér	thenafterwards
7	19958	谜底	mídǐ	answer to a riddle
7	19967	感慨	gǎnkǎi	to sigh with sorrow, regret etcruefuldeeply moved
7	19976	应邀	yìngyāo	at sb's invitationon invitation
7	20000	惊慌失措	jīnghuāngshīcuò	to lose one's head out of fear (idiom)
7	20004	送行	sòngxíng	to see someone offto throw someone a send-off party
7	20011	过境	guòjìng	to pass through a country's territorytransit
7	20016	冷门	lěngmén	a neglected branch (of arts, science, sports etc)fig. a complete unknown who wins a competition
7	20019	岳母	yuèmǔ	wife's mother, mother-in-law
7	20051	留念	liúniàn	to keep as a souvenirto recall fondly
7	20071	萌芽	méngyá	(of a seed) to germinate(of a plant) to sprout, to budsprout, bud(also used figuratively)
7	20079	楷模	kǎimó	modelexample
7	20098	稳妥	wěntuǒ	dependable
7	20102	不慎	bùshèn	incautiousinattentive
7	20109	减免	jiǎnmiǎn	to reduce or waive (taxes, punishment, rent, tuition etc)
7	20118	转载	zhuǎnzǎi	to forward (a shipment)to reprint sth published elsewhere
7	20128	就餐	jiùcān	to dine, to have one's meal
7	20138	印证	yìnzhèng	to confirm, to corroborate, to verifyproof, evidence
7	20140	吸纳	xīnà	to take into absorbto admitto accept
7	20142	破除	pòchú	to eliminateto do away withto get rid of
7	20154	可想而知	kěxiǎng'érzhī	(idiom) (it) goes without saying, can well be imagined
7	20160	心酸	xīnsuān	to feel sad
7	20161	折射	zhéshè	to refractrefractionto reflect (in the figurative sense: to show the nature of)
7	20165	预兆	yùzhào	omensign (of sth yet to occur)prior indicationto foreshadow
7	20166	暂且	zànqiě	for now, for the time being, temporarily
7	20177	劝告	quàngào	to adviseto urgeto exhortexhortation
7	20182	稠	chóu	densecrowdedthickmany
7	20197	旺季	wàngjì	busy seasonpeak period
7	20212	压榨	yāzhà	to pressto squeezeto extract juice, oil etc by squeezing
7	20217	及早	jízǎo	at the earliest possible time, as soon as possible
7	20219	领事	lǐngshì	consul
7	20223	记忆犹新	jìyìyóuxīn	to remain fresh in one's memory (idiom)
7	20223	日复一日	rìfùyīrì	day after day
7	20235	莲子	liánzǐ	lotus seed
7	20255	风浪	fēnglàng	wind and waves, rough waters(fig.) hardship
7	20258	双边	shuāngbiān	bilateral
7	20278	考量	kǎoliáng	to considerto give serious consideration to sthconsideration
7	20281	扫除	sǎochú	to clean, to clean upto eliminate, to wipe out
7	20297	专柜	zhuānguì	sales counter dedicated to a certain kind of product (e.g. alcohol)
7	20301	猛然	měngrán	suddenly, abruptly
7	20310	略微	lüèwēi	a little bit, slightly
7	20317	不得而知	bùdé'érzhī	unknownunable to find out
7	20324	停放	tíngfàng	to park (a car etc)to moor (a boat etc)to leave sth (in a place)
7	20325	韵味	yùnwèi	implicit charm in rhyme or soundhinted appealinterest
7	20335	默默无闻	mòmòwúwén	(idiom) unknown, unrenowned
7	20336	隔阂	géhé	misunderstandingestrangement(language etc) barrier
7	20350	柿子	shìzi	persimmon(Northeastern dialect) tomato
7	20351	当即	dāngjí	at onceon the spot
7	20357	冰雹	bīngbáo	hailhailstone
7	20368	疙瘩	gēda	swelling or lump on skin, pimpleknot, lumppreoccupation, problem
7	20368	顺路	shùnlù	by the waywhile out doing sth elseconveniently
7	20374	把柄	bǎbǐng	handle(fig.) information that can be used against sb
7	20391	久违	jiǔwéi	(haven't done sth) for a long timea long time since we last met
7	20393	务实	wùshí	to deal with concrete matterspragmatic
7	20406	情理	qínglǐ	reasonsense
7	20409	面目全非	miànmùquánfēi	nothing remains the same (idiom), change beyond recognition
7	20436	暗地里	àndìli	secretly, inwardly, on the sly
7	20442	风气	fēngqì	general moodatmospherecommon practice
7	20453	座谈	zuòtán	to have an informal discussion
7	20466	依托	yītuō	to rely onto depend onsupport
7	20467	境遇	jìngyù	circumstance
7	20491	陡	dǒu	steep, precipitous(of a change) abrupt, sudden
7	20491	荒诞	huāngdàn	beyond beliefincrediblepreposterousfantastic
7	20499	推算	tuīsuàn	to calculateto reckonto extrapolate (in calculation)
7	20500	周折	zhōuzhé	twists and turnsvicissitudecomplicationdifficulty
7	20502	流域	liúyù	river basinvalleydrainage area
7	20510	启迪	qǐdí	to edifyenlightenment
7	20517	劳务	láowù	service (work done for money)services (as in "goods and services")
7	20519	不言而喻	bùyán'éryù	(idiom) it goes without saying, it is self-evident
7	20530	筹办	chóubàn	to arrange, to make preparations
7	20535	爱惜	àixī	to cherishto treasureto use sparingly
7	20566	僧人	sēngrén	monk
7	20578	抱负	bàofù	aspirationambition
7	20604	膳食	shànshí	meals, food
7	20605	勇往直前	yǒngwǎngzhíqián	to advance bravely
7	20613	扎根	zhāgēn	to take root
7	20616	山寨	shānzhài	fortified hill villagemountain stronghold (esp. of bandits)(fig.) knockoff (goods)counterfeit
7	20622	悬殊	xuánshū	vastly different, poles apart
7	20630	稀少	xīshǎo	sparserare
7	20646	名贵	míngguì	famous and valuablerareprecious
7	20648	启蒙	qǐméng	to instruct the youngto initiateto awake sb from ignoranceto free sb from prejudice or superstition
7	20652	耳目一新	ěrmùyīxīn	a pleasant changea breath of fresh airrefreshing
7	20658	焦躁	jiāozào	fretfulimpatient
7	20660	枢纽	shūniǔ	hub (e.g. of traffic network)hingepivotfulcrum
7	20666	针锋相对	zhēnfēngxiāngduì	to oppose each other with equal harshness (idiom), tit for tatmeasure for measure
7	20671	勘探	kāntàn	to exploreto surveyto prospect (for oil etc)prospecting
7	20673	枯竭	kūjié	used updried upexhausted (of resources)
7	20681	生怕	shēngpà	to fearafraidextremely nervousfor fear that
7	20688	答辩	dábiàn	to reply (to an accusation)to defend one's dissertation
7	20706	使唤	shǐhuan	to order sb around(coll.) to handle (a draught animal, tool, machine etc)
7	20716	流转	liúzhuǎn	to be on the moveto roam or wanderto circulate (of goods or capital)
7	20719	有朝一日	yǒuzhāoyīrì	one daysometime in the future
7	20727	包庇	bāobì	to shieldto harborto cover up
7	20727	粗略	cūlüè	rough (not precise or accurate)cursory
7	20729	眼色	yǎnsè	signal made with one's eyesmeaningful glance
7	20731	公顷	gōngqǐng	hectare
7	20733	弱势	ruòshì	vulnerableweak
7	20737	提心吊胆	tíxīndiàodǎn	(idiom) nervous, fearful, on edge
7	20740	垫子	diànzi	cushion, mat, pad
7	20743	插图	chātú	illustration
7	20747	衍生	yǎnshēng	to give rise toto derivederivativederivation
7	20749	轻蔑	qīngmiè	scornful, disdainful, contemptuous, pejorativedisdain, contempt
7	20753	情怀	qínghuái	feelingsmood
7	20754	谦逊	qiānxùn	humblemodestunpretentiousmodesty
7	20755	利害	lìhài	pros and consadvantages and disadvantagesgains and losses
7	20762	倡议	chàngyì	to suggestto initiateproposalinitiative
7	20764	谋求	móuqiú	to seek, to strive for
7	20768	变故	biàngù	an unforeseen eventaccidentmisfortune
7	20770	凑巧	còuqiǎo	fortuitouslyluckilyas chance has it
7	20777	免不了	miǎnbùliǎo	unavoidablecan't be avoided
7	20808	天长地久	tiānchángdìjiǔ	enduring while the world lasts (idiom)eternal
7	20812	芬芳	fēnfāng	perfumefragrant
7	20816	投射	tóushè	to throw (a projectile)to cast (light)
7	20829	存心	cúnxīn	deliberately
7	20839	熨	yùn	an ironto iron
7	20844	诬陷	wūxiàn	to entrapto frameto plant false evidence against sb
7	20874	疗养	liáoyǎng	to get wellto healto recuperateto convalesce
7	20880	落成	luòchéng	to complete a construction project
7	20892	论述	lùnshù	treatisediscourseexposition
7	20892	浓郁	nóngyù	richstrongheavy (fragrance)dense
7	20901	脱节	tuōjié	to come apart
7	20909	不由得	bùyóude	can't helpcannot but
7	20918	辞典	cídiǎn	dictionary
7	20934	沉淀	chéndiàn	(chemistry) to settle, to precipitate(chemistry) sediment, precipitate(fig.) (of emotions, thoughts, experience etc) to settle and be absorbed over time, to take shape gradually (through reflection or maturation)
7	20936	难处	nánchu	trouble, difficulty, problem
7	20954	荆棘	jīngjí	thistles and thornsbramblesthorny undergrowth
7	20995	蕴藏	yùncáng	to hold in storeto contain (untapped reserves etc)
7	21001	河畔	hépàn	riversideriver plain
7	21011	日趋	rìqū	(increasing) day by day(more critical) with every passing daygradually
7	21021	破例	pòlì	to make an exception
7	21027	阅历	yuèlì	to experienceexperience
7	21037	灵巧	língqiǎo	deftnimbleingenious
7	21040	走投无路	zǒutóuwúlù	to be at an impasse (idiom)in a tight spotat the end of one's ropedesperate
7	21045	指教	zhǐjiào	to offer advice, guidance, or feedback
7	21063	能人	néngrén	capable personHomo habilis, extinct species of upright East African hominid
7	21065	淡化	dànhuà	to water downto play downto trivializeto weaken
7	21080	遮盖	zhēgài	to hideto cover (one's tracks)
7	21085	利索	lìsuo	nimble
7	21103	兴高采烈	xìnggāocǎiliè	happy and excited (idiom)in high spiritsin great delight
7	21126	残缺	cánquē	badly damagedshattered
7	21130	有条不紊	yǒutiáobùwěn	regular and thorough (idiom), methodically arranged
7	21132	兴旺	xīngwàng	prosperousthrivingto prosperto flourish
7	21134	大街小巷	dàjiēxiǎoxiàng	great streets and small alleys (idiom), everywhere in the city
7	21136	退步	tuìbù	to do less well than beforeto make a concessionsetbackbackward step
7	21139	第一手	dìyīshǒu	first-hand
7	21158	着落	zhuóluò	whereaboutsplace to settlereliable source (of funds etc)(of responsibility for a matter) to rest with sb
7	21163	岔	chà	fork in roadbifurcationbranch in road, river, mountain range etcto branch off
7	21163	赶赴	gǎnfù	to hurryto rush
7	21178	乡亲	xiāngqīn	person from one's hometown or home regionlocal people, folks
7	21185	出具	chūjù	to issue (document, certificate etc)to provide
7	21192	凶恶	xiōng'è	fierce, vicious
7	21199	根基	gēnjī	foundation
7	21205	隐性	yǐnxìng	hiddencrypto-recessive (gene)
7	21236	打磨	dǎmó	to polish, to burnish, to shine
7	21236	空难	kōngnàn	air crashaviation accident or incident
7	21250	梳子	shūzi	comb
7	21258	俘获	fúhuò	to capture (enemy property or personnel)capture (physics: absorption of subatomic particle by an atom or nucleus)
7	21260	木匠	mùjiàng	carpenter
7	21261	邮编	yóubiān	postal codezip code
7	21265	封建	fēngjiàn	system of enfeoffmentfeudalismfeudalfeudalistic
7	21280	窘迫	jiǒngpò	poverty-strickenvery poorhard-pressedin a predicament
7	21285	通红	tōnghóng	very redred through and throughto blush (deep red)
7	21293	常态	chángtài	normal state
7	21308	世故	shìgu	sophisticatedworldly-wise
7	21310	推选	tuīxuǎn	to electto choose
7	21314	扫兴	sǎoxìng	to spoil things, to dampen spiritsto feel deflated, to be dispirited
7	21352	深奥	shēn'ào	profoundabstrusereconditeprofoundly
7	21358	出息	chūxi	future prospectsprofitto matureto grow up
7	21363	逞强	chěngqiáng	to show offto try to be brave
7	21367	扩充	kuòchōng	to expand
7	21378	没落	mòluò	to declineto wane
7	21385	一丝不苟	yīsībùgǒu	not one thread loose (idiom), strictly according to the rulesmeticulousnot one hair out of place
7	21389	够呛	gòuqiàng	unbearableterribleenoughunlikely
7	21398	扭头	niǔtóu	to turn one's headto turn around
7	21406	雄伟	xióngwěi	grandimposingmagnificentmajestic
7	21423	崇敬	chóngjìng	to revereto veneratehigh esteem
7	21433	沧桑	cāngsāng	great changesups and downsvicissitudes
7	21438	劝阻	quànzǔ	to advise againstto dissuade
7	21479	屹立	yìlì	to towerto stand straight (of person's bearing)
7	21479	注释	zhùshì	to annotate, to add a commentexplanatory note, annotation
7	21483	沉稳	chénwěn	steadycalmunflustered
7	21494	惊心动魄	jīngxīndòngpò	(idiom) heart-stopping, hair-raising, breathtaking
7	21499	单薄	dānbó	weakfrailthinflimsy
7	21515	一味	yīwèi	persistently, stubbornly, blindly
7	21572	和气	héqi	friendlypoliteamiable
7	21583	座右铭	zuòyòumíng	mottomaxim
7	21594	插嘴	chāzuǐ	to interrupt (sb talking)to butt into cut into a conversation
7	21626	公仆	gōngpú	public servant
7	21626	袖手旁观	xiùshǒupángguān	to watch with folded arms (idiom), to look on without lifting a finger
7	21629	拘束	jūshù	to restrictto restrainconstrainedawkward
7	21629	力不从心	lìbùcóngxīn	(idiom) to lack the ability to do what one would wish
7	21633	飙升	biāoshēng	to rise rapidlyto soar
7	21636	缩影	suōyǐng	miniature version of sthmicrocosmepitome(Tw) to microfilm
7	21641	完备	wánbèi	faultlesscompleteperfectto leave nothing to be desired
7	21647	停泊	tíngbó	to anchoranchoragemooring (of a ship)
7	21656	闲话	xiánhuà	casual conversationchatgossipto talk about (whatever comes to mind)
7	21666	较劲	jiàojìn	to match one's strength withto competemore competitiveto set oneself against sb
7	21674	公职	gōngzhí	civil servicepublic officegovernment job
7	21709	自理	zìlǐ	to take care of oneselfto provide for oneself
7	21729	直观	zhíguān	direct observationdirectly perceived through the sensesintuitiveaudiovisual
7	21750	格格不入	gégébùrù	(idiom) inharmoniousincompatible
7	21755	打搅	dǎjiǎo	to disturb, to trouble, to bother
7	21760	游船	yóuchuán	pleasure boatcruise ship
7	21771	照办	zhàobàn	to follow the rulesto do as instructedto play by the bookto comply with a request
7	21778	豁出去	huōchuqu	to throw caution to the windto press one's luckto go for broke
7	21781	百分比	bǎifēnbǐ	percentage
7	21781	效仿	xiàofǎng	to copy, to imitate
7	21788	和平共处	hépínggòngchǔ	peaceful coexistence of nations, societies etc
7	21790	恩人	ēnrén	a benefactora person who has significantly helped sb else
7	21818	恭敬	gōngjìng	deferentialrespectful
7	21822	海藻	hǎizǎo	seaweedmarine algakelp
7	21833	紧缩	jǐnsuō	(economics) to reduceto curtailto cut backto tighten
7	21834	功臣	gōngchén	meritorious officialperson who renders exceptional service, hero(fig.) sth that plays a vital role
7	21836	上火	shànghuǒ	to get angryto suffer from excessive internal heat (TCM)
7	21839	起跑线	qǐpǎoxiàn	the starting line (of a race)scratch line (in a relay race)
7	21841	水落石出	shuǐluòshíchū	(lit.) as the water recedes, the rocks appear (idiom)(fig.) the truth comes to light
7	21846	发源地	fāyuándì	place of originbirthplacesource
7	21854	顺理成章	shùnlǐchéngzhāng	logicalonly to be expectedrational and clearly structured (of text)
7	21872	继父	jìfù	stepfather
7	21881	焕发	huànfā	to shineto glowto irradiateto flash
7	21901	遭殃	zāoyāng	to suffer a calamity
7	21904	纵观	zòngguān	to survey comprehensivelyan overall survey
7	21908	招揽	zhāolǎn	to attract (customers), to drum up (trade)
7	21943	助威	zhùwēi	to cheer forto encourageto boost the morale of
7	21962	调剂	tiáojì	to adjust, to redistribute (resources etc)(fig.) (of an activity) to provide variety in one's daily life, to serve as a change of pace(of a pharmacist) to fill a prescription
7	21967	原装	yuánzhuāng	genuineintact in original packaging (not locally assembled and packaged)
7	21973	开明	kāimíng	enlightenedopen-mindedenlightenment
7	21978	靶子	bǎzi	target
7	21983	气馁	qìněi	to be discouraged
7	21996	零星	língxīng	fragmentary, piecemeal, in bits and piecessporadic, scattered
7	21998	奔赴	bēnfù	to rush toto hurry to
7	22069	受惊	shòujīng	startled
7	22086	来年	láinián	next yearthe coming year
7	22095	孤零零	gūlínglíng	loneisolated and without helpall alonesolitary
7	22096	探亲	tànqīn	to go home to visit one's family
7	22158	比试	bǐshì	to have a competitionto measure with one's hand or armto make a gesture of measuring
7	22163	大名鼎鼎	dàmíngdǐngdǐng	grand reputationrenownedfamous
7	22172	根治	gēnzhì	to bring under permanent controlto effect a radical cure
7	22192	就近	jiùjìn	nearbyin a close neighborhood
7	22215	一事无成	yīshìwúchéng	(idiom) to have achieved nothing, to be a total failure, to get nowhere
7	22219	翻天覆地	fāntiānfùdì	sky and the earth turning upside down (idiom), fig. complete confusioneverything turned on its head
7	22226	逐年	zhúnián	year after yearwith each passing yearover the years
7	22242	条理	tiáolǐ	arrangementordertidiness
7	22245	火候	huǒhou	heat control(fig.) mastery(fig.) crucial moment
7	22248	波折	bōzhé	twists and turns
7	22262	见义勇为	jiànyìyǒngwéi	(idiom, from the Analects) (usu. of a passer-by who comes across a critical situation) to step in and help, to take brave or selfless action
7	22266	品行	pǐnxíng	behaviormoral conduct
7	22291	合资	hézī	joint venture
7	22301	顺应	shùnyìng	to comply with, to conform to, to adapt to, to go along with, in tune with
7	22336	紧缺	jǐnquē	in short supplyscarce
7	22351	挖苦	wākǔ	to speak sarcasticallyto make cutting remarks
7	22352	怨气	yuànqì	grievanceresentmentcomplaint
7	22369	洋溢	yángyì	brimming withsteeped in
7	22390	立方	lìfāng	cube (math.)
7	22432	难为情	nánwéiqíng	embarrassed
7	22435	泥潭	nítán	quagmire
7	22438	何苦	hékǔ	why bother?is it worth the trouble?
7	22440	巴不得	bābude	(coll.) to be eager forto long forto look forward to
7	22455	宝库	bǎokù	treasure-housetreasurytreasure-trove (often fig., book of treasured wisdom)
7	22458	忌讳	jìhuì	tabooto avoid as tabooto abstain from
7	22460	宏观	hóngguān	macro-macroscopicholistic
7	22467	神态	shéntài	appearancemannerbearingdeportment
7	22484	省事	xǐngshì	perceptive, understanding(archaic) to handle administrative work
7	22495	首创	shǒuchuàng	to originate, to pioneer, to invent
7	22497	导火索	dǎohuǒsuǒ	fuse (for explosive)
7	22505	磨合	móhé	to break into wear in
7	22508	交响乐	jiāoxiǎngyuè	symphony
7	22513	形形色色	xíngxíngsèsè	all kinds ofall sorts ofevery (different) kind of
7	22518	投奔	tóubèn	to seek shelterto seek asylum
7	22536	飘扬	piāoyáng	to waveto flutterto fly
7	22538	瓜子	guāzǐ	melon seedseeds of pumpkin, watermelon or sunflower etc, roasted and flavored, consumed as a snack
7	22582	画册	huàcè	picture album
7	22584	调控	tiáokòng	to regulateto control
7	22588	指手画脚	zhǐshǒuhuàjiǎo	to gesticulate while talking (idiom)to explain by waving one's handsto criticize or give orders summarily
7	22592	开发区	kāifāqū	development zone
7	22608	辞呈	cíchéng	(written) resignation
7	22620	泄气	xièqì	to leak (gas)to be discouragedto despair(disparaging) pathetic
7	22630	嘲弄	cháonòng	to teaseto poke fun atto make fun of
7	22639	倾销	qīngxiāo	to dump (goods, products)
7	22644	来龙去脉	láilóngqùmài	(lit.) the rise and fall of the terrain (idiom)(fig.) the whole sequence of events, causes and effects
7	22648	身不由己	shēnbùyóujǐ	(idiom) (of one's circumstances) beyond one's control, unable to do anything about it, (of one's actions) not subject to conscious control (i.e. done in spite of oneself)
7	22650	不平	bùpíng	uneveninjusticeunfairnesswrong
7	22660	纪实	jìshí	record of actual eventsdocumentary (factual rather than fictional)
7	22670	层出不穷	céngchūbùqióng	more and more emergeinnumerable successionbreeding like flies (idiom)
7	22676	市场经济	shìchǎngjīngjì	market economy
7	22691	就座	jiùzuò	to take a seat
7	22704	穴位	xuéwèi	acupuncture pointlocation of a grave
7	22706	硬朗	yìnglǎng	robusthealthy
7	22711	绕行	ràoxíng	to take a circular (or circuitous) routeto do a circuit(of a planet) to orbit(of a sailor) to circumnavigate
7	22740	开场白	kāichǎngbái	prologue of playopening remarkspreamble (of speeches, articles etc)
7	22744	交纳	jiāonà	to pay (taxes or dues)
7	22767	告状	gàozhuàng	to tell on sb, to complain (to a teacher, a superior etc)to bring a lawsuit
7	22772	过半	guòbàn	over fifty percentmore than half
7	22789	立交桥	lìjiāoqiáo	overpassflyover
7	22806	百科全书	bǎikēquánshū	encyclopedia
7	22818	请柬	qǐngjiǎn	invitation cardwritten invitation
7	22843	吃苦	chīkǔ	to bear hardships
7	22897	惊天动地	jīngtiāndòngdì	(idiom) world-shaking
7	22923	通车	tōngchē	to open to traffic (e.g. new bridge, rail line etc)(of a locality) to have a transportation service(Tw) to commute
7	22928	珍视	zhēnshì	to place great importance onto treasure
7	22932	鲜美	xiānměi	fresh and delicious, tasty
7	22942	胆小鬼	dǎnxiǎoguǐ	coward
7	22948	起劲	qǐjìn	energetic, vigorous, enthusiastic
7	22958	症结	zhēngjié	hard lump in the abdomen (in Chinese medicine)crux of an issuemain point in an argumentsticking point
7	22968	断断续续	duànduànxùxù	intermittentoff and ondiscontinuousstop-go
7	22998	滞后	zhìhòu	to lag behind
7	22999	仿制	fǎngzhì	to copyto imitateto make by imitating a model
7	23007	本分	běnfèn	(to play) one's partone's roleone's duty(to stay within) one's bounds
7	23019	统筹	tǒngchóu	an overall planto plan an entire project as a whole
7	23023	文雅	wényǎ	elegantrefined
7	23050	一干二净	yīgān'èrjìng	thoroughly (idiom)completelyone and allvery clean
7	23092	笛子	dízi	bamboo flute
7	23094	年限	niánxiàn	age limitfixed number of years
7	23101	送别	sòngbié	to see sb off, to bid farewell (to sb)
7	23110	华裔	Huáyì	ethnic Chinesenon-Chinese citizen of Chinese ancestry
7	23121	趁早	chènzǎo	as soon as possibleat the first opportunitythe sooner the betterbefore it's too late
7	23123	劲头	jìntóu	enthusiasmzealvigorstrength
7	23133	寒暄	hánxuān	to exchange conventional greetings, to exchange pleasantries
7	23141	时隔	shígé	separated in time (usu. followed by a quantity of time)
7	23153	继母	jìmǔ	stepmother
7	23156	威望	wēiwàng	prestige
7	23161	伯父	bófù	father's elder brotherterm of respect for older man
7	23195	抹杀	mǒshā	to eraseto cover tracesto obliterate evidenceto expunge
7	23207	盆地	péndì	(geography) basindepression
7	23211	无可厚非	wúkěhòufēi	not to be censured too strictly (idiom)not altogether inexcusableunderstandable
7	23233	基本功	jīběngōng	basic skillsfundamentals
7	23240	算盘	suànpán	abacusplanscheme
7	23250	适量	shìliàng	appropriate amount
7	23267	刺骨	cìgǔ	piercingcuttingbone-chillingpenetrating (cold)
7	23271	麻辣	málà	hot and numbing
7	23273	叮嘱	dīngzhǔ	to warn repeatedlyto urgeto exhort again and again
7	23290	馋	chán	gluttonousgreedyto have a craving
7	23317	再接再厉	zàijiēzàilì	to continue the struggle (idiom), to persistunremitting efforts
7	23348	遮挡	zhēdǎng	to shelterto shelter from
7	23363	刁难	diāonàn	to be hard on sb, to deliberately make things difficult
7	23364	领事馆	lǐngshìguǎn	consulate
7	23378	外籍	wàijí	foreign (i.e. of foreign nationality)
7	23387	航天员	hángtiānyuán	astronaut
7	23388	不以为然	bùyǐwéirán	not to accept as correct (idiom), to objectto disapproveto take exception to
7	23388	翻番	fānfān	to doubleto increase by a certain number of times
7	23389	猖狂	chāngkuáng	savagefurious
7	23393	倔	juè	gruff, surly
7	23415	哆嗦	duōsuo	to tremble, to shiver
7	23419	振兴	zhènxīng	to revive, to revitalize, to invigorate, to re-energize
7	23421	奋勇	fènyǒng	dauntlessto summon up courage and determinationusing extreme force of will
7	23422	壮丽	zhuànglì	magnificencemagnificentmajesticglorious
7	23423	沸沸扬扬	fèifèiyángyáng	bubbling and gurglinghubbubingabuzz
7	23488	诉苦	sùkǔ	to grumbleto complaingrievance
7	23491	土生土长	tǔshēngtǔzhǎng	(idiom) (of people) born and raised in the locality, (of art forms, political parties, enterprises, products etc) developed locally from the outset, wholly indigenous
7	23514	生疏	shēngshū	unfamiliarstrangeout of practicenot accustomed
7	23516	敦促	dūncù	to pressto urgeto hasten
7	23536	迸发	bèngfā	to burst forth
7	23538	孝敬	xiàojìng	to show filial respectto give presents (to one's elders or superiors)to support one's aged parents
7	23559	素养	sùyǎng	(personal) accomplishmentattainment in self-cultivation
7	23581	出任	chūrèn	to take up a post, to start in a new job
7	23612	鸟巢	niǎocháo	bird's nestnickname for Beijing 2008 Olympic stadium
7	23620	接二连三	jiē'èrliánsān	(idiom) one after another, in quick succession
7	23623	独身	dúshēn	unmarried, singlealone
7	23643	共性	gòngxìng	overall character
7	23649	一概	yīgài	allwithout any exceptionscategorically
7	23658	亲和力	qīnhélì	(personal) warmthapproachabilityaccessibility(in a product) user friendliness
7	23678	供奉	gòngfèng	to consecrateto enshrine and worshipan offering (to one's ancestors)a sacrifice (to a god)
7	23681	尾气	wěiqì	exhaust, emissions
7	23703	状元	zhuàngyuán	top scorer in the palace examination (highest rank of the Imperial examination system)top scorer in college entrance examination(fig.) the most brilliantly talented person in the fieldleading light
7	23719	节俭	jiéjiǎn	frugal, economical
7	23721	悦耳	yuè'ěr	sweet-soundingbeautiful (of sound)
7	23722	激化	jīhuà	to intensify
7	23722	内行	nèiháng	expertadeptexperiencedan expert
7	23740	屡次	lǚcì	repeatedlytime and again
7	23742	声势	shēngshì	fame and powerprestigeinfluenceimpetus
7	23746	窟窿	kūlong	holepocketcavityloophole
7	23747	错综复杂	cuòzōngfùzá	tangled and complicated (idiom)
7	23747	魄力	pòlì	couragedaringboldnessresolution
7	23749	逾期	yúqī	to be overdueto fail to meet a deadlineto be behind in doing sth
7	23784	风貌	fēngmào	stylemannerethos
7	23788	供求	gōngqiú	supply and demand (economics)
7	23794	年迈	niánmài	oldaged
7	23812	睡袋	shuìdài	sleeping bag
7	23813	神气	shénqì	expressionmannervigorousimpressive
7	23842	勤快	qínkuài	diligent, hardworking
7	23852	冷气	lěngqì	cold airair conditioning
7	23853	佳肴	jiāyáo	fine fooddelicaciesdelicious food
7	23856	精妙	jīngmiào	exquisitefine and delicate (usu. of works of art)
7	23872	生硬	shēngyìng	rigid, stiff, lacking naturalness or smoothness, awkward, forced
7	23912	供不应求	gōngbùyìngqiú	supply does not meet demand
7	23913	乖巧	guāiqiǎo	clever (child)smartlovablecute
7	23952	避暑	bìshǔ	to be away for the summer holidaysto spend a holiday at a summer resortto prevent sunstroke
7	23966	绝缘	juéyuán	to have no contact withto be cut off from(electricity) to insulate
7	23985	万万	wànwàn	hundred million, (fig.) enormous quantityabsolutely, certainly (usually followed by a negative expression)
7	23988	苗头	miáotou	early signs of a new development, emerging trend
7	24002	浩劫	hàojié	calamitycatastropheapocalypse
7	24038	缤纷	bīnfēn	vast and variousrich and diverse
7	24046	段落	duànluò	phasetime intervalparagraph(written) passage
7	24065	作息	zuòxī	to work and rest
7	24091	畅谈	chàngtán	to talk freelyto discuss without inhibition
7	24091	热腾腾	rèténgténg	steaming hot(fig.) bustlinghectic(fig.) excited
7	24091	喧哗	xuānhuá	hubbubclamorto make a racket
7	24113	富含	fùhán	to contain in great quantitiesrich in
7	24145	不了了之	bùliǎoliǎozhī	to settle a matter by leaving it unsettledto end up with nothing definite
7	24155	祭奠	jìdiàn	to offer sacrifices (to one's ancestors)to hold or attend a memorial service
7	24165	整数	zhěngshù	whole numberinteger (math.)round figure
7	24176	传人	chuánrén	to teachto imparta discipledescendant
7	24179	赞许	zànxǔ	to praiseto laud
7	24201	饶恕	ráoshù	to forgiveto pardonto spare
7	24205	蓬勃	péngbó	vigorous, flourishing, full of vitality
7	24208	竣工	jùngōng	to complete a project
7	24286	占卜	zhānbǔ	to divine
7	24304	燃放	ránfàng	to lightto set off (firecrackers etc)
7	24357	客运	kèyùn	passenger transportation(Tw) intercity bus
7	24385	夜校	yèxiào	evening schoolnight school
7	24389	轮换	lúnhuàn	to rotate, to take turns
7	24425	棱角	léngjiǎo	edge and cornerprotrusionsharpness (of a protrusion)craggy
7	24432	贮藏	zhùcáng	to store upto hoarddeposits
7	24467	切身	qièshēn	directconcerning oneselfpersonal
7	24518	赞不绝口	zànbùjuékǒu	(idiom) can't stop praising
7	24524	服气	fúqì	to be convincedto accept
7	24526	俗语	súyǔ	common sayingproverbcolloquial speech
7	24532	标榜	biāobǎng	to flauntto advertiseto paradeboost
7	24532	玄机	xuánjī	profound theory (in Daoism and Buddhism)mysterious principles
7	24542	衣裳	yīshang	(coll.) clothes
7	24553	鞭策	biāncè	to spur onto urge onto encourage sb (e.g. to make progress)
7	24563	境外	jìngwài	outside (a country's) borders
7	24572	姑且	gūqiě	for the time being, tentatively
7	24574	拜见	bàijiàn	to pay a formal visitto call to pay respectsto meet one's senior or superior
7	24619	攻读	gōngdú	to major (in a field)to study a specialty to obtain a higher degree
7	24633	归纳	guīnà	to sum upto summarizeto conclude from factsinduction (method of deduction in logic)
7	24642	不免	bùmiǎn	inevitably
7	24694	慈祥	cíxiáng	kindlybenevolent (often of older person)
7	24705	过硬	guòyìng	to have perfect mastery of sthto be up to the mark
7	24707	怠慢	dàimàn	to slightto neglect
7	24710	荡漾	dàngyàng	to rippleto undulate
7	24715	形影不离	xíngyǐngbùlí	inseparable (as form and shadow)
7	24740	揣测	chuǎicè	to guessto conjecture
7	24741	正月	Zhēngyuè	first month of the lunar year
7	24750	把关	bǎguān	to guard a passto check on sth
7	24766	哺乳	bǔrǔ	breastfeedingto suckleto nurse
7	24790	恍然大悟	huǎngrándàwù	(idiom) to suddenly realize, to suddenly see the light
7	24810	谢绝	xièjué	to refuse politely
7	24828	遇险	yùxiǎn	to get into difficultiesto meet with danger
7	24846	不相上下	bùxiāngshàngxià	equally matchedabout the same
7	24863	红润	hóngrùn	ruddyrosyflorid
7	24868	未知数	wèizhīshù	unknown number(fig.) an unknown, an uncertainty
7	24881	爆满	bàomǎn	filled to capacity (of theater, stadium, gymnasium etc)
7	24898	骨气	gǔqì	unyielding charactercourageous spiritintegritymoral backbone
7	24924	冒昧	màomèi	boldpresumptuousto take the liberty of
7	24933	庙会	miàohuì	temple fair
7	24961	退让	tuìràng	to move asideto get out of the wayto back downto concede
7	24961	枣	zǎo	(bound form) jujube, Chinese date (Zizyphus jujuba)
7	24986	伯伯	bóbo	father's elder brotheruncle
7	25015	辽阔	liáokuò	vast, extensive
7	25051	酿造	niàngzào	to brewto make (wine, vinegar, soybean paste etc) by fermentation
7	25055	翻来覆去	fānláifùqù	to toss and turn (sleeplessly)again and again
7	25088	操劳	cāoláo	to work hardto look after
7	25109	礁石	jiāoshí	reef
7	25118	筹措	chóucuò	to raise (money)
7	25125	不像话	bùxiànghuà	unreasonableshockingoutrageous
7	25167	兼任	jiānrèn	to hold a concurrent postpart-time, (in academia) adjunct
7	25169	差额	chā'é	balance (financial)discrepancy (in a sum or quota)difference
7	25212	食宿	shísù	board and lodgingroom and board
7	25212	要强	yàoqiáng	eager to exceleager to get ahead in lifestrong-minded
7	25216	逊色	xùnsè	inferior
7	25245	敌视	díshì	hostilemalevolenceantagonismto view as enemy
7	25263	出丑	chūchǒu	to make a fool of oneself
7	25267	野餐	yěcān	picnicto have a picnic
7	25274	着力	zhuólì	to put effort into sthto try really hard
7	25279	笨重	bènzhòng	heavy, cumbersome, unwieldylaborious, arduous
7	25283	起哄	qǐhòng	to hecklerowdy jeeringto create a disturbance
7	25287	纲领	gānglǐng	program (i.e. plan of action)guiding principle
7	25289	归根到底	guīgēndàodǐ	after allin the final analysisultimately
7	25298	耗时	hàoshí	time-consumingto take a period of (x amount of time)
7	25325	空想	kōngxiǎng	daydreamfantasyto fantasize
7	25337	立功	lìgōng	to render meritorious serviceto make worthy contributionsto distinguish oneself
7	25346	珍稀	zhēnxī	rareprecious and uncommon
7	25358	眼红	yǎnhóng	to covetenviousjealousgreen with envy
7	25370	下调	xiàdiào	to demoteto pass down to a lower unit
7	25371	富足	fùzú	richplentiful
7	25371	特例	tèlì	special caseisolated example
7	25376	共同体	gòngtóngtǐ	community
7	25380	热泪盈眶	rèlèiyíngkuàng	eyes brimming with tears of excitement (idiom)extremely moved
7	25388	挎	kuà	to carry (esp. slung over the arm, shoulder or side)
7	25389	半途而废	bàntú'érfèi	to give up halfway (idiom), leave sth unfinished
7	25457	熏陶	xūntáo	to seep into influenceto nurtureinfluence
7	25479	后顾之忧	hòugùzhīyōu	fears of trouble in the rear (idiom), family worries (obstructing freedom of action)worries about the future consequencesoften in negative expressions, meaning "no worries about anything"
7	25479	埋没	máimò	to engulfto buryto overlookto stifle
7	25506	无不	wúbù	none lackingnone missingeverything is thereeveryone without exception
7	25510	拄	zhǔ	to lean onto prop on
7	25516	外贸	wàimào	foreign trade
7	25542	根深蒂固	gēnshēndìgù	deep-rooted (problem etc)
7	25628	循序渐进	xúnxùjiànjìn	in sequence, step by step (idiom), to make steady progress incrementally
7	25638	刹那	chànà	an instant (Sanskrit: ksana), split second, the twinkling of an eye
7	25640	公费	gōngfèi	at public expense
7	25685	造价	zàojià	construction cost
7	25716	分寸	fēncun	proprietyappropriate behaviorproper speech or actionwithin the norms
7	25720	忠贞	zhōngzhēn	loyal and dependable
7	25744	污蔑	wūmiè	to slanderto smearto tarnish
7	25753	谜语	míyǔ	riddleconundrum
7	25766	苦笑	kǔxiào	to force a smilea bitter laugh
7	25787	休眠	xiūmián	(biology) dormant(of a volcano) dormant(computing) to hibernate
7	25802	照例	zhàolì	as a ruleas usualusually
7	25820	心安理得	xīn'ānlǐdé	to have a clear conscienceto have no qualms about sth
7	25827	船舶	chuánbó	shippingboats
7	25831	衰弱	shuāiruò	weakfeeble
7	25860	不翼而飞	bùyì'érfēi	to disappear without traceto vanish all of a suddento spread fastto spread like wildfire
7	25860	免职	miǎnzhí	to relieve sb of his postto sackto demotedismissal
7	25869	无微不至	wúwēibùzhì	in every possible way (idiom), meticulous
7	25897	吹捧	chuīpěng	to flatterto laud sb's accomplishmentsadulation
7	25962	篇幅	piānfu	length (of a piece of writing)space occupied on a printed page
7	25971	牵头	qiāntóu	to lead (an animal by the head)to take the leadto coordinate (a combined operation)to mediate
7	25988	表率	biǎoshuài	examplemodel
7	25996	徐徐	xúxú	slowlygently
7	26016	一晃	yīhuǎng	(of passing time) in an instant(of a sight) in a flash
7	26017	污秽	wūhuì	(literary) dirty, filthy(literary) dirt, filth
7	26032	没辙	méizhé	at one's wit's endunable to find a way out
7	26034	秀丽	xiùlì	pretty, beautiful
7	26048	司空见惯	sīkōngjiànguàn	a common occurrence (idiom)
7	26052	耐用	nàiyòng	durable
7	26068	内向	nèixiàng	reserved (personality)introverted(economics etc) domestic-oriented
7	26104	纵然	zòngrán	even if, even though
7	26105	喜怒哀乐	xǐnù'āilè	(lit.) happiness, anger, sorrow, and joy (idiom)(fig.) emotions
7	26109	并行	bìngxíng	to proceed in parallelside by side (of two processes, developments, thoughts etc)
7	26109	骏马	jùnmǎ	fine horsesteed
7	26149	兴隆	xīnglóng	prosperousthrivingflourishing
7	26153	查获	cháhuò	to track down and seize (a criminal suspect, contraband etc)
7	26154	鉴赏	jiànshǎng	to appreciate (as a connoisseur)
7	26160	挂钩	guàgōu	to couple, to link, to hook together(fig.) to establish contact (with {entity}), (Tw) to collude (with {entity})(fig.) to link (marketing efforts with production etc), to peg (welfare payments to inflation etc), to tie (remuneration to performance etc)hook (on which to hang sth), latch hook, coupling
7	26169	灼热	zhuórè	burning hot, scorching
7	26193	壮烈	zhuàngliè	braveheroic
7	26198	微观	wēiguān	micro-subatomic
7	26199	过意不去	guòyìbùqù	to feel very apologetic
7	26207	缆车	lǎnchē	cable car
7	26214	嫁妆	jiàzhuang	dowry
7	26223	倾家荡产	qīngjiādàngchǎn	to lose a family fortune (idiom)
7	26229	不亦乐乎	bùyìlèhū	lit. isn't that a joy? (quote from Confucius)fig. (jocular) extremely, awfully
7	26236	挨家挨户	āijiā'āihù	to go from house to house
7	26246	佳节	jiājié	festive dayholiday
7	26254	伤脑筋	shāngnǎojīn	to be a real headacheto find sth a real headacheto beat one's brains
7	26282	无精打采	wújīngdǎcǎi	dispirited and downcast (idiom), listlessin low spiritswashed out
7	26284	瓜分	guāfēn	to partitionto divide up
7	26292	文人	wénrén	cultivated individual, scholar, literati
7	26319	冗长	rǒngcháng	long and tediousredundantsuperfluoussupernumerary
7	26326	红薯	hóngshǔ	sweet potato
7	26329	边远	biānyuǎn	far from the centerremoteoutlying
7	26341	寓言	yùyán	fable, allegory, parable
7	26348	椭圆	tuǒyuán	ovalellipseelliptic
7	26355	爱不释手	àibùshìshǒu	(idiom) to like sth so much that one is reluctant to put it down, to find sth utterly irresistible
7	26395	误区	wùqū	mistaken ideas, misconceptions, the error of one's ways
7	26408	气魄	qìpò	spiritboldnesspositive outlookimposing attitude
7	26414	底子	dǐzi	basefoundationbottom
7	26421	摇摇欲坠	yáoyáoyùzhuì	totteringon the verge of collapse
7	26439	艳丽	yànlì	gorgeousgarish and beautiful
7	26445	辛酸	xīnsuān	pungent (taste)bitterfig. sadmiserable
7	26466	海运	hǎiyùn	shipping by sea
7	26480	一声不吭	yīshēngbùkēng	to not say a word
7	26487	封顶	fēngdǐng	to put a roof (on a building)to cap the roof (finishing a building project)fig. to put a ceiling (on spending, prize, ambition etc)to top off
7	26492	长足	chángzú	remarkable (progress, improvement, expansion etc)
7	26512	斟酌	zhēnzhuó	to considerto deliberateto fill up a cup to the brim
7	26517	功底	gōngdǐ	training in the basic skillsknowledge of the fundamentals
7	26534	盛产	shèngchǎn	to produce in abundanceto be rich in
7	26542	退却	tuìquè	to retreatto shrink back
7	26589	引人入胜	yǐnrénrùshèng	to enchantfascinating
7	26590	凸显	tūxiǎn	to stand out clearly, to make prominent
7	26592	急功近利	jígōngjìnlì	seeking instant benefit (idiom), shortsighted vision, looking only for fast return
7	26598	商贩	shāngfàn	traderpeddler
7	26601	以身作则	yǐshēnzuòzé	to set an example (idiom), to serve as a model
7	26607	赤道	chìdào	equator (of the earth or a celestial body)celestial equator
7	26657	丘陵	qiūlíng	hills
7	26674	地势	dìshì	terraintopography relief
7	26676	要领	yàolǐng	main aspectsessentialsgist
7	26677	附和	fùhè	to agreeto go along withto echo (what sb says)
7	26680	历代	lìdài	successive generationssuccessive dynastiespast dynasties
7	26687	外币	wàibì	foreign currency
7	26690	发扬光大	fāyángguāngdà	to develop and promoteto carry forwardto bring to great height of development
7	26721	失传	shīchuán	(of skills etc) to die outlostextinct
7	26730	订立	dìnglì	to conclude (treaty, contract, agreement etc)to set up (a rule etc)
7	26745	味精	wèijīng	monosodium glutamate (MSG)
7	26758	亏本	kuīběn	to make a loss
7	26774	两口子	liǎngkǒuzi	husband and wife
7	26873	竹竿	zhúgān	bamboo pole
7	26877	纬度	wěidù	latitude
7	26904	胸有成竹	xiōngyǒuchéngzhú	(idiom) to have a well-thought-out plan in mind
7	26972	铺路	pūlù	to pave (with paving stones)to lay a road(fig.) to lay the groundwork (for sth)to give a present to sb to ensure success
7	26979	胜出	shèngchū	to come out on topto win (in an election, contest etc)successvictory
7	26988	疏导	shūdǎo	to dredgeto open up a path forto remove obstructionsto clear the way
7	26991	收复	shōufù	to recover (lost territory etc)to recapture
7	27007	伯母	bómǔ	wife of father's elder brotheraunt(polite form of address for a woman who is about the age of one's mother)
7	27035	串门	chuànmén	to call on sbto drop into visit sb's home
7	27054	触觉	chùjué	sense of touch, tactile sensation
7	27067	伸缩	shēnsuō	to lengthen and shortenflexibleadjustableretractable
7	27081	山川	shānchuān	mountains and riverslandscape
7	27081	长征	chángzhēng	expeditionlong journey
7	27107	养生	yǎngshēng	to maintain good healthto raise a child or animalcuring (of concrete etc)
7	27115	侧重	cèzhòng	to place particular emphasis on
7	27120	挑拨	tiǎobō	to incite disharmonyto instigate
7	27134	拙劣	zhuōliè	clumsy, botched
7	27135	产值	chǎnzhí	value of outputoutput value
7	27143	深化	shēnhuà	to deepento intensify
7	27145	赡养	shànyǎng	to supportto provide support forto maintain
7	27174	深入人心	shēnrùrénxīn	to enter deeply into people's heartsto have a real impact on the people (idiom)
7	27190	触目惊心	chùmùjīngxīn	lit. shocks the eye, astonishes the heart (idiom), shockinghorrible to seea ghastly sight
7	27245	孪生	luánshēng	(adj.) twin
7	27249	异想天开	yìxiǎngtiānkāi	(idiom) to imagine the wildest thing, to indulge in fantasy
7	27257	晃荡	huàngdang	to rockto swayto shake
7	27264	巴结	bājie	to fawn onto curry favor withto make up to
7	27300	与日俱增	yǔrìjùzēng	to increase steadilyto grow with each passing day
7	27310	韧性	rènxìng	toughness
7	27332	教条	jiàotiáo	doctrinedogmacreeddogmatic
7	27337	支流	zhīliú	tributary (river)
7	27338	哭笑不得	kūxiàobùdé	lit. not to know whether to laugh or cry (idiom)both funny and extremely embarrassingbetween laughter and tears
7	27340	心病	xīnbìng	anxietysore pointsecret worrymental disorder
7	27364	操练	cāoliàn	drillpractice
7	27384	心慌	xīnhuāng	to be flustered(dialect) irregular heart-beat
7	27396	兢兢业业	jīngjīngyèyè	(idiom) conscientiousassiduous
7	27414	波涛	bōtāo	billows, great waves, surging waves
7	27419	殷勤	yīnqín	politelysolicitouslyeagerly attentive
7	27444	毅然	yìrán	firmlyresolutelywithout hesitation
7	27476	争先恐后	zhēngxiānkǒnghòu	(idiom) to compete to be first, to scramble to get ahead, to rush forward for fear of falling behind
7	27483	赫然	hèrán	with astonishmentwith a shockawe-inspiringlyimpressively
7	27484	威慑	wēishè	to deter
7	27498	雷同	léitóng	mirroring othersidentical
7	27510	正气	zhèngqì	healthy atmosphere, moral spiritunyielding integrity, probity(TCM) vital energy (resistance to diseases)
7	27521	盛情	shèngqíng	great kindnessmagnificent hospitality
7	27576	中庸	zhōngyōng	golden mean (Confucianism)(literary) (of person) mediocreordinary
7	27587	阎王	Yánwang	(Buddhism) Yama, the King of Hell(fig.) cruel and tyrannical person
7	27618	小康	xiǎokāng	moderately affluentwell-offa period of peace and prosperity
7	27620	叫板	jiàobǎn	to signal the musicians (in Chinese opera, by prolonging a spoken word before attacking a song)(coll.) to challenge
7	27668	异口同声	yìkǒutóngshēng	different mouths, same voiceto speak in unison (idiom)
7	27672	成才	chéngcái	to make sth of oneselfto become a person who is worthy of respect
7	27678	揣摩	chuǎimó	to analyzeto try to figure outto try to fathom
7	27699	乐谱	yuèpǔ	a musical scoresheet music
7	27717	袖珍	xiùzhēn	pocket-sizedpocket (book etc)
7	27750	剪彩	jiǎncǎi	to cut the ribbon (at a launching or opening ceremony)
7	27751	五花八门	wǔhuābāmén	myriadall kinds ofall sorts of
7	27799	火辣辣	huǒlàlà	scorching hot(of a burn or other injury) painful, burning(of one's mood) agitated, heated, intense(of a personality) fiery, sharp-tongued
7	27807	取经	qǔjīng	to journey to India on a quest for the Buddhist scripturesto learn by studying another's experience
7	27809	口吃	kǒuchī	to stammer, to stutter
7	27819	目不转睛	mùbùzhuǎnjīng	unable to take one's eyes off (idiom), to gaze steadilyto stare
7	27852	连绵	liánmián	continuousunbrokenuninterruptedextending forever into the distance (of mountain range, river etc)
7	27880	暴利	bàolì	sudden huge profits
7	27889	原汁原味	yuánzhīyuánwèi	original, authentic
7	27890	乳制品	rǔzhìpǐn	dairy products
7	27893	苦心	kǔxīn	painstaking effortto take a lot of troublelaborious at pains
7	27919	一揽子	yīlǎnzi	all-inclusiveundiscriminating
7	27956	卫视	wèishì	satellite TV
7	27975	浮躁	fúzào	fickle and impatientrestlessgiddyscatterbrained
7	27998	精疲力竭	jīngpílìjié	spirit weary, strength exhausted (idiom), spentdrainedwashed out
7	28006	廉洁	liánjié	incorruptible, unbribable, honest
7	28007	柳树	liǔshù	willow
7	28045	欢声笑语	huānshēngxiàoyǔ	cheers and laughter
7	28084	分外	fènwài	exceptionallynot one's responsibility or job
7	28113	边疆	biānjiāng	border areaborderlandfrontierfrontier region
7	28114	陡峭	dǒuqiào	precipitous
7	28114	酷似	kùsì	to strikingly resemble
7	28126	质朴	zhìpǔ	simpleplainunadornedunaffected
7	28145	亏待	kuīdài	to treat sb unfairly
7	28158	酒楼	jiǔlóu	restaurant
7	28181	辩证	biànzhèng	to investigatedialectical
7	28185	推敲	tuīqiāo	to think over
7	28188	驮	tuó	to carry on one's back
7	28194	广义	guǎngyì	broad sensegeneral sense
7	28207	隐情	yǐnqíng	sth one wishes to keep secretulterior motivea subject best avoided
7	28228	易拉罐	yìlāguàn	pull-top caneasy-open can (with ring-pull)
7	28231	接班	jiēbān	to take over (from those working the previous shift)to take over (in a leadership role etc)to succeed sb
7	28264	淡季	dànjì	off seasonslow business season
7	28270	浓重	nóngzhòng	densethickstrongrich (colors)
7	28296	日新月异	rìxīnyuèyì	daily renewal, monthly change (idiom)every day sees new developmentsrapid progress
7	28333	推辞	tuīcí	to decline (an appointment, invitation etc)
7	28346	志气	zhìqì	ambitionresolvebackbonedrive
7	28361	提纲	tígāng	outlinesynopsisnotes
7	28405	生命线	shēngmìngxiàn	lifeline
7	28406	夜以继日	yèyǐjìrì	night and day (idiom), continuous strenuous effort
7	28410	郊游	jiāoyóu	to go for an outingto go on an excursion
7	28447	反差	fǎnchā	contrast, discrepancy
7	28450	茂盛	màoshèng	lush
7	28471	励志	lìzhì	to pursue a goal with determinationinspirational, motivational
7	28491	骇人听闻	hàiréntīngwén	shockinghorrifyingatrociousterrible
7	28494	晶莹	jīngyíng	sparkling and translucent
7	28513	追悼	zhuīdào	to mourn, to pay last respects
7	28524	呼应	hūyìng	to conform (with)to echoto correlate well(linguistics) agreement
7	28543	两手	liǎngshǒu	one's two handstwo prongs (of a strategy)both aspects, eventualities etcskills
7	28546	出土	chūtǔ	to dig upto appear in an excavationunearthedto come up out of the ground
7	28565	不服	bùfú	not to accept sthto want to have sth overruled or changedto refuse to obey or complyto refuse to accept as final
7	28620	自相矛盾	zìxiāngmáodùn	to contradict oneselfself-contradictoryinconsistent
7	28624	自满	zìmǎn	complacentself-satisfied
7	28683	罢免	bàmiǎn	to remove sb from their postto dismiss
7	28718	圣贤	shèngxián	a sagewise and holy manvirtuous rulerBuddhist lama
7	28720	脊梁	jǐliáng	backbonespine
7	28724	求学	qiúxué	to pursue one's studies, to attend schoolto seek knowledge
7	28797	两栖	liǎngqī	amphibiousdual-talentedable to work in two different lines
7	28809	帘子	liánzi	curtain
7	28810	衰减	shuāijiǎn	to weakento attenuate
7	28840	宽厚	kuānhòu	tolerantgenerousmagnanimousthick and broad (build)
7	28840	祖传	zǔchuán	passed on from ancestorshanded down from generation to generation
7	28922	拍板	pāibǎn	wooden clappers (percussion instrument)to beat time with clappers (for a singer)(auctioneer's) board or gavelto slap the board to signal a sale, to bring down the gavel
7	28984	古今中外	gǔjīnzhōngwài	at all times and in all places (idiom)
7	28994	计策	jìcè	stratagem
7	28996	挺拔	tǐngbá	tall and straight
7	29102	牧民	mùmín	herdsman
7	29120	接轨	jiēguǐ	railtrack connectionto integrate into sthto dockto connect
7	29155	贫乏	pínfá	impoverishedlackingdeficientlimited
7	29179	出访	chūfǎng	to go and visit in an official capacity or for investigation
7	29214	蚊帐	wénzhàng	mosquito net
7	29216	温度计	wēndùjì	thermometerthermograph
7	29234	作客	zuòkè	to live somewhere as a visitor, to stay with sb as a guest, to sojourn
7	29362	耍赖	shuǎlài	to act shamelesslyto refuse to acknowledge that one has lost the game, or made a promise etcto act dumbto act as if sth never happened
7	29365	持之以恒	chízhīyǐhéng	to pursue unremittingly (idiom), to persevere
7	29399	家境	jiājìng	family financial situationfamily circumstances
7	29421	慌忙	huāngmáng	in a great rushin a flurry
7	29487	彬彬有礼	bīnbīnyǒulǐ	refined and courteousurbane
7	29493	药材	yàocái	medicinal ingredient
7	29495	拉动	lādòng	to pull(fig.) to stimulate (economic activity)to motivate (people to do sth)
7	29506	秀美	xiùměi	elegantgraceful
7	29574	树荫	shùyīn	shade of a tree
7	29606	恼羞成怒	nǎoxiūchéngnù	(idiom) to become enraged over a perceived humiliation
7	29648	喜出望外	xǐchūwàngwài	to be pleased beyond one's expectations (idiom)overjoyed at the turn of events
7	29691	股民	gǔmín	stock investorshare trader
7	29692	笼统	lǒngtǒng	generalbroadsweepinglacking in detail
7	29716	吃喝玩乐	chīhēwánlè	(lit.) to eat, drink, play and be merry (idiom)(fig.) to abandon oneself to a life of pleasure
7	29754	比比皆是	bǐbǐjiēshì	can be found everywhere
7	29769	光缆	guānglǎn	optical cable
7	29794	落差	luòchā	drop in elevation(fig.) gap (in wages, expectations etc)disparity
7	29803	建树	jiànshù	to make a contributionto establishto foundcontribution
7	29831	刻不容缓	kèbùrónghuǎn	to brook no delayto demand immediate action
7	29863	斧子	fǔzi	axehatchet
7	29873	急迫	jípò	urgentpressingimperative
7	29889	长期以来	chángqīyǐlái	for a long time
7	29897	海量	hǎiliàng	(courteous) magnanimitygreat capacity for alcohol(attributive) enormous quantity, massive volume
7	29941	聘任	pìnrèn	to appoint (to a position)appointed
7	29945	扫墓	sǎomù	to sweep a grave (and pay one's respects to the dead person)
7	29949	容光焕发	róngguānghuànfā	face glowing (idiom), looking radiantall smiles
7	29955	预售	yùshòu	to sell in advance
7	29962	弄虚作假	nòngxūzuòjiǎ	to practice fraud (idiom), by trickery
7	29989	改版	gǎibǎn	to revise the current editionrevised edition
7	29995	物美价廉	wùměijiàlián	good quality and cheapa bargain
7	30010	喜糖	xǐtáng	sweet given on a happy occasion (esp. wedding)
7	30023	下坠	xiàzhuì	(of objects) to fallto dropto droop(medicine) to experience tenesmus
7	30053	自费	zìfèi	at one's own expenseself-funded
7	30109	探求	tànqiú	to seekto pursueto investigate
7	30125	侍候	shìhòu	to serveto wait upon
7	30150	得不偿失	débùchángshī	the gains do not make up for the losses (idiom)
7	30151	年画	niánhuà	New Year (Spring Festival) picture
7	30186	贯通	guàntōng	to link upto thread together
7	30218	翠绿	cuìlǜ	greenish-blueemerald green
7	30221	试行	shìxíng	to try outto test
7	30236	优胜劣汰	yōushèngliètài	(idiom) survival of the fittest
7	30256	审定	shěndìng	to examine sth and make a decisionto screento evaluateto approve
7	30332	重合	chónghé	to match upto coincide
7	30346	耐人寻味	nàirénxúnwèi	(idiom) thought-provoking, to provide food for thought
7	30356	天经地义	tiānjīngdìyì	lit. heaven's law and earth's principle (idiom), fig. right and properright and unalterablea matter of course
7	30360	茂密	màomì	dense (of plant growth)lush
7	30382	纯朴	chúnpǔ	simple and honestunsophisticatedguileless
7	30408	艰险	jiānxiǎn	difficult and dangeroushardships and perils
7	30424	久仰	jiǔyǎng	honorific: I've long looked forward to meeting youIt's an honor to meet you at last
7	30450	卧铺	wòpù	a bed (on a train)a couchette
7	30471	恰如其分	qiàrúqífèn	(idiom) appropriateaptjust right
7	30508	请帖	qǐngtiě	invitation cardwritten invitation
7	30527	寥寥无几	liáoliáowújǐ	(idiom) very few
7	30687	夸耀	kuāyào	to brag aboutto flaunt
7	30764	拜会	bàihuì	(often used in the context of diplomacy) to meet with, to pay a visit to, to call on
7	30782	一举两得	yījǔliǎngdé	(lit.) one action, two gains (idiom)(fig.) two birds with one stone
7	30799	温习	wēnxí	to review (a lesson etc)
7	30806	伸张	shēnzhāng	to uphold (e.g. justice or virtue)to promote
7	30827	老字号	lǎozìhào	shop, firm, or brand of merchandise with a long-established reputation
7	30839	须知	xūzhī	key informationinstructionsit must be borne in mind
7	30846	熙熙攘攘	xīxīrǎngrǎng	(idiom) bustling with activity
7	30870	香油	xiāngyóu	sesame oilperfumed oil
7	30898	僵化	jiānghuà	to become rigid
7	30948	平价	píngjià	reasonably pricedinexpensiveto keep prices down(currency exchange) parity
7	31034	滑梯	huátī	(children's) sliding boarda slide
7	31080	簇拥	cùyōng	to crowd aroundto escort
7	31135	网点	wǎngdiǎn	branch, service outlet (of a bank, retail store etc)(printing) halftone dot(computing) network node
7	31166	搀	chān	to take by the arm and assist
7	31178	欢聚	huānjù	to get together sociallyto celebratepartycelebration
7	31253	概况	gàikuàng	general situationsummary
7	31301	耳熟能详	ěrshúnéngxiáng	what's frequently heard can be repeated in detail (idiom)
7	31328	起程	qǐchéng	to set outto leave
7	31406	讥笑	jīxiào	to sneer
7	31431	清脆	qīngcuì	sharp and clearcrispmelodiousringing
7	31432	瞻仰	zhānyǎng	to revereto admire
7	31433	耸立	sǒnglì	to stand tallto tower aloft
7	31436	掉队	diàoduì	to fall behindto drop out
7	31449	恩情	ēnqíng	kindnessaffectiongracefavor
7	31449	商贾	shānggǔ	merchant
7	31466	大同小异	dàtóngxiǎoyì	virtually the samediffering only on small points
7	31471	磋商	cuōshāng	to consultto discuss seriouslyto negotiateto confer
7	31485	折合	zhéhé	to convert intoto amount toto be equivalent to
7	31529	奸诈	jiānzhà	treacherydeviousa rogue
7	31554	开垦	kāikěn	to clear a wild area for cultivationto put under the plow
7	31560	一应俱全	yīyīngjùquán	with everything needed available
7	31567	豁	huō	openingstake allsacrificecrack
7	31623	防疫	fángyì	to prevent epidemics
7	31683	素不相识	sùbùxiāngshí	to be total strangers (idiom)
7	31683	重中之重	zhòngzhōngzhīzhòng	of the utmost importanceof highest priority
7	31751	谋害	móuhài	to conspire to murderto plot against sb's life
7	31752	面面俱到	miànmiànjùdào	(idiom) take care of everything, handle everything
7	31869	括号	kuòhào	parentheses, brackets
7	31904	精打细算	jīngdǎxìsuàn	meticulous planning and careful accounting (idiom)
7	31915	一筹莫展	yīchóumòzhǎn	to be unable to find a solutionto be at wits' end
7	31990	潜移默化	qiányímòhuà	imperceptible influenceto influence secretly
7	32018	富强	fùqiáng	rich and powerful
7	32144	目中无人	mùzhōngwúrén	to consider everyone else beneath one (idiom), so arrogant that no-one else matterscondescendingto go about with one's nose in the air
7	32173	历届	lìjiè	all previous (meetings, sessions etc)
7	32193	痴心	chīxīn	infatuation
7	32224	竞相	jìngxiāng	competitiveeagerlyto vie
7	32252	无所作为	wúsuǒzuòwéi	attempting nothing and accomplishing nothing (idiom), without any initiative or drivefeckless
7	32270	纲要	gāngyào	outlineessential points
7	32272	豪迈	háomài	boldopen-mindedheroic
7	32277	成群结队	chéngqúnjiéduì	(idiom) making up a group, forming a troupe, in large numbers, as a large crowd
7	32316	旭日	xùrì	the rising sun
7	32316	争光	zhēngguāng	to win an honorto strive to win a prize
7	32377	外向	wàixiàng	extroverted (personality)(economics etc) export-oriented
7	32446	呜咽	wūyè	to sobto whimper
7	32453	回落	huíluò	to fall backto return to low level after a rise (in water level, price etc)
7	32474	此起彼伏	cǐqǐbǐfú	up here, down there (idiom), to rise and fall in successionno sooner one subsides, the next arisesrepeating continuouslyoccurring again and again (of applause, fires, waves, protests, conflicts, uprisings etc)
7	32491	宽泛	kuānfàn	wide-ranging
7	32495	汪洋	wāngyáng	vast body of water
7	32503	灵机一动	língjīyīdòng	a bright idea suddenly occurs (idiom), to hit upon an inspirationto be struck by a brainwave
7	32588	聚精会神	jùjīnghuìshén	to concentrate one's attention (idiom)
7	32601	划时代	huàshídài	epoch-marking
7	32609	驰名	chímíng	famous
7	32691	因人而异	yīnrén'éryì	varying from person to person (idiom), different for each individual
7	32748	旷课	kuàngkè	to play truantto cut classes
7	32764	亭子	tíngzi	pavilion
7	32774	义工	yìgōng	volunteer workervolunteer work
7	32815	难能可贵	nánnéngkěguì	rare and preciousvaluableremarkable
7	32822	不约而同	bùyuē'értóng	(idiom) (of two or more people) to take the same action without prior consultation, (usu. used adverbially) all (or both) of them, independently, as if by prior agreement
7	32851	古朴	gǔpǔ	simple and unadorned (of art, architecture etc)
7	32906	亡羊补牢	wángyángbǔláo	lit. to mend the pen after sheep are lost (idiom)fig. to act belatedlybetter late than neverto lock the stable door after the horse has bolted
7	32916	哺育	bǔyù	to feed(fig.) to nurture, to foster
7	32917	按说	ànshuō	in the ordinary course of events, ordinarily, normally
7	32921	欣欣向荣	xīnxīnxiàngróng	(idiom) flourishingthriving
7	32937	心急如焚	xīnjírúfén	(idiom) burning with anxiety, extremely anxious or impatient
7	32971	官吏	guānlì	bureaucratofficial
7	33111	次品	cìpǐn	substandard productsdefectiveseconds
7	33147	备课	bèikè	(of a teacher) to do one's lesson preparation
7	33204	守株待兔	shǒuzhūdàitù	lit. to guard a tree-stump, waiting for rabbits (idiom)to wait idly for opportunitiesto trust to chance rather than show initiative
7	33298	落户	luòhù	to settleto set up home
7	33311	怜惜	liánxī	to take pity onto feel tenderness toward
7	33317	师长	shīzhǎng	military division level commanderteacher
7	33360	出神	chūshén	spellboundentrancedlost in thought
7	33380	惨白	cǎnbái	deathly pale
7	33401	碧绿	bìlǜ	dark green
7	33466	不辞而别	bùcí'érbié	to leave without saying good-bye
7	33542	骤然	zhòurán	suddenlyabruptly
7	33564	哗然	huárán	in uproarcommotioncausing a storm of protesttumultuous
7	33607	忙乱	mángluàn	rushed and muddled
7	33676	美中不足	měizhōngbùzú	everything is fine except for one small defect (idiom), the fly in the ointment
7	33772	不假思索	bùjiǎsīsuǒ	(idiom) to act without taking time to think, to react instantly, to fire from the hip
7	33799	豁达	huòdá	optimisticsanguinegenerousmagnanimous
7	33911	见外	jiànwài	to treat sb with the formal courtesy accorded to a host or a guest
7	33920	烦闷	fánmèn	moody, gloomy
7	33973	借条	jiètiáo	receipt for a loanIOU
7	33975	前无古人	qiánwúgǔrén	(idiom) unprecedentedunheard of
7	34005	朝夕相处	zhāoxīxiāngchǔ	to spend all one's time together (idiom)
7	34026	诞辰	dànchén	birthday
7	34045	碍事	àishì	to be in the way, to be a hindrance(usu. in the negative) to be of consequence, to matter
7	34085	混浊	hùnzhuó	turbidmuddydirty
7	34171	僻静	pìjìng	lonelysecluded
7	34239	纵深	zòngshēn	depth (from front to rear)depth (into a territory)span (of time)(fig.) depth (of deployment, progress, development etc)
7	34285	萌发	méngfā	to sproutto shootto bud
7	34295	堤坝	dībà	damdike
7	34338	风和日丽	fēnghérìlì	moderate wind, beautiful sun (idiom), fine sunny weather, esp. in springtime
7	34385	连年	liánnián	successive yearsover many years
7	34481	大有可为	dàyǒukěwéi	with great prospects for the future (idiom), well worth doing
7	34522	底蕴	dǐyùn	inside informationconcrete details
7	34528	增收	zēngshōu	to increase revenueto increase income by (x amount)to levy (a surcharge, tax increase etc)(of a school) to have an increased student intake
7	34533	畜牧	xùmù	to raise animals
7	34544	依依不舍	yīyībùshě	reluctant to part (idiom), broken-hearted at having to leave
7	34562	可乘之机	kěchéngzhījī	(idiom) an opportunity that someone (usually a villain or adversary) can exploit
7	34580	一鼓作气	yīgǔzuòqì	in a spurt of energy
7	34585	东张西望	dōngzhāngxīwàng	to look in all directions (idiom)to glance around
7	34597	络绎不绝	luòyìbùjué	(idiom) continuously, in an endless stream
7	34629	物流	wùliú	distribution (business)logistics
7	34670	挂失	guàshī	to report the loss of something
7	34691	硕果	shuòguǒ	major achievementgreat worktriumphant success
7	34752	秧歌	yāngge	Yangge, a popular rural folk dance
7	34781	畏缩	wèisuō	to cower, to flinch, to quail, to recoil
7	34807	多心	duōxīn	oversensitivesuspicious
7	34808	杂乱无章	záluànwúzhāng	disordered and in a mess (idiom), all mixed up and chaotic
7	34813	愁眉苦脸	chóuméikǔliǎn	to look anxious (idiom)to look miserable
7	34849	粗心大意	cūxīndàyì	negligentcarelessinadvertent
7	34909	争分夺秒	zhēngfēnduómiǎo	lit. fight minutes, snatch seconds (idiom), a race against timemaking every second count
7	34963	垂头丧气	chuítóusàngqì	hanging one's head dispiritedly (idiom), dejectedcrestfallen
7	34995	弊病	bìbìng	maladyevilmalpracticedrawback
7	35004	不敢当	bùgǎndāng	lit. I dare not (accept the honor), fig. I don't deserve your praiseyou flatter me
7	35050	任重道远	rènzhòngdàoyuǎn	a heavy load and a long roadfig. to bear heavy responsibilities through a long struggle (cf Confucian Analects, 8.7)
7	35077	东道主	dōngdàozhǔ	hostofficial host (e.g. venue for games or a conference)
7	35140	农历	nónglì	the traditional Chinese calendarthe lunar calendar
7	35184	珍重	zhēnzhòng	to treasure, to cherish, to value highly(in parting) take good care of yourself
7	35198	夸夸其谈	kuākuāqítán	(idiom) to talk big, to sound off, to be full of hot air
7	35345	举世瞩目	jǔshìzhǔmù	to receive worldwide attention
7	35386	弘扬	hóngyáng	to enhanceto promoteto enrich
7	35406	走漏	zǒulòu	to leak (information, secrets etc)to smuggle and evade taxto suffer shrinkage (partial loss of goods due to theft etc)
7	35462	化险为夷	huàxiǎnwéiyí	to turn peril into safety (idiom), to avert disaster
7	35542	联欢	liánhuān	to have a get-togethercelebrationparty
7	35572	俊俏	jùnqiào	attractive and intelligentcharmingelegant
7	35620	走过场	zǒuguòchǎng	to go through the motions
7	35628	成心	chéngxīn	intentionally, deliberately, on purpose
7	35633	扣人心弦	kòurénxīnxián	to exciteto thrillexcitingthrilling
7	35648	光明磊落	guāngmínglěiluò	open and candid (idiom), straightforward and upright
7	35703	千钧一发	qiānjūnyīfà	(lit.) a thousand pounds hangs by a thread (idiom)(fig.) (at the) critical, perilous (moment)
7	35706	酌情	zhuóqíng	to use discretionto take circumstances into accountto make allowances pertinent to a situation
7	35836	千变万化	qiānbiànwànhuà	countless changesconstant permutation
7	35838	朝气蓬勃	zhāoqìpéngbó	full of youthful energy (idiom), vigorousenergetica bright spark
7	35900	斩钉截铁	zhǎndīngjiétiě	(lit.) to chop the nail and slice the iron (idiom)(fig.) resolute and decisive, unhesitating, categorical
7	35904	搞鬼	gǎoguǐ	to make mischiefto play tricks
7	35933	瑰宝	guībǎo	a treasure, a rare and valuable thing
7	35946	立方米	lìfāngmǐ	cubic meter (m³)
7	36064	说不上	shuōbushàng	to be unable to say or tellto not be worth mentioning
7	36076	天伦之乐	tiānlúnzhīlè	family love and joydomestic bliss
7	36099	一技之长	yījìzhīcháng	proficiency in a particular field (idiom)skill in a specialized area (idiom)
7	36112	欠条	qiàntiáo	IOUcertificate of indebtedness
7	36267	见闻	jiànwén	what one has seen and heardknowledgeone's experience
7	36268	同舟共济	tóngzhōugòngjì	cross a river in the same boat (idiom), fig. having common interestsobliged to collaborate towards common goals
7	36274	自强不息	zìqiángbùxī	to strive unremittinglyself-improvement
7	36363	堆砌	duīqì	lit. to pile up (bricks)to packfig. to pad out (writing with fancy phrases)ornate rhetoric
7	36371	序言	xùyán	preface, introductory remarks, preamble, prelude
7	36388	旗袍	qípáo	cheongsam, a traditional Chinese dress for women, originally a long robe worn by Manchu women, later modernized in 20th-century Shanghai into a close-fitting dress with a high collar and side slits
7	36421	说情	shuōqíng	to intercedeto plead for sb else
7	36443	见多识广	jiànduōshíguǎng	(idiom) experienced and knowledgeable
7	36451	精益求精	jīngyìqiújīng	(idiom) to constantly seek to improve, to keep perfecting
7	36480	耻笑	chǐxiào	to sneer at sbto ridicule
7	36523	跑龙套	pǎolóngtào	to play a small role
7	36570	从容不迫	cóngróngbùpò	calmunruffled
7	36571	稠密	chóumì	dense
7	36631	洪亮	hóngliàng	loud and clear, resonant
7	36686	峰回路转	fēnghuílùzhuǎn	the mountain road twists around each new peak (idiom)(of a mountain road) twisting and turningfig. an opportunity has come unexpectedlythings have taken a new turn
7	36701	嬉笑	xīxiào	to be laughing and playingto giggle
7	36715	鹤立鸡群	hèlìjīqún	a crane in a flock of chicken (idiom), way above the commonmanifestly superior
7	36742	风沙	fēngshā	sand blown by windsandstorm
7	36835	大大咧咧	dàdàliēliē	(idiom) carefree, offhand, casual
7	36947	标点	biāodiǎn	punctuationa punctuation markto punctuate
7	36979	喜洋洋	xǐyángyáng	radiant with joy
7	36984	假使	jiǎshǐ	ifin casesupposegiven
7	37016	学子	xuézǐ	(literary) studentscholar
7	37051	籍贯	jíguàn	one's ancestral home (registered place of family origin, typically inherited patrilineally and recorded in official documents)
7	37070	工整	gōngzhěng	fine workcarefully and neatly done
7	37141	荷花	héhuā	lotus
7	37206	提速	tísù	to increase the specified cruising speedto pick up speedto speed up
7	37275	变幻莫测	biànhuànmòcè	to change unpredictablyunpredictableerratictreacherous
7	37285	求医	qiúyī	to seek medical treatment, to see a doctor
7	37289	理直气壮	lǐzhíqìzhuàng	in the right and self-confident (idiom), bold and confident with justice on one's sideto have the courage of one's convictionsjust and forceful
7	37311	称心如意	chènxīnrúyì	(idiom) after one's own heart, gratifying, satisfactory, everything one could wish
7	37401	沿线	yánxiàn	along the line (e.g. railway)the region near the line
7	37429	勉励	miǎnlì	to encourage
7	37468	树梢	shùshāo	the tip of a tree, treetop
7	37530	矿藏	kuàngcáng	mineral resources
7	37673	旋涡	xuánwō	spiralwhirlpooleddyvortex
7	37792	漠然	mòrán	indifferentapatheticcold
7	37817	一言一行	yīyányīxíng	every word and action (idiom)
7	37849	沉甸甸	chéndiàndiàn	heavy
7	37858	半边天	bànbiāntiān	half the skywomen of the new societywomenfolk
7	37859	足智多谋	zúzhìduōmóu	resourcefulfull of stratagems
7	37874	似是而非	sìshì'érfēi	apparently right but actually wrong, specious (idiom)
7	37900	人次	réncì	person-timesvisitsclassifier for number of people participating
7	37930	改邪归正	gǎixiéguīzhèng	to mend one's ways (idiom)to turn over a new leaf
7	37933	劳驾	láojià	excuse me
7	37994	敬而远之	jìng'éryuǎnzhī	to show respect from a distance (idiom)to remain at a respectful distance
7	38128	柏树	bǎishù	cypress tree
7	38140	贺电	hèdiàn	congratulatory telegram
7	38277	娇气	jiāoqì	delicatesqueamishfinicky
7	38309	农民工	nóngmíngōng	migrant worker (who moved from a rural area of China to a city to find work)
7	38385	锦旗	jǐnqí	silk banner (as an award or gift)
7	38438	多边	duōbiān	multilateral
7	38449	锲而不舍	qiè'érbùshě	to chip away at a task and not abandon it (idiom), to chisel away at sthto persevereunflagging efforts
7	38480	祖籍	zǔjí	ancestral hometownoriginal domicile (and civil registration)
7	38524	浮力	fúlì	buoyancy
7	38570	能耗	nénghào	energy consumption
7	38579	犯愁	fànchóu	to worryto be anxious
7	38592	脉络	màiluò	arteries and veinsnetwork of blood vesselsvascular system (of a plant or animal)(fig.) fabric (i.e. underlying structure, as in "social fabric")
7	38595	津津有味	jīnjīnyǒuwèi	with keen interest (idiom)with great pleasurewith gustoeagerly
7	38596	泼冷水	pōlěngshuǐ	to pour cold water on(fig.) to dampen sb's enthusiasm
7	38626	定心丸	dìngxīnwán	tranquilizersth that sets one's mind at ease
7	38676	沏	qī	to brew (tea)
7	38737	烘托	hōngtuō	background (of a painting)backdropa foil (to set off something to advantage)to offset (something to advantage)
7	38742	不亚于	bùyàyú	no less thannot inferior to
7	38767	山岭	shānlǐng	mountain ridge
7	38935	勤俭	qínjiǎn	hardworking and frugal
7	38961	踊跃	yǒngyuè	to leapto jumpeagerenthusiastically
7	39024	强占	qiángzhàn	to occupy by force
7	39034	醇厚	chúnhòu	mellow and richsimple and kind
7	39053	丰硕	fēngshuò	plentiful, substantial, rich (in resources etc)
7	39081	观感	guāngǎn	one's impressionsobservations
7	39207	改日	gǎirì	another daysome other day
7	39226	错别字	cuòbiézì	Chinese character error
7	39323	风土人情	fēngtǔrénqíng	local conditions and customs (idiom)
7	39394	昌盛	chāngshèng	prosperous
7	39431	临街	línjiē	facing the street
7	39436	办学	bànxué	to run a school
7	39443	相辅相成	xiāngfǔxiāngchéng	(idiom) to complement one another
7	39543	繁体字	fántǐzì	traditional Chinese character
7	39680	勤工俭学	qíngōngjiǎnxué	to work part-time while studyingwork-study program
7	39740	头头是道	tóutóushìdào	clear and logical
7	39797	外资	wàizī	foreign investment, foreign capital
7	39851	打岔	dǎchà	interruptionto interrupt (esp. talk)to change the subject
7	39895	知足常乐	zhīzúchánglè	satisfied with what one has (idiom)
7	39944	国徽	guóhuī	national emblemnational coat of arms
7	39965	夺魁	duókuí	to win the championship, to take first place
7	40023	慰劳	wèiláo	to show appreciation (by kind words, small gifts etc)to comfort
7	40048	半信半疑	bànxìnbànyí	(idiom) half believing, half doubting, not quite convinced, skeptical
7	40069	工科	gōngkē	engineering as an academic subject
7	40183	俯首	fǔshǒu	to bend one's head
7	40377	兆头	zhàotou	omenportentsign
7	40387	讹诈	ézhà	to extort under false pretensesto blackmailto bluffto defraud
7	40619	水涨船高	shuǐzhǎngchuángāo	the tide rises, the boat floats (idiom), fig. to change with the overall trendto develop according to the situation
7	40643	得天独厚	détiāndúhòu	blessed by heaven (idiom)enjoying exceptional advantagesfavored by nature
7	40644	递增	dìzēng	to increase by degreesin increasing orderincrementalprogressive
7	40658	秉承	bǐngchéng	to take ordersto receive commandsto carry on (a tradition)
7	40806	华侨	Huáqiáo	overseas Chinese(in a restricted sense) Chinese emigrant who still retains Chinese nationality
7	40823	顾全大局	gùquándàjú	to take the big picture into consideration (idiom)to work for the benefits of all
7	40925	开天辟地	kāitiānpìdì	(lit.) to split heaven and earth apart (idiom)(fig.) unprecedented, first of its kind
7	41183	远近闻名	yuǎnjìnwénmíng	to be known far and wideto be well-known
7	41281	过奖	guòjiǎng	to overpraiseto flatter
7	41378	钻空子	zuānkòngzi	to take advantage of a loophole, to exploit an advantage, to seize the opportunity (esp. to do sth bad)
7	41381	恋恋不舍	liànliànbùshě	reluctant to part
7	41404	七嘴八舌	qīzuǐbāshé	lively discussion with everybody talking at once
7	41428	众志成城	zhòngzhìchéngchéng	unity of will is an impregnable stronghold (idiom)
7	41491	会意	huìyì	combined ideogramChinese character that combines the meanings of existing elementsalso known as joint ideogram or associative compoundto comprehend without being told explicitly
7	41579	急于求成	jíyúqiúchéng	anxious for quick results (idiom), to demand instant successimpatient for resultimpetuous
7	41630	博大精深	bódàjīngshēn	(idiom) wide-ranging and profound
7	41903	积淀	jīdiàn	deposits accumulated over long periodsfig. valuable experience, accumulated wisdom
7	42048	喜酒	xǐjiǔ	wedding feastliquor drunk at a wedding feast
7	42113	交头接耳	jiāotóujiē'ěr	to whisper to one another's ear
7	42113	阔绰	kuòchuò	extravagant, liberal with money
7	42178	仙鹤	xiānhè	red-crowned crane (Grus japonensis)
7	42205	有声有色	yǒushēngyǒusè	having sound and color (idiom), vividdazzling
7	42319	左顾右盼	zuǒgùyòupàn	glancing to left and right (idiom), to look all around
7	42583	活期	huóqī	(banking) current (account)checking (account)demand (deposit etc)
7	42656	经度	jīngdù	longitude
7	42692	面红耳赤	miànhóng'ěrchì	flushed with anger (or excitement)
7	42829	废寝忘食	fèiqǐnwàngshí	(idiom) to skip one's sleep and meals, to be completely wrapped up in one's work
7	43072	戈壁	Gēbì	Gobi (desert)
7	43140	捉迷藏	zhuōmícáng	to play hide-and-seek
7	43166	喜闻乐见	xǐwénlèjiàn	to love to hear and see (idiom)well receivedto one's liking
7	43232	禾苗	hémiáo	seedling (of rice or other grain)
7	43668	川流不息	chuānliúbùxī	the stream flows without stopping (idiom), unending flow
7	43697	絮叨	xùdao	long-windedgarrulousto talk endlessly without getting to the point
7	43758	杨树	yángshù	poplar treevarious trees of genus Populus
7	43779	对弈	duìyì	to play go, chess etc
7	43787	鸦雀无声	yāquèwúshēng	lit. crow and peacock make no soundabsolute silence (idiom), not a single voice can be heardabsolute silence
7	43815	千军万马	qiānjūnwànmǎ	magnificent army with thousands of men and horses (idiom), impressive display of manpowerall the King's horses and all the King's men
7	43850	哄堂大笑	hōngtángdàxiào	the whole room roaring with laughter (idiom)
7	44018	纪要	jìyào	minuteswritten summary of a meeting
7	44059	客流	kèliú	passenger flowcustomer flow
7	44358	盛气凌人	shèngqìlíngrén	overbearingarrogant bully
7	44403	心灵手巧	xīnlíngshǒuqiǎo	capablecleverdexterous
7	44420	马后炮	mǎhòupào	(Chinese chess) moving the cannon after moving the horse away(fig.) a useless action or comment, sth done after it's too late
7	44513	孤陋寡闻	gūlòuguǎwén	ignorant and inexperiencedill-informed and narrow-minded
7	44589	赐教	cìjiào	(honorific) to impart one's wisdom, to enlighten
7	44649	接济	jiējì	to give material assistance to
7	45241	师资	shīzī	qualified teacher
7	45283	眉开眼笑	méikāiyǎnxiào	brows raised in delight, eyes laughing (idiom), beaming with joyall smiles
7	45740	前赴后继	qiánfùhòujì	to advance dauntlessly in wave upon wave (idiom)
7	46100	岂有此理	qǐyǒucǐlǐ	how can this be so? (idiom), preposterousridiculousabsurd
7	46401	画龙点睛	huàlóngdiǎnjīng	to paint a dragon and dot in the eyes (idiom), fig. to add the vital finishing touchthe crucial point that brings the subject to lifea few words to clinch the point
7	46413	正版	zhèngbǎn	genuinelegal
7	46444	精练	jīngliàn	(textiles) to scourto degum (silk)
7	46500	栋梁	dòngliáng	ridgepoleridgepole and beamsperson able to bear heavy responsibilitymainstay (of organization)
7	46523	攻关	gōngguān	to storm a strategic passfig. to tackle a key problem
7	46527	走弯路	zǒuwānlù	to take an indirect routeto waste one's time by using an inappropriate method
7	46725	见仁见智	jiànrénjiànzhì	opinions differ (idiom)
7	46742	各抒己见	gèshūjǐjiàn	everyone gives their own view
7	46817	发愣	fālèng	to stare blankly, to be in a daze
7	46996	国学	guóxué	Chinese national culturestudies of ancient Chinese civilizationthe Imperial College (history)
7	47111	画蛇添足	huàshétiānzú	lit. draw legs on a snake (idiom), fig. to ruin the effect by adding sth superfluousto overdo it
7	47346	酣睡	hānshuì	to sleep soundlyto fall into a deep sleep
7	47502	对联	duìlián	rhyming coupletpair of lines of verse written vertically down the sides of a doorway
7	47526	泰斗	tàidǒu	(lit.) Mount Tai and the Big Dipper (idiom)(fig.) an outstanding figure in one's field
7	47595	暴风骤雨	bàofēngzhòuyǔ	violent wind and rainstormhurricanetempest
7	47630	瑞雪	ruìxuě	timely snow
7	47671	一概而论	yīgài'érlùn	to lump different matters together (idiom)
7	47811	大雁	dàyàn	wild goose
7	47846	经贸	jīngmào	economy and trade
7	48109	潦草	liáocǎo	slipshod, careless, slovenly(of handwriting) scrawly, illegible
7	48461	大公无私	dàgōngwúsī	selflessimpartial
7	48593	网民	wǎngmín	netizen, Internet user, online community member
7	48743	思前想后	sīqiánxiǎnghòu	to consider past cause and future effect (idiom), to think over the past and futureto ponder over reasons and connection
7	48851	娇惯	jiāoguàn	to pamperto coddleto spoil
7	48991	萍水相逢	píngshuǐxiāngféng	strangers coming together by chance (idiom)
7	49154	干戈	gāngē	weapons of wararms
7	49677	扑面而来	pūmiàn'érlái	lit. sth hits one in the facedirectly in one's facesth assaults the sensesblatant (advertising)
7	49890	引经据典	yǐnjīngjùdiǎn	lit. to quote the classicsto quote chapter and verse (idiom)
7	49963	武侠	wǔxiá	martial arts chivalry (Chinese literary, theatrical and cinema genre)knight-errant
7	50123	抚恤	fǔxù	(of an organization that has a duty of care) to give financial support to relatives of sb who has died or suffered serious injury
7	50260	愚公移山	yúgōngyíshān	the old man moves mountains (idiom), fig. where there's a will, there's a way
7	50383	通顺	tōngshùn	smoothclear and coherent
7	50762	桂花	guìhuā	osmanthus flowersOsmanthus fragrans
7	50943	恳切	kěnqiè	earnestsincere
7	51135	便饭	biànfàn	an ordinary mealsimple home cooking
7	51627	风餐露宿	fēngcānlùsù	lit. to eat in the open air and sleep outdoors (idiom)fig. to rough it
7	51833	怡然自得	yíránzìdé	happy and content (idiom)
7	52481	院士	yuànshì	member of a national academy
7	52587	苦尽甘来	kǔjìngānlái	bitterness finishes, sweetness begins (idiom), the hard times are over, the good times just beginning
7	52623	绘声绘色	huìshēnghuìsè	vivid and colorful (idiom), true to lifelively and realistic
7	52808	三番五次	sānfānwǔcì	over and over again (idiom)
7	52918	忌口	jìkǒu	abstain from certain food (as when ill)avoid certain foodsbe on a diet
7	52921	温带	wēndài	temperate zone
7	53042	举一反三	jǔyīfǎnsān	to raise one and infer threeto deduce many things from one case (idiom)
7	53422	损人利己	sǔnrénlìjǐ	harming others for one's personal benefit (idiom), personal gain to the detriment of others
7	53537	涝	lào	flooded
7	53626	卤味	lǔwèi	food braised in soy sauce and spices
7	53683	约定俗成	yuēdìngsúchéng	established by popular usage (idiom), common usage agreementcustomary convention
7	54019	耿直	gěngzhí	honest, frank, candid
7	54122	顺差	shùnchā	(trade or budget) surplus
7	54249	东奔西走	dōngbēnxīzǒu	to run this way and that (idiom), to rush about busilyto bustle aboutto hopscotchalso
7	54509	美滋滋	měizīzī	very happy, elated
7	54646	怠工	dàigōng	to slacken off in one's workto go slow (as a form of strike)
7	54775	单边	dānbiān	unilateral
7	55268	没准	méizhǔn	not suremaybe
7	55315	抑扬顿挫	yìyángdùncuò	cadencemodulation
7	55439	心眼	xīnyǎn	heartintentionconscienceconsideration
7	55695	此致	cǐzhì	(used at the end of a letter to introduce a polite salutation)
7	56118	有的放矢	yǒudìfàngshǐ	lit. to have a target in mind when shooting one's arrows (idiom)fig. to have a clear objective
7	56444	概论	gàilùn	outlineintroductionsurveygeneral discussion
7	56997	经久不息	jīngjiǔbùxī	(idiom) prolonged (applause, cheering etc)
7	57241	丢三落四	diūsānlàsì	forgetfulempty-headed
7	57428	沾光	zhānguāng	to bask in the lightfig. to benefit from association with sb or sthreflected glory
7	57431	简体字	jiǎntǐzì	simplified Chinese character, as opposed to traditional Chinese character
7	57468	腊月	Làyuè	twelfth lunar month
7	57663	朱红	zhūhóng	vermilion
7	57812	悲欢离合	bēihuānlíhé	joys and sorrowspartings and reunionsthe vicissitudes of life
7	58511	节气	jiéqi	solar term
7	59231	朝三暮四	zhāosānmùsì	lit. say three in the morning but four in the evening (idiom), to change sth that is already settled uponindecisiveto blow hot and cold
7	59477	内需	nèixū	domestic demand
7	59499	敦厚	dūnhòu	genuinehonest and sincere
7	60338	老伴	lǎobàn	(of an elderly couple) husband or wife
7	61564	红扑扑	hóngpūpū	redrosyflushed
7	61816	迭起	diéqǐ	continuously arisingto arise repeatedly
7	61916	槐树	huáishù	locust tree (Sophora japonica)
7	62722	贺信	hèxìn	congratulatory letter or message
7	62971	冰棍	bīnggùn	popsicleice lolly
7	63111	节衣缩食	jiéyīsuōshí	to save on food and clothing (idiom), to live frugally
7	63826	张灯结彩	zhāngdēngjiécǎi	to be decorated with lanterns and colored banners (idiom)
7	65189	陶冶	táoyě	lit. to fire pots and smelt metalfig. to educate
7	65600	碰钉子	pèngdīngzi	to meet with a rebuff
7	67237	别具匠心	biéjùjiàngxīn	to show ingenuity(of a design) cleverbrilliantly conceived
7	68189	暖烘烘	nuǎnhōnghōng	nice and warmcozyheartwarming
7	70510	深情厚谊	shēnqínghòuyì	deep friendship
7	73010	酣畅	hānchàng	unrestrainedcheerful lack of inhibition, esp. for drinking or sleepingto drink with abandon
7	75450	一毛不拔	yīmáobùbá	(lit.) unwilling to spare a single hair (idiom)(fig.) extremely stingy
7	77711	纳闷	nàmèn	puzzledbewildered
7	80787	势不可当	shìbùkědāng	impossible to resist (idiom), an irresistible force
7	83856	不耻下问	bùchǐxiàwèn	not feel ashamed to ask and learn from one's subordinates
7	84607	出口成章	chūkǒuchéngzhāng	(idiom) (of one's speech) eloquentarticulate
7	85592	飞禽走兽	fēiqínzǒushòu	(idiom) birds and animals
7	86660	饱经沧桑	bǎojīngcāngsāng	having lived through many changes
7	87095	个头	gètóu	sizeheight
7	96545	长效	chángxiào	to be effective over an extended period
7	108475	刻舟求剑	kèzhōuqiújiàn	lit. a notch on the side of a boat to locate a sword dropped overboard (idiom), fig. an action made pointless by changed circumstances
7	114959	鹏程万里	péngchéngwànlǐ	the fabled roc flies ten thousand miles (idiom)one's future prospects are brilliant
7	128460	啰唆	luōsuo	long-winded, wordytroublesome, peskyto talk endlessly, to go on and on
7	164953	得意扬扬	déyìyángyáng	joyfully satisfiedto be immensely proud of oneselfproudlyan air of complacency
7	379791	廉正	liánzhèng	upright and honestintegrity
7	1000000	操控	cāokòng	to controlto manipulate
7	1000000	打盹	dǎdǔn	to doze off
7	1000000	大数据	dàshùjù	big data (computing)
7	1000000	防汛	fángxùn	flood controlanti-flood (precautions)
7	1000000	搞笑	gǎoxiào	to get people to laughfunnyhilarious
7	1000000	公示	gōngshì	to make known to the public (for information or to seek comments)public notification
7	1000000	后备箱	hòubèixiāng	trunkboot (of a car)
7	1000000	离谱	lípǔ	inappropriate, improper, out of place
7	1000000	咧嘴	liězuǐ	to draw back the corners of one's mouth (as when smiling, grimacing, or snarling)
7	1000000	领军	lǐngjūn	to lead troups(fig.) to leadleading
7	1000000	难得一见	nándéyījiàn	rarely seen
7	1000000	人缘	rényuán	the quality of one's relationships with other people
7	1000000	软实力	ruǎnshílì	soft power (in international relations)
7	1000000	杀毒	shādú	to disinfect(computing) to destroy a computer virus
7	1000000	时好时坏	shíhǎoshíhuài	sometimes good, sometimes bad
7	1000000	双赢	shuāngyíng	profitable to both sidesa win-win situation
7	1000000	私家车	sījiāchē	private car
7	1000000	搜救	sōujiù	search and rescue
7	1000000	与时俱进	yǔshíjùjìn	abreast of modern developmentsto keep up with the timesprogressivetimely
7	1000000	原创	yuánchuàng	to create (an original work)(of a work) originaloriginal creation, original work
7	1000000	正能量	zhèngnéngliàng	positive energypositivity
7	1000000	追尾	zhuīwěi	to tailgateto hit the car in front as a result of tailgating
7	1000000	做证	zuòzhèng	to bear witness, to testifyto serve as evidence
