# HSK 3.0, 2025 revision, from complete-hsk-vocabulary (MIT, Yanis Zafirópulos)
1	1	的	de	of, ~'s
1	3	了	le	completed action marker
1	3	我	wǒ	I, me, my
1	4	是	shì	to be
1	5	你	nǐ	you
1	5	在	zài	to exist, to be alive
1	9	不	bù	no, not so
1	9	有	yǒu	to have, there is
1	10	他	tā	he, him, his
1	11	这	zhè	this, these
1	19	个	gè	classifier used before a noun that has
1	19	和	hé	and, together with, with
1	19	人	rén	person, people
1	19	说	shuō	to speak, to talk, to say
1	19	我们	wǒmen	we, us, ourselves, our
1	19	要	yào	to want, to need, to ask for
1	20	好	hǎo	good
1	21	一	yī	one
1	23	会	huì	can, to have the skill, to know how to
1	23	也	yě	also, too, as well, either
1	25	都	dōu	all, both, entirely
1	28	对	duì	right, correct
1	29	到	dào	to reach, to arrive
1	29	上	shàng	up, upper, above, previous
1	31	来	lái	to come
1	35	很	hěn	very, quite
1	37	还	hái	still
1	38	去	qù	to go
1	38	她	tā	she
1	44	想	xiǎng	to think
1	46	给	gěi	to
1	46	没有	méiyǒu	haven't
1	46	能	néng	can
1	48	那	nà	that, the, those
1	49	他们	tāmen	they, them
1	52	看	kàn	to see, to look at
1	53	做	zuò	to make, to produce
1	55	什么	shénme	what?
1	58	吧	ba	modal particle indicating suggestion or
1	58	点	diǎn	to touch briefly, to tap
1	58	可以	kěyǐ	can
1	66	大	dà	big, large, great
1	70	下	xià	down
1	75	里	lǐ	lining
1	76	真	zhēn	really
1	77	现在	xiànzài	now, at present, currently
1	79	年	nián	grain
1	80	多	duō	many, much, more, a lot of
1	81	两	liǎng	two
1	83	吗	ma	question particle for "yes-no" questions
1	83	天	tiān	day
1	87	太	tài	highest
1	91	再	zài	again, once more, re-
1	96	呢	ne	indicating that a state or situation
1	98	只	zhǐ	only, merely, just
1	100	小	xiǎo	small
1	105	知道	zhīdào	to know, to become aware of
1	107	时候	shíhou	time
1	109	问题	wèntí	question
1	111	工作	gōngzuò	to work
1	113	事	shì	matter
1	114	它	tā	it
1	115	后	hòu	back
1	124	家	jiā	home
1	127	你们	nǐmen	you
1	127	前	qián	front
1	127	时间	shíjiān	time
1	128	怎么	zěnme	how?
1	130	爱	ài	to love, to be fond of, to like
1	132	这些	zhèxiē	these
1	139	喜欢	xǐhuan	to like, to be fond of
1	142	吃	chī	to eat, to consume
1	142	谁	shéi	who
1	150	新	xīn	new
1	152	找	zhǎo	to try to find
1	155	今天	jīntiān	today
1	161	觉得	juéde	to think that ..., to feel that
1	161	月	yuè	moon
1	178	几	jǐ	how many, how much
1	178	见	jiàn	to see
1	186	车	chē	car
1	187	一些	yīxiē	some, a few, a little, slightly ...er
1	189	大家	dàjiā	everyone
1	190	听	tīng	to listen to, to hear
1	194	非常	fēicháng	very, really
1	195	开	kāi	to open
1	200	叫	jiào	to shout
1	207	孩子	háizi	child
1	209	这里	zhèlǐ	here
1	216	请	qǐng	to ask
1	218	钱	qián	coin
1	220	公司	gōngsī	company, firm, corporation
1	221	不要	bùyào	don't!, must not
1	222	本	běn	root, stem
1	225	回	huí	to curve
1	226	东西	dōngxi	thing
1	233	三	sān	three
1	240	买	mǎi	to buy
1	246	问	wèn	to ask, to inquire
1	266	岁	suì	year
1	278	号	hào	to call out, to command
1	280	朋友	péngyou	friend
1	280	住	zhù	to live, to reside, to stay
1	292	件	jiàn	item
1	326	那些	nàxiē	those
1	335	水	shuǐ	water
1	352	写	xiě	to write
1	357	您	nín	you
1	359	电话	diànhuà	telephone
1	368	女	nǚ	female
1	372	分	fēn	to divide, to separate
1	389	小时	xiǎoshí	hour
1	394	有些	yǒuxiē	some
1	395	日	rì	sun
1	415	玩	wán	to play
1	420	正在	zhèngzài	to be in the process of
1	428	喝	hē	to drink
1	430	穿	chuān	to bore through, to pierce, to perforate
1	430	学校	xuéxiào	school
1	435	坐	zuò	to sit
1	445	早	zǎo	early
1	457	们	men	plural marker for pronouns
1	463	认识	rènshi	to know
1	464	睡	shuì	to sleep
1	465	分钟	fēnzhōng	minute
1	469	明天	míngtiān	tomorrow
1	481	四	sì	four
1	483	块	kuài	lump, chunk, piece
1	489	外	wài	outside
1	502	晚上	wǎnshang	evening
1	520	谢谢	xièxie	to thank
1	524	学	xué	to learn
1	526	多少	duōshǎo	number, amount
1	527	妈妈	māma	mama
1	538	少	shǎo	few
1	546	电影	diànyǐng	movie, film
1	547	哪	nǎ	how
1	557	昨天	zuótiān	yesterday
1	558	晚	wǎn	evening
1	560	书	shū	book
1	563	五	wǔ	five
1	586	先生	xiānsheng	teacher
1	587	男	nán	male
1	590	卖	mài	to sell
1	608	医院	yīyuàn	hospital
1	611	些	xiē	classifier indicating a small amount or
1	620	狗	gǒu	dog
1	637	口	kǒu	mouth
1	651	学生	xuésheng	student
1	664	二	èr	two
1	665	儿子	érzi	son
1	702	歌	gē	song
1	727	半	bàn	half
1	729	中国	Zhōngguó	China
1	732	店	diàn	inn, old-style hotel
1	744	元	yuán	currency unit
1	750	哪里	nǎlǐ	where?
1	770	那里	nàli	there, that place
1	779	电视	diànshì	television, TV
1	782	下午	xiàwǔ	afternoon
1	789	学习	xuéxí	to learn, to study
1	793	它们	tāmen	they, them
1	799	老师	lǎoshī	teacher
1	802	六	liù	six
1	803	边	biān	side
1	813	唱	chàng	to sing
1	814	大学	dàxué	university, college
1	827	病	bìng	illness
1	827	医生	yīshēng	doctor, medical practitioner
1	829	名字	míngzi	name
1	836	她们	tāmen	they, them
1	851	今年	jīnnián	this year
1	857	手机	shǒujī	cell phone, mobile phone
1	859	忙	máng	busy
1	865	十	shí	ten
1	870	看见	kànjiàn	to see, to catch sight of
1	879	女儿	nǚ'ér	daughter
1	880	说话	shuōhuà	to speak
1	908	爸爸	bàba	father, dad
1	913	字	zì	letter
1	915	漂亮	piàoliang	pretty, beautiful
1	920	高兴	gāoxìng	happy
1	933	去年	qùnián	last year
1	938	热	rè	to warm up
1	944	睡觉	shuìjiào	to go to bed
1	946	电脑	diànnǎo	computer
1	962	第	dì	grades in which successful candidates in
1	1013	读	dú	to read out, to read aloud
1	1027	冷	lěng	cold
1	1067	飞机	fēijī	airplane
1	1092	早上	zǎoshang	early morning
1	1150	猫	māo	cat
1	1218	打电话	dǎdiànhuà	to make a telephone call
1	1225	休息	xiūxi	rest
1	1300	有的	yǒude	some
1	1301	喂	wèi	hey
1	1357	房间	fángjiān	room
1	1362	八	bā	eight
1	1367	怎么样	zěnmeyàng	how?
1	1419	七	qī	seven
1	1448	菜	cài	vegetable, greens
1	1472	衣服	yīfu	clothes
1	1495	上班	shàngbān	to go to work
1	1513	姐姐	jiějie	older sister
1	1517	课	kè	subject
1	1527	国	guó	country, nation, state
1	1529	饭	fàn	cooked rice
1	1554	一半	yībàn	half
1	1562	家人	jiārén	family member
1	1577	对不起	duìbuqǐ	I'm sorry, excuse me, I beg your pardon
1	1655	哥哥	gēge	older brother
1	1675	天气	tiānqì	weather
1	1728	千	qiān	thousand
1	1828	同学	tóngxué	to study at the same school
1	1877	好看	hǎokàn	good-looking, nice-looking
1	1910	茶	chá	tea
1	1929	雨	yǔ	rain
1	1956	星期	xīngqī	week
1	1971	雪	xuě	snow
1	2040	九	jiǔ	nine
1	2093	妹妹	mèimei	younger sister
1	2155	女士	nǚshì	lady
1	2188	上午	shàngwǔ	morning
1	2239	贵	guì	expensive
1	2415	那边	nàbian	over there
1	2424	弟弟	dìdi	younger brother
1	2455	百	bǎi	hundred
1	2484	好吃	hǎochī	tasty, delicious
1	2487	明年	míngnián	next year
1	2487	再见	zàijiàn	goodbye
1	2522	这儿	zhèr	here
1	2534	哪儿	nǎr	where?
1	2562	苹果	píngguǒ	apple
1	2600	中午	zhōngwǔ	noon
1	2645	起床	qǐchuáng	to get out of bed, to get up
1	2670	开车	kāichē	to drive a car
1	2677	出租车	chūzūchē	taxi
1	2774	这边	zhèbiān	this side
1	2791	火车	huǒchē	train
1	2814	便宜	piányi	cheap, inexpensive
1	2965	上学	shàngxué	to go to school
1	2986	牛奶	niúnǎi	cow's milk
1	3004	女朋友	nǚpéngyou	girlfriend
1	3042	上课	shàngkè	to go to class
1	3114	听见	tīngjiàn	to hear
1	3176	男朋友	nánpéngyou	boyfriend
1	3207	下班	xiàbān	to finish work, to get off work
1	3271	水果	shuǐguǒ	fruit
1	3285	读书	dúshū	to read a book
1	3421	那儿	nàr	there
1	3479	商店	shāngdiàn	store, shop
1	3501	鸡蛋	jīdàn	egg
1	3541	没关系	méiguānxi	it doesn't matter
1	3623	零	líng	zero
1	3639	桌子	zhuōzi	table
1	3645	白天	báitiān	daytime
1	3689	请问	qǐngwèn	Excuse me, may I ask...?
1	3741	哪些	nǎxiē	which ones?
1	3794	晚饭	wǎnfàn	evening meal
1	3819	小学	xiǎoxué	elementary school, primary school
1	3998	饭店	fàndiàn	restaurant
1	4042	中学	zhōngxué	middle school
1	4138	面包	miànbāo	bread
1	4336	生病	shēngbìng	to fall ill
1	4355	好听	hǎotīng	pleasant to hear
1	4422	大学生	dàxuéshēng	university student, college student
1	4427	超市	chāoshì	supermarket
1	4472	椅子	yǐzi	chair
1	4536	小朋友	xiǎopéngyǒu	child, kid
1	4986	午饭	wǔfàn	lunch
1	5512	做饭	zuòfàn	to prepare a meal
1	5648	下雨	xiàyǔ	to rain
1	6162	杯子	bēizi	cup
1	6459	中文	Zhōngwén	Chinese language
1	6748	早饭	zǎofàn	breakfast
1	6921	一点儿	yīdiǎnr	a bit, a little bit
1	7174	书店	shūdiàn	bookstore
1	7577	星期天	Xīngqītiān	Sunday
1	7705	看病	kànbìng	to visit a doctor
1	7945	电影院	diànyǐngyuàn	cinema, movie theater
1	9694	下课	xiàkè	to finish class
1	10194	米饭	mǐfàn	rice
1	11175	有点儿	yǒudiǎnr	slightly
1	11834	饺子	jiǎozi	dumpling
1	12165	小学生	xiǎoxuéshēng	primary school student
1	12319	外边	wàibian	outside
1	12707	中学生	zhōngxuéshēng	middle-school student
1	12997	星期日	Xīngqīrì	Sunday
1	13422	汉语	Hànyǔ	Chinese language
1	16315	包子	bāozi	baozi, bao
1	16723	不客气	bùkèqi	you're welcome
1	19725	汉字	hànzì	Chinese character
1	23411	好玩儿	hǎowánr	amusing
1	1000000	面条儿	miàntiáor	noodles
2	15	就	jiù	in that case, then
2	38	着	zhe	aspect particle indicating action in
2	47	啊	a	modal particle ending sentence
2	54	让	ràng	to yield
2	55	但	dàn	but, yet, however, still
2	56	自己	zìjǐ	oneself, one's own
2	58	得	dé	to obtain
2	60	过	guò	to cross
2	70	从	cóng	from, through, via
2	83	等	děng	to wait for, to await
2	85	出	chū	to go out, to come out
2	85	已经	yǐjīng	already
2	85	这样	zhèyàng	this way, like this, so
2	89	最	zuì	to the highest degree, most ..., -est
2	91	因为	yīnwèi	because, owing to, on account of
2	99	次	cì	next in sequence
2	109	走	zǒu	to walk
2	115	但是	dànshì	but, however
2	115	时	shí	o'clock
2	127	可能	kěnéng	might
2	132	地	de	-ly
2	132	开始	kāishǐ	to begin, to start
2	135	跟	gēn	heel
2	153	打	dǎ	to hit, to strike
2	153	快	kuài	rapid
2	155	比	bǐ	to compare
2	157	所以	suǒyǐ	therefore
2	160	还是	háishi	still
2	164	那么	nàme	like that, in that way, to that extent
2	166	这么	zhème	so much
2	172	起来	qilai	indicating the beginning and
2	172	一起	yīqǐ	the same place
2	177	位	wèi	position
2	182	希望	xīwàng	to hope
2	190	手	shǒu	hand
2	214	别	bié	to leave, to part
2	234	名	míng	name
2	246	长	zhǎng	chief
2	252	告诉	gàosù	to press charges, to file a complaint
2	254	出来	chūlái	to come out
2	271	事情	shìqing	affair, matter, thing, business
2	277	条	tiáo	strip
2	287	拿	ná	to hold
2	290	高	gāo	high
2	294	正	zhèng	straight
2	299	为什么	wèishénme	why?
2	329	头	tóu	head
2	333	准备	zhǔnbèi	preparation
2	338	进	jìn	to go forward
2	340	每	měi	each
2	352	周	zhōu	to make a circuit
2	353	过去	guòqù	past, former, previous
2	370	送	sòng	to send, to deliver, to transmit
2	382	笑	xiào	to laugh, to smile
2	384	不错	bùcuò	correct
2	395	帮	bāng	to help
2	395	完	wán	to finish
2	399	站	zhàn	station
2	409	路	lù	road
2	422	门	mén	gate, door, doorway, gateway, opening
2	435	花	huā	flower
2	440	虽然	suīrán	although, even though
2	480	回来	huílai	to return, to come back
2	518	球	qiú	ball
2	531	错	cuò	mistake
2	546	间	jiān	between
2	553	跑	pǎo	to run
2	557	万	wàn	ten thousand
2	588	动	dòng	to move
2	604	面	miàn	face
2	628	下来	xiàlai	to come down
2	635	远	yuǎn	far
2	637	快乐	kuàilè	happy, joyful
2	648	里面	lǐmiàn	inside
2	669	懂	dǒng	to understand
2	692	过来	guòlái	to come over
2	699	记得	jìde	to remember
2	701	药	yào	medicine
2	731	身体	shēntǐ	the body
2	755	包	bāo	to cover
2	756	那样	nàyàng	that kind
2	760	往	wǎng	to go
2	765	楼	lóu	house with more than 1 story
2	779	飞	fēi	to fly
2	779	介绍	jièshào	to introduce
2	784	出去	chūqù	to go out
2	814	眼睛	yǎnjing	eye
2	822	近	jìn	near
2	838	下去	xiàqù	to go down
2	912	离	lí	to leave
2	940	经常	jīngcháng	frequently, constantly, regularly, often
2	956	票	piào	ticket
2	961	床	chuáng	bed, couch
2	988	教	jiào	to teach, to instruct
2	988	意思	yìsi	idea
2	1015	忘	wàng	to forget
2	1119	画	huà	to draw, to paint
2	1138	运动	yùndòng	to move
2	1160	回去	huíqu	to return
2	1187	妻子	qīzǐ	wife and children
2	1189	鱼	yú	fish
2	1197	累	lèi	tired
2	1199	打开	dǎkāi	to open
2	1215	肉	ròu	meat
2	1238	班	bān	team, class, grade
2	1239	坏	huài	bad
2	1245	笔	bǐ	writing brush, writing implement
2	1248	上面	shàngmiàn	on top of
2	1298	洗	xǐ	to wash, to bathe
2	1300	后面	hòumian	the back, the rear, the last bit
2	1352	外面	wàimiàn	outside
2	1376	丈夫	zhàngfu	husband
2	1382	左	zuǒ	left
2	1459	下面	xiàmiàn	below
2	1481	右	yòu	right, right-hand side
2	1506	生日	shēngrì	birthday
2	1568	有时	yǒushí	sometimes, now and then
2	1572	词	cí	word
2	1593	鸟	niǎo	bird
2	1624	进去	jìnqù	to go in
2	1641	疼	téng	hurts, sore
2	1669	路上	lùshang	on the road
2	1680	酒店	jiǔdiàn	wine shop
2	1698	咖啡	kāfēi	coffee
2	1718	考试	kǎoshì	to take an exam
2	1770	慢	màn	slow
2	1789	前面	qiánmiàn	ahead
2	1815	旁边	pángbiān	side, adjacent place
2	1860	帮忙	bāngmáng	to help
2	1870	进来	jìnlái	to come in
2	1880	颜色	yánsè	color
2	2025	高中	gāozhōng	senior high school
2	2030	考	kǎo	to check
2	2127	上去	shàngqù	to go up
2	2146	红色	hóngsè	red
2	2164	游	yóu	to walk
2	2207	一会儿	yīhuìr	a moment
2	2308	机场	jīchǎng	airport, airfield
2	2330	踢	tī	to kick
2	2343	舒服	shūfu	comfortable
2	2362	黑色	hēisè	black
2	2383	绿色	lǜsè	green
2	2474	网上	wǎngshàng	online
2	2534	旅游	lǚyóu	trip
2	2550	足球	zúqiú	soccer, football
2	2643	白色	báisè	white
2	2690	题	tí	topic
2	2762	门口	ménkǒu	doorway
2	2805	不好意思	bùhǎoyìsi	to feel embarrassed
2	2809	奶奶	nǎinai	grandma
2	2906	右边	yòubian	right side
2	2983	有意思	yǒuyìsi	interesting
2	2997	出门	chūmén	to go out
2	3046	地铁	dìtiě	underground railway, subway
2	3067	小时候	xiǎoshíhou	in one's childhood
2	3099	爷爷	yéye	paternal grandfather, grandpa
2	3160	上来	shànglái	to come up
2	3576	姓	xìng	family name, surname
2	3596	篮球	lánqiú	basketball
2	3695	游泳	yóuyǒng	swimming
2	3765	裤子	kùzi	trousers, pants
2	3920	跳舞	tiàowǔ	to dance
2	4058	阴	yīn	overcast
2	4061	上网	shàngwǎng	to go online
2	4093	商场	shāngchǎng	shopping mall
2	4151	外国	wàiguó	foreign country
2	4286	姓名	xìngmíng	surname and given name
2	4480	车站	chēzhàn	rail station
2	4517	走路	zǒulù	to walk, to go on foot
2	4584	左边	zuǒbian	left
2	4653	从小	cóngxiǎo	from childhood, from a young age
2	4902	爱好	àihào	to like, to be fond of
2	5082	教室	jiàoshì	classroom
2	5135	快要	kuàiyào	nearly at the point of, about to
2	5140	门票	ménpiào	ticket
2	5209	机票	jīpiào	plane ticket, airline ticket
2	6179	手表	shǒubiǎo	wristwatch
2	6997	出国	chūguó	to go abroad, to leave the country
2	7199	跑步	pǎobù	to run
2	9052	药店	yàodiàn	pharmacy, drugstore
2	9343	晴	qíng	clear
2	9674	洗手间	xǐshǒujiān	toilet
2	10160	开学	kāixué	to start school
2	10888	个子	gèzi	stature, height, size
2	11321	没意思	méiyìsi	boring
2	11861	书包	shūbāo	schoolbag
2	12849	本子	běnzi	book
2	14490	过年	guònián	to celebrate the Chinese New Year
2	15567	绿茶	lǜchá	green tea
2	15698	打车	dǎchē	to take a taxi
2	16449	饭馆	fànguǎn	restaurant
2	18271	女孩儿	nǚháir	erhua form of
2	20075	奶茶	nǎichá	milk tea
2	21109	红茶	hóngchá	black tea
2	25607	小孩儿	xiǎoháir	child
2	1000000	公交车	gōngjiāochē	public transport vehicle
2	1000000	男孩儿	nánháir	erhua form of
3	50	把	bǎ	to hold, to grasp
3	54	被	bèi	quilt
3	58	为	wèi	because of
3	71	中	zhōng	within, among, in
3	79	用	yòng	to use, to make use of, to employ
3	89	如果	rúguǒ	if, in case, in the event that
3	91	又	yòu	again
3	96	可	kě	can, may, able to, -able
3	116	该	gāi	should
3	127	更	gèng	more
3	131	需要	xūyào	to need, to want, to demand, to require
3	133	才	cái	ability, talent
3	151	像	xiàng	to resemble
3	165	向	xiàng	towards
3	168	认为	rènwéi	to believe, to think, to consider
3	174	起	qǐ	to rise
3	174	应该	yīnggāi	ought to, should, must
3	177	带	dài	band
3	179	种	zhǒng	seed
3	189	发现	fāxiàn	to notice, to become aware of
3	198	一定	yīdìng	surely, certainly, definitely
3	203	生活	shēnghuó	to live
3	203	一直	yīzhí	straight
3	211	发生	fāshēng	to happen, to occur, to take place
3	229	为了	wèile	for, for the purpose of, in order to
3	235	一样	yīyàng	same
3	236	只是	zhǐshì	merely, only, just, nothing but
3	238	世界	shìjiè	world
3	239	而且	érqiě	but also
3	240	重要	zhòngyào	important, significant, major
3	241	必须	bìxū	to have to
3	254	地方	dìfāng	region
3	261	最后	zuìhòu	final, last, ultimate
3	266	老	lǎo	prefix used before the surname of a
3	267	其他	qítā	other
3	272	行	xíng	to walk, to go, to travel
3	275	比赛	bǐsài	competition
3	275	然后	ránhòu	then, after that, afterwards
3	277	担心	dānxīn	anxious
3	280	放	fàng	to put
3	306	先	xiān	beforehand, first, earlier
3	307	或	huò	maybe
3	308	得到	dédào	to get, to obtain, to receive
3	316	张	zhāng	to open up
3	318	关系	guānxi	relation, relationship, connection
3	335	总	zǒng	general, overall
3	336	了解	liǎojiě	to understand, to know about
3	355	参加	cānjiā	to participate, to take part, to join
3	356	国家	guójiā	country, nation, state
3	364	安全	ānquán	safe, secure
3	366	决定	juédìng	to decide, to determine
3	373	选择	xuǎnzé	to select, to pick
3	374	只有	zhǐyǒu	only have ..., there is only
3	382	或者	huòzhě	or
3	383	女人	nǚrén	woman
3	393	机会	jīhuì	opportunity
3	393	受	shòu	to receive
3	397	别人	biéren	other people, others, other person
3	400	发	fā	to send out
3	404	可是	kěshì	but, however
3	405	其实	qíshí	actually, in fact, really
3	407	以后	yǐhòu	after
3	409	要求	yāoqiú	to request
3	415	男人	nánrén	a man
3	419	信	xìn	letter
3	423	当然	dāngrán	only natural
3	425	接	jiē	to receive
3	431	相信	xiāngxìn	to believe, to be convinced
3	436	刚	gāng	hard, firm, strong
3	452	只要	zhǐyào	so long as, provided, if
3	458	不同	bùtóng	different
3	458	解决	jiějué	to solve, to resolve, to settle
3	463	干	gàn	tree trunk
3	478	关于	guānyú	pertaining to
3	486	完成	wánchéng	to complete, to accomplish
3	498	结束	jiéshù	to end, to finish, to conclude
3	499	帮助	bāngzhù	assistance, aid
3	501	变	biàn	to change
3	503	加	jiā	to add
3	505	努力	nǔlì	to make an effort, to try hard
3	508	有关	yǒuguān	to have sth to do with
3	524	以前	yǐqián	before
3	538	办法	bànfǎ	way of handling sth, means, measure
3	541	特别	tèbié	unusual, special
3	543	别的	biéde	else
3	544	难	nán	difficult
3	547	注意	zhùyì	to take note of, to pay attention to
3	555	讲	jiǎng	to speak
3	557	离开	líkāi	to depart, to leave
3	567	以为	yǐwéi	to think, to believe
3	574	越	yuè	to exceed
3	577	方法	fāngfǎ	method, way, technique, procedure
3	577	声	shēng	sound
3	590	选	xuǎn	to choose
3	593	城市	chéngshì	city, town
3	598	句	jù	sentence
3	598	影响	yǐngxiǎng	influence
3	603	游戏	yóuxì	game
3	605	马	mǎ	horse
3	607	比较	bǐjiào	to compare
3	612	最近	zuìjìn	recently
3	618	换	huàn	to exchange
3	625	终于	zhōngyú	at last
3	627	子	zǐ	son
3	629	脸	liǎn	face
3	638	除了	chúle	apart from, besides, in addition to
3	638	总是	zǒngshì	always
3	642	双	shuāng	two
3	644	来自	láizì	to come from
3	644	突然	tūrán	sudden, abrupt, unexpected
3	647	段	duàn	paragraph
3	659	检查	jiǎnchá	inspection
3	663	米	mǐ	uncooked rice
3	664	容易	róngyì	easy, straightforward
3	667	开心	kāixīn	to feel happy
3	670	卡	kǎ	to stop
3	676	明白	míngbai	clear, obvious, unequivocal
3	691	办	bàn	to take care of, to deal with
3	694	根据	gēnjù	according to
3	699	辆	liàng	classifier for vehicles
3	719	刚刚	gānggang	just recently
3	726	简单	jiǎndān	simple, not complicated
3	732	服务	fúwù	to serve
3	737	挺	tǐng	straight
3	738	好像	hǎoxiàng	as if
3	738	愿意	yuànyì	to wish
3	742	音乐	yīnyuè	music
3	751	坚持	jiānchí	to persevere with
3	766	感到	gǎndào	to feel, to sense, to perceive
3	766	清楚	qīngchu	clear
3	766	照片	zhàopiàn	photograph
3	769	银行	yínháng	bank
3	772	故事	gùshì	old practice
3	774	看来	kànlai	apparently
3	788	酒	jiǔ	wine
3	796	欢迎	huānyíng	to welcome
3	798	一般	yībān	same
3	799	可爱	kě'ài	adorable
3	805	新闻	xīnwén	news
3	823	怎样	zěnyàng	how
3	834	收	shōu	to receive
3	841	声音	shēngyīn	sound, voice
3	847	马上	mǎshàng	at once
3	853	变成	biànchéng	to change into
3	858	受到	shòudào	to receive, to be ...ed
3	859	发展	fāzhǎn	development
3	867	经过	jīngguò	to pass
3	874	只能	zhǐnéng	can only
3	882	历史	lìshǐ	history
3	898	哭	kū	to cry, to weep
3	898	汽车	qìchē	car
3	899	怕	pà	to be afraid
3	928	会议	huìyì	meeting
3	938	试	shì	to test
3	948	面前	miànqián	in front of
3	951	节目	jiémù	program, show
3	952	健康	jiànkāng	health
3	958	西	xī	west
3	968	差	chà	different
3	982	结婚	jiéhūn	to marry, to get married
3	982	身边	shēnbiān	at one's side
3	983	短	duǎn	short
3	985	同意	tóngyì	to agree
3	1001	几乎	jīhū	almost, nearly, practically
3	1010	查	chá	to research
3	1013	不用	bùyòng	need not
3	1020	附近	fùjìn	nearby, neighboring
3	1020	认真	rènzhēn	conscientious
3	1024	脚	jiǎo	foot
3	1027	电	diàn	lightning
3	1027	房子	fángzi	house
3	1030	山	shān	mountain, hill
3	1031	主要	zhǔyào	main, principal, major, primary
3	1040	市	shì	market
3	1051	比如	bǐrú	for example, for instance, such as
3	1055	后来	hòulái	afterwards, later
3	1057	常	cháng	always
3	1059	嘴	zuǐ	mouth
3	1063	遇到	yùdào	to meet, to run into, to come across
3	1082	海	hǎi	ocean
3	1099	跳	tiào	to jump
3	1100	回答	huídá	to reply, to answer
3	1100	年轻	niánqīng	young
3	1103	久	jiǔ	long
3	1123	记	jì	to record
3	1125	关注	guānzhù	to pay attention to
3	1127	表演	biǎoyǎn	play
3	1129	关	guān	mountain pass
3	1148	牛	niú	ox
3	1149	刚才	gāngcái	just now
3	1150	风	fēng	wind
3	1162	办公室	bàngōngshì	office, business premises
3	1165	照	zhào	according to
3	1171	环境	huánjìng	environment
3	1171	收到	shōudào	to receive
3	1183	方向	fāngxiàng	direction, orientation
3	1190	关心	guānxīn	to be concerned about, to care about
3	1196	节	jié	joint, node
3	1202	层	céng	to pile on top of one another
3	1209	病人	bìngrén	sick person
3	1214	心里	xīnli	chest
3	1216	腿	tuǐ	leg
3	1234	街	jiē	street
3	1241	一边	yībiān	one side
3	1249	鞋	xié	shoe
3	1251	习惯	xíguàn	habit
3	1262	变化	biànhuà	to change, to vary
3	1269	周末	zhōumò	weekend
3	1283	听说	tīngshuō	to hear
3	1292	直到	zhídào	until
3	1319	毛	máo	hair
3	1335	忘记	wàngjì	to forget
3	1346	船	chuán	boat
3	1346	养	yǎng	to raise
3	1356	鸡	jī	fowl
3	1358	遍	biàn	everywhere
3	1374	打算	dǎsuàn	to plan
3	1382	室	shì	room
3	1404	极	jí	extremely
3	1405	咱们	zánmen	we or us
3	1411	小心	xiǎoxīn	to be careful
3	1422	怎么办	zěnmebàn	what's to be done
3	1438	动物	dòngwù	animal
3	1439	不行	bùxíng	won't do
3	1477	饿	è	hungry
3	1481	树	shù	tree
3	1490	水平	shuǐpíng	horizontal, level
3	1495	借	jiè	to borrow
3	1509	东	dōng	east
3	1533	头发	tóufa	hair
3	1534	封	fēng	to confer
3	1536	害怕	hàipà	to be afraid, to be scared
3	1588	季	jì	season
3	1611	大概	dàgài	roughly
3	1615	蓝	lán	blue
3	1621	纸	zhǐ	paper
3	1631	照顾	zhàogu	to take care of
3	1632	文化	wénhuà	culture
3	1635	急	jí	urgent
3	1655	丢	diū	to lose
3	1655	奇怪	qíguài	strange
3	1673	礼物	lǐwù	gift, present
3	1704	最好	zuìhǎo	best
3	1709	南	nán	south
3	1714	出发	chūfā	to set off
3	1724	提高	tígāo	to raise
3	1761	满意	mǎnyì	satisfied
3	1787	旧	jiù	old
3	1804	司机	sījī	chauffeur, driver
3	1835	北	běi	north
3	1837	好多	hǎoduō	many
3	1838	经理	jīnglǐ	manager
3	1847	兴趣	xìngqù	interest
3	1874	员	yuán	person engaged in a certain field of
3	1876	见面	jiànmiàn	to meet, to see each other
3	1888	成绩	chéngjì	achievement
3	1889	中间	zhōngjiān	the middle, the inside
3	1894	女生	nǚshēng	schoolgirl
3	1918	聪明	cōngming	intelligent, clever, bright
3	1921	地点	dìdiǎn	place
3	1948	语言	yǔyán	language
3	1965	网站	wǎngzhàn	website
3	2001	灯	dēng	lamp
3	2001	太阳	tàiyang	sun
3	2014	方便	fāngbiàn	convenient, suitable
3	2016	爬	pá	to crawl
3	2024	差不多	chàbuduō	almost
3	2036	冰	bīng	ice
3	2036	糖	táng	sugar
3	2058	以下	yǐxià	that level or lower
3	2104	合适	héshì	suitable, fitting, appropriate
3	2110	号码	hàomǎ	number
3	2112	出生	chūshēng	to be born
3	2113	生气	shēngqì	to get angry, to be furious
3	2124	以上	yǐshàng	that level or higher
3	2125	名单	míngdān	list of names
3	2134	公园	gōngyuán	park
3	2149	热情	rèqíng	cordial
3	2171	到处	dàochù	everywhere
3	2226	的话	dehuà	if
3	2231	骑	qí	to sit astride
3	2232	报纸	bàozhǐ	newspaper
3	2245	河	hé	river
3	2254	搬	bān	to move
3	2255	练	liàn	to practice
3	2302	聊	liáo	to chat
3	2337	同事	tóngshì	colleague, co-worker
3	2354	体育	tǐyù	sports
3	2368	大人	dàren	adult
3	2370	角	jiǎo	angle
3	2395	老人	lǎorén	old man or woman
3	2396	胖	pàng	fat
3	2404	页	yè	page
3	2421	不见	bùjiàn	not to see
3	2430	干净	gānjìng	clean
3	2458	放心	fàngxīn	to feel relieved
3	2467	草	cǎo	grass
3	2472	甜	tián	sweet
3	2501	安静	ānjìng	quiet
3	2506	牙	yá	tooth
3	2574	羊	yáng	sheep, goat
3	2574	作业	zuòyè	school assignment
3	2595	瘦	shòu	thin
3	2622	啤酒	píjiǔ	beer
3	2650	蛋糕	dàngāo	cake
3	2651	新鲜	xīnxiān	fresh
3	2714	难过	nánguò	to feel sad
3	2739	不久	bùjiǔ	not long
3	2750	客人	kèrén	visitor, guest
3	2773	常常	chángcháng	frequently, often
3	2780	平时	píngshí	ordinarily
3	2784	男生	nánshēng	schoolboy
3	2866	碗	wǎn	bowl
3	2899	懂得	dǒngde	to understand, to know, to comprehend
3	2909	好久	hǎojiǔ	for a long time
3	2925	夏天	xiàtiān	summer
3	3014	以外	yǐwài	apart from
3	3024	数学	shùxué	mathematics
3	3060	刷	shuā	a brush
3	3084	练习	liànxí	to practice
3	3160	新年	xīnnián	New Year
3	3182	运动员	yùndòngyuán	athlete
3	3183	姐妹	jiěmèi	sisters
3	3191	南方	nánfāng	south, southern direction
3	3212	尝	cháng	to taste, to try
3	3221	对话	duìhuà	to talk
3	3291	冬天	dōngtiān	winter
3	3360	邻居	línjū	neighbor
3	3365	分开	fēnkāi	to separate
3	3365	校长	xiàozhǎng	president
3	3400	自行车	zìxíngchē	bicycle, bike
3	3401	相机	xiàngjī	camera
3	3403	花园	huāyuán	garden, park
3	3411	遇见	yùjiàn	to meet
3	3431	夫妻	fūqī	husband and wife, married couple
3	3451	耳朵	ěrduo	ear
3	3463	饮料	yǐnliào	drink
3	3477	节日	jiérì	holiday
3	3510	叔叔	shūshu	father's younger brother, paternal uncle
3	3512	洗澡	xǐzǎo	to bathe
3	3548	地图	dìtú	map
3	3620	晚会	wǎnhuì	evening party
3	3621	感冒	gǎnmào	to catch cold
3	3641	大小	dàxiǎo	large and small
3	3667	迟到	chídào	to arrive late
3	3694	得分	défēn	to score a point
3	3756	刻	kè	quarter
3	3764	锻炼	duànliàn	to toughen
3	3782	拍照	pāizhào	to take a picture
3	3832	沙发	shāfā	sofa
3	3836	图书馆	túshūguǎn	library
3	3879	名人	míngrén	personage
3	3894	电梯	diàntī	elevator
3	3910	刮	guā	to scrape
3	3935	笔记本	bǐjìběn	notebook
3	3952	矮	ǎi	short
3	3960	信用卡	xìnyòngkǎ	credit card
3	3970	邮件	yóujiàn	mail
3	4161	不但	bùdàn	not only
3	4168	冰箱	bīngxiāng	refrigerator
3	4243	黄色	huángsè	yellow
3	4247	喜爱	xǐ'ài	to like
3	4296	屋子	wūzi	house
3	4303	校园	xiàoyuán	campus
3	4355	阿姨	āyí	maternal aunt
3	4365	爱人	àiren	spouse
3	4391	西方	Xīfāng	the West
3	4398	开会	kāihuì	to hold a meeting
3	4411	春天	chūntiān	spring
3	4445	球场	qiúchǎng	stadium
3	4461	着急	zháojí	to worry, to feel anxious
3	4464	住院	zhùyuàn	to stay in hospital, to be hospitalized
3	4572	假期	jiàqī	vacation
3	4572	游客	yóukè	traveler, tourist
3	4584	扫	sǎo	to sweep
3	4623	脏	zàng	viscera
3	4724	季节	jìjié	time
3	4742	饱	bǎo	to eat till full
3	4763	空调	kōngtiáo	air conditioning
3	4765	一共	yīgòng	in total, altogether
3	4781	月亮	yuèliang	the moon
3	4784	公斤	gōngjīn	kilogram
3	4834	有用	yǒuyòng	useful
3	4873	园	yuán	land used for growing plants
3	4879	北方	běifāng	north
3	4886	行李	xíngli	luggage
3	4988	衬衫	chènshān	shirt
3	4994	宾馆	bīnguǎn	guesthouse
3	5119	马路	mǎlù	street
3	5137	东方	dōngfāng	east
3	5164	常见	chángjiàn	commonly seen
3	5165	楼梯	lóutī	stair
3	5251	身高	shēngāo	height
3	5419	起飞	qǐfēi	to take off, to lift off
3	5430	网球	wǎngqiú	tennis
3	5466	裙子	qúnzi	skirt
3	5473	香蕉	xiāngjiāo	banana
3	5821	大衣	dàyī	overcoat
3	5836	发烧	fāshāo	to have a high temperature
3	5854	箱子	xiāngzi	suitcase
3	5859	学期	xuéqī	term
3	5880	路边	lùbiān	curb, roadside, wayside
3	5922	难题	nántí	difficult problem
3	6101	伞	sǎn	umbrella
3	6177	放假	fàngjià	to have a holiday or vacation
3	6184	路口	lùkǒu	crossing
3	6219	有名	yǒumíng	famous
3	6258	打扫	dǎsǎo	to clean
3	6344	东北	dōngběi	northeast
3	6741	瓶子	píngzi	bottle
3	6867	复习	fùxí	to review
3	6982	小区	xiǎoqū	housing estate, community, neighborhood
3	7055	秋天	qiūtiān	autumn
3	7152	护照	hùzhào	passport
3	7196	耳机	ěrjī	headphones
3	7208	初中	chūzhōng	junior high school
3	7209	放学	fàngxué	to dismiss students at the end of the
3	7217	画家	huàjiā	painter
3	7237	西南	xīnán	southwest
3	7263	西北	xīběi	northwest
3	7314	卫生间	wèishēngjiān	bathroom
3	7409	出院	chūyuàn	to leave hospital
3	7467	半天	bàntiān	half of the day
3	7477	体育馆	tǐyùguǎn	gym
3	7489	上衣	shàngyī	jacket
3	7509	菜单	càidān	menu
3	7644	年级	niánjí	grade
3	7790	搬家	bānjiā	to move house, to relocate
3	7920	笔记	bǐjì	to take down
3	7943	外地	wàidì	parts of the country other than where
3	7947	休假	xiūjià	to go on vacation, to have a holiday
3	8117	前天	qiántiān	the day before yesterday
3	8277	斤	jīn	catty
3	8385	过节	guòjié	to celebrate a festival
3	8497	邮箱	yóuxiāng	mailbox
3	8761	晚点	wǎndiǎn	late
3	9002	照相	zhàoxiàng	to take a photograph
3	9030	动物园	dòngwùyuán	zoo
3	9039	盘子	pánzi	tray
3	9048	草地	cǎodì	lawn
3	9098	西瓜	xīguā	watermelon
3	9108	铅笔	qiānbǐ	pencil
3	9203	认得	rènde	to recognize
3	9207	关机	guānjī	to turn off
3	9325	短裤	duǎnkù	short pants
3	9407	后天	hòutiān	the day after tomorrow
3	9442	渴	kě	thirsty
3	9671	常用	chángyòng	in common usage
3	9854	请客	qǐngkè	to give a dinner party
3	10134	请假	qǐngjià	to request leave of absence
3	10344	洗衣机	xǐyījī	washing machine, washer
3	10428	句子	jùzi	sentence
3	10486	班级	bānjí	class
3	10486	筷子	kuàizi	chopsticks
3	10838	东南	dōngnán	southeast
3	11156	难看	nánkàn	ugly
3	11159	外语	wàiyǔ	foreign language
3	11449	一块儿	yīkuàir	a piece, a chunk
3	11617	感兴趣	gǎnxìngqù	to be interested
3	11698	运动会	yùndònghuì	sports competition
3	11764	开花	kāihuā	to bloom, to blossom, to flower
3	12112	四季	sìjì	four seasons, namely: spring, summer
3	12848	开机	kāijī	to start an engine
3	12849	牙刷	yáshuā	toothbrush
3	13062	课本	kèběn	textbook
3	13110	矿泉水	kuàngquánshuǐ	mineral water
3	13383	做客	zuòkè	to be a guest or visitor
3	13961	字典	zìdiǎn	Chinese character dictionary
3	14471	工作日	gōngzuòrì	workday
3	15524	黑板	hēibǎn	blackboard
3	15630	留学	liúxué	to study abroad
3	15680	勺子	sháozi	spoon, ladle
3	15748	外卖	wàimài	to provide a takeout or home delivery
3	16225	方便面	fāngbiànmiàn	instant noodles
3	16966	羽毛球	yǔmáoqiú	badminton
3	17675	难听	nántīng	unpleasant to hear
3	18549	前年	qiánnián	the year before last
3	18663	词典	cídiǎn	dictionary
3	19483	凉快	liángkuai	pleasantly cool
3	21111	大熊猫	dàxióngmāo	giant panda
3	23626	雨衣	yǔyī	raincoat
3	24084	留学生	liúxuéshēng	student studying abroad
3	25367	高铁	gāotiě	high speed rail
3	30576	课文	kèwén	text
3	45713	后年	hòunián	the year after next
3	102289	聊天儿	liáotiānr	to chat, to gossip
3	1000000	银行卡	yínhángkǎ	bank card
4	75	而	ér	and
4	100	将	jiāng	will
4	113	就是	jiùshì	exactly, precisely
4	147	与	yǔ	and, together with
4	148	并	bìng	and
4	155	当	dāng	to be
4	160	之	zhī	him
4	177	死	sǐ	to die
4	199	却	què	but
4	216	不过	bùguò	only
4	238	所有	suǒyǒu	all
4	245	情况	qíngkuàng	circumstances, state of affairs
4	267	成为	chéngwéi	to become, to turn into
4	274	感觉	gǎnjué	feeling, impression, sensation
4	285	继续	jìxù	to continue, to proceed with
4	286	场	chǎng	large place used for a specific purpose
4	291	心	xīn	heart
4	299	进行	jìnxíng	to proceed, to be in progress
4	303	已	yǐ	already
4	303	之后	zhīhòu	after, behind
4	319	内	nèi	inside
4	323	出现	chūxiàn	to appear
4	343	美	měi	beautiful
4	343	通过	tōngguò	to pass through, to get through
4	344	无	wú	not to have
4	350	一切	yīqiè	everything
4	353	由	yóu	to follow
4	356	任何	rènhé	any, whatever, whichever
4	364	结果	jiéguǒ	outcome, result, consequence
4	391	此	cǐ	this, these
4	393	完全	wánquán	complete, whole
4	400	使	shǐ	to make
4	403	计划	jìhuà	plan
4	404	全	quán	all
4	405	作为	zuòwéi	one's conduct
4	406	连	lián	to link
4	422	队	duì	squadron
4	426	部	bù	ministry
4	441	原因	yuányīn	cause
4	448	消息	xiāoxi	news, information
4	452	表现	biǎoxiàn	to show
4	458	进入	jìnrù	to enter
4	465	接受	jiēshòu	to accept, to acquiesce
4	470	其中	qízhōng	among
4	476	成功	chénggōng	to succeed
4	476	之间	zhījiān	between, among, amid
4	478	道	dào	road, path
4	478	甚至	shènzhì	even, so much so that
4	479	之前	zhīqián	before
4	481	能够	nénggòu	to be capable of
4	482	无法	wúfǎ	unable to, incapable of
4	484	拉	lā	to pull
4	490	对于	duìyú	regarding, as far as is concerned
4	494	肯定	kěndìng	to be certain, to be positive
4	499	者	zhě	one who
4	505	当时	dāngshí	then, at that time
4	508	转	zhuǎn	to turn
4	512	调查	diàochá	investigation
4	513	部分	bùfen	part, portion, piece
4	513	方式	fāngshì	way, method, manner, mode, pattern
4	529	强	qiáng	strong
4	534	能力	nénglì	capability
4	536	保护	bǎohù	to protect
4	541	另	lìng	other
4	544	真正	zhēnzhèng	genuine, real, true
4	545	管	guǎn	to take care
4	546	支持	zhīchí	to be in favor of
4	549	掉	diào	to fall
4	551	改变	gǎibiàn	to change
4	553	是否	shìfǒu	whether
4	556	活	huó	to live
4	558	生	shēng	to grow, to give birth, to produce
4	560	片	piàn	thin piece
4	566	同时	tóngshí	at the same time, simultaneously
4	566	自	zì	self, oneself
4	567	拍	pāi	to pat
4	572	整个	zhěnggè	whole
4	578	组	zǔ	to form
4	582	研究	yánjiū	research
4	586	保证	bǎozhèng	guarantee
4	586	定	dìng	to fix, to set, to make definite
4	588	直接	zhíjiē	direct
4	599	永远	yǒngyuǎn	forever
4	601	方面	fāngmiàn	respect
4	601	也许	yěxǔ	perhaps, maybe
4	603	目前	mùqián	at the present time
4	605	活动	huódòng	to exercise, to move about, to work out
4	607	考虑	kǎolǜ	to think over
4	608	份	fèn	to divide, to separate
4	608	重	zhòng	heavy
4	612	信息	xìnxī	information, news, message
4	621	提供	tígōng	to offer
4	638	区	qū	area
4	639	指	zhǐ	finger
4	641	使用	shǐyòng	to use
4	657	目标	mùbiāo	target
4	662	首	shǒu	head
4	664	任务	rènwu	mission, assignment, task, duty, role
4	667	联系	liánxì	connection
4	668	因此	yīncǐ	thus, consequently, as a result
4	671	人员	rényuán	staff
4	678	按	àn	to press
4	696	台	tái	platform
4	698	算	suàn	to calculate, to figure out
4	701	获得	huòdé	to obtain, to receive, to get
4	705	留	liú	to leave
4	705	生命	shēngmìng	life
4	706	法	fǎ	law
4	706	家庭	jiātíng	family, household
4	715	交	jiāo	to hand over, to deliver, to pay
4	718	全部	quánbù	whole, all
4	722	正常	zhèngcháng	normal, regular
4	725	另外	lìngwài	additional
4	726	血	xuè	blood
4	738	克	kè	to be able to
4	741	到底	dàodǐ	finally
4	741	装	zhuāng	adornment
4	749	感谢	gǎnxiè	to thank, to be grateful
4	751	座	zuò	seat
4	752	好好	hǎohǎo	in perfectly good condition
4	756	入	rù	to enter, to go into
4	758	技术	jìshù	technology, technique, skill
4	768	停	tíng	to stop
4	772	气	qì	gas, air
4	775	性	xìng	nature
4	780	倒	dào	to invert
4	782	建议	jiànyì	to propose, to suggest, to recommend
4	785	严重	yánzhòng	grave, serious, severe, critical
4	786	各位	gèwèi	everybody
4	790	原来	yuánlái	original, former
4	797	约	yuē	to make an appointment
4	800	光	guāng	light, ray
4	816	法律	fǎlǜ	law
4	817	父亲	fùqīn	father
4	827	并且	bìngqiě	and, besides, moreover, furthermore
4	836	社会	shèhuì	society
4	837	项	xiàng	back of neck
4	838	证明	zhèngmíng	proof
4	844	记者	jìzhě	reporter, journalist
4	849	底	dǐ	bottom, base
4	850	确实	quèshí	indeed
4	852	数	shù	number, figure
4	854	表示	biǎoshì	to express, to state, to show
4	854	不管	bùguǎn	not to be concerned
4	862	谈	tán	to speak
4	868	至少	zhìshǎo	at least
4	872	解释	jiěshì	explanation
4	876	负责	fùzé	to be responsible for
4	878	首先	shǒuxiān	first of all, in the first place
4	884	理解	lǐjiě	to comprehend, to understand
4	891	父母	fùmǔ	father and mother, parents
4	892	城	chéng	city walls
4	898	最终	zuìzhōng	final, ultimate
4	900	安排	ānpái	to arrange
4	902	敢	gǎn	to dare
4	913	梦	mèng	dream
4	915	重新	chóngxīn	again, once more, re-
4	919	提	tí	to carry
4	926	人生	rénshēng	life
4	928	幸福	xìngfú	happiness
4	929	自然	zìrán	nature
4	935	责任	zérèn	responsibility, duty, liability
4	939	感	gǎn	to feel
4	949	失去	shīqù	to lose
4	951	低	dī	low
4	952	弄	nòng	to do
4	952	赢	yíng	to beat
4	955	作用	zuòyòng	to act on, to affect
4	961	满	mǎn	to fill
4	968	说明	shuōmíng	to explain
4	969	许多	xǔduō	many
4	971	同样	tóngyàng	same, equal, similar
4	972	步	bù	a step
4	973	面对	miànduì	to face, to confront
4	981	压力	yālì	pressure
4	982	由于	yóuyú	due to
4	983	母亲	mǔqīn	mother
4	983	再次	zàicì	once more, once again
4	992	部门	bùmén	department
4	994	放弃	fàngqì	to renounce, to abandon, to give up
4	995	意见	yìjiàn	idea
4	1002	过程	guòchéng	course of events, process
4	1004	即使	jíshǐ	even if, even though
4	1014	尽管	jǐnguǎn	despite
4	1014	深	shēn	deep
4	1022	各	gè	each
4	1029	仍然	réngrán	still, as before, yet
4	1034	秒	miǎo	second
4	1037	值得	zhíde	worth the money
4	1047	经历	jīnglì	to experience, to go through
4	1047	讨论	tǎolùn	to discuss, to talk over
4	1048	超过	chāoguò	to surpass
4	1050	仍	réng	still, yet
4	1053	假	jiǎ	fake
4	1056	加入	jiārù	to become a member
4	1060	兄弟	xiōngdì	brothers
4	1067	地址	dìzhǐ	address
4	1069	无论	wúlùn	no matter what or how
4	1070	改	gǎi	to change
4	1073	紧张	jǐnzhāng	nervous
4	1078	加油	jiāyóu	to add oil, to top up with gas
4	1081	省	shěng	to save, to economize, to be frugal
4	1082	夜	yè	night
4	1086	仅	jǐn	barely
4	1086	十分	shífēn	very
4	1090	陪	péi	to accompany
4	1092	挂	guà	to hang, to suspend
4	1093	本来	běnlái	original
4	1095	基本	jīběn	basic
4	1104	条件	tiáojiàn	condition, circumstance, term, factor
4	1116	晚安	wǎn'ān	Good night!
4	1122	广告	guǎnggào	to advertise
4	1125	提出	tíchū	to raise
4	1128	警察	jǐngchá	police, police officer
4	1130	资料	zīliào	material
4	1131	关键	guānjiàn	crucial point
4	1140	样子	yàngzi	appearance
4	1141	困难	kùnnan	difficult
4	1146	专业	zhuānyè	specialty
4	1147	难道	nándào	don't tell me
4	1151	规定	guīdìng	to stipulate, to specify, to prescribe
4	1151	于是	yúshì	thereupon, as a result, consequently
4	1155	产生	chǎnshēng	to arise, to come into being
4	1155	通	tōng	to go through
4	1158	对方	duìfāng	the other person, the other side
4	1163	正确	zhèngquè	correct, sound, right, proper
4	1164	爱情	àiqíng	romance, love
4	1173	够	gòu	enough
4	1181	火	huǒ	fire
4	1185	更加	gèngjiā	more
4	1188	排	pái	to arrange in order, to line up
4	1190	市场	shìchǎng	marketplace, market, bazaar
4	1196	留下	liúxià	to leave behind
4	1197	教育	jiàoyù	to educate
4	1197	日子	rìzi	day
4	1197	祝	zhù	to pray for
4	1198	取	qǔ	to take
4	1201	危险	wēixiǎn	danger
4	1202	管理	guǎnlǐ	to supervise
4	1206	乱	luàn	in confusion or disorder
4	1207	待	dài	to wait
4	1211	适合	shìhé	to fit, to suit
4	1215	正式	zhèngshì	formal, official
4	1216	引起	yǐnqǐ	to give rise to, to lead to, to cause
4	1222	从来	cónglái	always
4	1227	共	gòng	common
4	1228	棒	bàng	stick
4	1231	图	tú	diagram
4	1232	实际上	shíjìshàng	in fact
4	1234	达到	dádào	to reach, to achieve, to attain
4	1238	抱	bào	to hold
4	1245	不断	bùduàn	unceasing
4	1246	律师	lǜshī	lawyer
4	1246	内容	nèiróng	content, substance, details
4	1246	通知	tōngzhī	to notify
4	1254	痛	tòng	ache
4	1257	感情	gǎnqíng	emotion, sentiment
4	1260	观众	guānzhòng	spectators, audience, visitors
4	1260	目的	mùdì	purpose, aim, goal, target, objective
4	1262	国际	guójì	international
4	1262	美丽	měilì	beautiful
4	1269	经验	jīngyàn	experience
4	1272	破	pò	broken
4	1277	推	tuī	to push
4	1285	刀	dāo	knife, blade, single-edged sword
4	1286	感受	gǎnshòu	to sense
4	1290	油	yóu	oil
4	1299	科学	kēxué	science
4	1302	心情	xīnqíng	mood, frame of mind
4	1305	错误	cuòwù	mistaken, false, wrong
4	1315	整	zhěng	whole, complete, entire, whole, exactly
4	1317	标准	biāozhǔn	standard, norm, criterion
4	1317	职业	zhíyè	occupation, profession, vocation
4	1320	精彩	jīngcǎi	wonderful
4	1322	值	zhí	value
4	1329	接着	jiēzhe	to catch and hold on
4	1337	流	liú	to flow
4	1337	速度	sùdù	speed, rate, velocity, tempo
4	1340	实在	shízài	really
4	1342	文件	wénjiàn	document
4	1344	表	biǎo	exterior surface
4	1345	空	kōng	empty
4	1351	左右	zuǒyòu	left and right
4	1352	效果	xiàoguǒ	result
4	1373	普通	pǔtōng	common
4	1376	经济	jīngjì	economy
4	1378	按照	ànzhào	according to, in accordance with
4	1379	女性	nǚxìng	woman
4	1379	有效	yǒuxiào	effective
4	1381	反对	fǎnduì	to oppose, to be against, to object to
4	1381	竟然	jìngrán	unexpectedly
4	1381	重点	zhòngdiǎn	important point, main point, focus
4	1381	作品	zuòpǐn	work
4	1390	嗯	èn	nonverbal grunt as interjection
4	1396	倍	bèi	-fold
4	1396	准	zhǔn	accurate
4	1399	醒	xǐng	to wake up
4	1401	讨厌	tǎoyàn	to dislike
4	1403	输	shū	to lose, to be beaten
4	1413	要是	yàoshi	if
4	1416	否则	fǒuzé	otherwise, if not, or
4	1416	免费	miǎnfèi	free
4	1416	牌	pái	signboard, plaque, plate, tablet
4	1418	动作	dòngzuò	movement, motion, action
4	1419	不够	bùgòu	not enough
4	1419	俩	liǎ	two
4	1419	增加	zēngjiā	to raise, to increase
4	1431	举行	jǔxíng	to hold
4	1433	想法	xiǎngfǎ	way of thinking, opinion, notion
4	1435	落	luò	to fall or drop
4	1436	著名	zhùmíng	famous
4	1443	拒绝	jùjué	to refuse, to decline, to reject
4	1446	梦想	mèngxiǎng	to dream of
4	1452	帅	shuài	commander-in-chief
4	1454	受伤	shòushāng	to sustain injuries
4	1467	不仅	bùjǐn	not just, not limited to
4	1473	期	qī	a period of time
4	1474	姑娘	gūniang	girl
4	1475	顺利	shùnlì	smoothly, without a hitch
4	1488	艺术	yìshù	art
4	1492	麻烦	máfan	trouble, inconvenience
4	1500	美好	měihǎo	beautiful
4	1500	申请	shēnqǐng	to apply for sth
4	1510	各种	gèzhǒng	every kind of, all kinds of, various
4	1568	演出	yǎnchū	to act
4	1584	竞争	jìngzhēng	to compete
4	1586	估计	gūjì	to estimate, to assess, to calculate
4	1588	失败	shībài	to be defeated
4	1599	世纪	shìjì	century
4	1605	证	zhèng	certificate
4	1606	不得不	bùdébù	have no choice or option but to
4	1609	取得	qǔdé	to acquire, to get, to obtain
4	1611	允许	yǔnxǔ	to permit, to allow
4	1612	教授	jiàoshòu	professor
4	1613	演	yǎn	to perform, to stage
4	1616	错过	cuòguò	to miss
4	1617	顿	dùn	to stop
4	1617	吸引	xīyǐn	to attract, to appeal to, to fascinate
4	1618	之中	zhīzhōng	inside
4	1623	背	bèi	the back of a body or object
4	1623	共同	gòngtóng	common
4	1626	一生	yīshēng	all one's life, throughout one's life
4	1627	杂志	zázhì	magazine
4	1629	既然	jìrán	since, as, this being the case
4	1631	货	huò	goods
4	1632	停止	tíngzhǐ	to stop, to halt, to cease
4	1634	提醒	tíxǐng	to remind
4	1643	演员	yǎnyuán	actor, actress, performer
4	1647	态度	tàidu	manner
4	1649	周围	zhōuwéi	environs, surroundings, periphery
4	1652	小组	xiǎozǔ	group
4	1657	复杂	fùzá	complicated, complex
4	1668	幅	fú	width
4	1670	数字	shùzì	numeral
4	1672	压	yā	to press
4	1683	邀请	yāoqǐng	to invite
4	1687	加上	jiāshàng	to add, plus
4	1688	队员	duìyuán	team member
4	1688	交通	jiāotōng	to be connected
4	1689	优秀	yōuxiù	outstanding, excellent
4	1691	亮	liàng	bright, light
4	1691	篇	piān	sheet
4	1692	儿童	értóng	child
4	1693	出口	chūkǒu	an exit
4	1698	既	jì	already
4	1705	味道	wèidao	flavor, taste
4	1708	千万	qiānwàn	ten million
4	1725	距离	jùlí	distance, separation
4	1729	轻松	qīngsōng	light
4	1755	毕业	bìyè	graduation
4	1763	怀疑	huáiyí	to doubt, to be skeptical of
4	1768	食物	shíwù	food
4	1777	垃圾	lājī	trash
4	1778	修	xiū	to decorate
4	1783	价格	jiàgé	price
4	1802	戴	dài	to put on or wear
4	1807	大量	dàliàng	great amount
4	1812	究竟	jiūjìng	to go to the bottom of a matter
4	1814	轻	qīng	light
4	1815	信号	xìnhào	signal
4	1818	然而	rán'ér	however, but, yet
4	1820	赢得	yíngdé	to win
4	1828	交流	jiāoliú	to exchange
4	1838	教练	jiàoliàn	to coach, to train
4	1839	兴奋	xīngfèn	excited
4	1840	付	fù	to pay
4	1858	全球	quánqiú	the whole world
4	1868	困	kùn	to trap
4	1870	符合	fúhé	in accordance with, to agree with
4	1880	吹	chuī	to blow
4	1880	取消	qǔxiāo	to cancel, to call off, to revoke
4	1892	躺	tǎng	to recline
4	1912	答案	dá'àn	answer
4	1922	皮肤	pífū	skin
4	1924	浪费	làngfèi	to waste
4	1925	厉害	lìhai	terrible, intense, severe, devastating
4	1926	尊重	zūnzhòng	to esteem
4	1931	激动	jīdòng	to move emotionally
4	1940	多么	duōme	how
4	1952	擦	cā	to rub, to scratch
4	1953	香	xiāng	fragrant
4	1955	无聊	wúliáo	bored
4	1958	文章	wénzhāng	article
4	1971	地球	dìqiú	the earth
4	1974	内心	nèixīn	heart, innermost being
4	1978	发出	fāchū	to issue, to send out, to dispatch
4	1981	实际	shíjì	reality
4	1994	赶紧	gǎnjǐn	hurriedly
4	1997	费	fèi	to cost
4	2013	年龄	niánlíng	age
4	2029	不必	bùbì	need not
4	2030	现金	xiànjīn	cash
4	2035	可惜	kěxī	it is a pity
4	2043	阳光	yángguāng	sunshine
4	2055	回忆	huíyì	to recall
4	2055	空气	kōngqì	air
4	2060	喊	hǎn	to yell
4	2069	材料	cáiliào	material
4	2070	熟悉	shúxī	to be familiar with, to know well
4	2071	随便	suíbiàn	as one wishes
4	2084	烦	fán	to feel vexed
4	2091	互相	hùxiāng	each other
4	2094	科技	kējì	science and technology
4	2106	失望	shīwàng	disappointed
4	2109	印象	yìnxiàng	impression
4	2110	相同	xiāngtóng	identical, same
4	2110	烟	yān	cigarette or pipe tobacco
4	2112	生意	shēngyì	life force
4	2113	赶	gǎn	to overtake, to catch up with
4	2114	存	cún	to exist
4	2120	桥	qiáo	bridge
4	2128	仅仅	jǐnjǐn	barely
4	2130	答应	dāying	to answer, to respond
4	2135	基础	jīchǔ	base, foundation, basis
4	2147	量	liàng	capacity
4	2147	适应	shìyìng	to adapt
4	2163	赚	zhuàn	to earn
4	2168	猜	cāi	to guess
4	2176	食品	shípǐn	foodstuff, food, provisions
4	2186	大约	dàyuē	approximately
4	2198	奖	jiǎng	prize, award, bonus, reward
4	2203	视频	shìpín	video
4	2206	提前	tíqián	to shift to an earlier date
4	2209	列	liè	to arrange
4	2209	暂时	zànshí	temporary, provisional
4	2212	积极	jījí	active
4	2225	有着	yǒuzhe	to have
4	2237	汤	tāng	soup
4	2237	响	xiǎng	echo
4	2243	收入	shōurù	to take in
4	2245	恐怕	kǒngpà	fear
4	2274	仔细	zǐxì	careful, attentive, cautious
4	2279	严格	yángé	strict, stringent, tight, rigorous
4	2280	及时	jíshí	timely, at the right time
4	2284	知识	zhīshi	knowledge
4	2288	专门	zhuānmén	specialized, dedicated
4	2303	脱	tuō	to shed
4	2309	快速	kuàisù	fast, high-speed, rapid
4	2311	放松	fàngsōng	to relax, to slacken, to loosen
4	2311	举	jǔ	to lift
4	2329	厂	chǎng	factory
4	2331	苦	kǔ	bitter
4	2332	租	zū	to hire
4	2340	球队	qiúduì	sports team
4	2340	吸	xī	to breathe
4	2350	单位	dānwèi	unit
4	2350	说法	shuōfa	way of speaking
4	2356	公共	gōnggòng	public, common, communal
4	2360	学院	xuéyuàn	college
4	2364	费用	fèiyòng	cost
4	2367	道路	dàolù	road
4	2376	能否	néngfǒu	whether one can, whether it is possible
4	2377	下降	xiàjiàng	to decline
4	2385	旅行	lǚxíng	to travel
4	2388	公路	gōnglù	highway
4	2395	再说	zàishuō	to say again
4	2399	土	tǔ	earth
4	2400	尤其	yóuqí	especially, particularly
4	2405	工人	gōngrén	worker
4	2405	扔	rēng	to throw
4	2405	信心	xìnxīn	confidence
4	2425	博士	bóshì	doctor
4	2426	故意	gùyì	deliberately, on purpose
4	2427	闻	wén	to hear
4	2435	村	cūn	village
4	2435	看法	kànfǎ	way of looking at a thing
4	2439	浪漫	làngmàn	romantic
4	2443	减少	jiǎnshǎo	to lessen, to decrease, to reduce
4	2448	缺	quē	deficiency
4	2449	辛苦	xīnkǔ	exhausting
4	2453	剩	shèng	to remain
4	2469	正好	zhènghǎo	just
4	2477	回复	huífù	to recover, to revert, to return to
4	2480	判断	pànduàn	to judge, to determine, judgment
4	2492	相互	xiānghù	each other
4	2520	弹	dàn	crossball
4	2524	有趣	yǒuqù	interesting, fascinating, amusing
4	2531	公里	gōnglǐ	kilometer
4	2532	工资	gōngzī	wages, pay
4	2534	好处	hǎochu	benefit, advantage, merit
4	2543	庆祝	qìngzhù	to celebrate
4	2543	伤心	shāngxīn	to grieve
4	2549	眼前	yǎnqián	before one's eyes
4	2566	区别	qūbié	difference
4	2575	家长	jiāzhǎng	head of a household
4	2601	将来	jiānglái	in the future
4	2610	自信	zìxìn	to have confidence in oneself
4	2624	小说	xiǎoshuō	novel
4	2631	稍	shāo	somewhat
4	2635	教师	jiàoshī	teacher
4	2649	鼓励	gǔlì	to encourage
4	2656	工厂	gōngchǎng	factory
4	2661	理想	lǐxiǎng	an ideal
4	2661	指出	zhǐchū	to indicate
4	2667	后悔	hòuhuǐ	to regret, to feel remorse
4	2669	举办	jǔbàn	to conduct, to hold
4	2676	感动	gǎndòng	to move
4	2683	提到	tídào	to mention
4	2684	不如	bùrú	not equal to, not as good as
4	2706	顾客	gùkè	customer, client
4	2724	流行	liúxíng	to spread, to propagate
4	2724	支付	zhīfù	to pay
4	2729	赶快	gǎnkuài	quickly, at once
4	2737	整理	zhěnglǐ	to arrange
4	2739	丰富	fēngfù	to enrich
4	2744	答	dá	to answer
4	2749	熊	xióng	bear
4	2754	原谅	yuánliàng	to excuse
4	2763	肚子	dùzi	belly
4	2776	大赛	dàsài	grand contest
4	2791	辣	là	hot
4	2796	作者	zuòzhě	author, writer
4	2805	质量	zhìliàng	mass
4	2807	到来	dàolái	to arrive
4	2823	愉快	yúkuài	cheerful, happy, pleasant, delighted
4	2842	寄	jì	to entrust, to place in sb's care
4	2864	准确	zhǔnquè	accurate, exact, precise
4	2871	负责人	fùzérén	person in charge
4	2875	详细	xiángxì	detailed
4	2897	降	jiàng	to drop
4	2897	禁止	jìnzhǐ	to prohibit
4	2908	冷静	lěngjìng	calm, cool-headed, dispassionate
4	2912	购物	gòuwù	shopping
4	2916	数量	shùliàng	amount, quantity
4	2918	男性	nánxìng	the male sex
4	2932	早餐	zǎocān	breakfast
4	2934	图片	túpiàn	picture, photograph
4	2934	相比	xiāngbǐ	to compare
4	2934	勇敢	yǒnggǎn	brave, courageous
4	2972	购买	gòumǎi	to purchase, to buy
4	2982	乘	chéng	to ride
4	2991	订	dìng	to agree
4	2994	早晨	zǎochén	early morning
4	3002	卫生	wèishēng	hygienic, sanitary
4	3003	巧克力	qiǎokèlì	chocolate
4	3019	加强	jiāqiáng	to reinforce, to strengthen, to enhance
4	3019	做法	zuòfǎ	way of handling sth
4	3023	骄傲	jiāo'ào	pride
4	3028	歌手	gēshǒu	singer
4	3034	作家	zuòjiā	author
4	3044	各地	gèdì	in all parts of
4	3050	熟	shú	ripe, mature
4	3053	性格	xìnggé	nature
4	3058	降低	jiàngdī	to reduce, to lower, to bring down
4	3076	厨房	chúfáng	kitchen
4	3080	课程	kèchéng	course, academic program
4	3082	全身	quánshēn	the whole body
4	3104	随着	suízhe	along with
4	3132	全都	quándōu	all
4	3132	只好	zhǐhǎo	to have no other option but to ...
4	3133	密码	mìmǎ	cipher, secret code
4	3139	人数	rénshù	number of people
4	3156	餐厅	cāntīng	dining hall
4	3164	亚洲	Yàzhōu	Asia
4	3168	道歉	dàoqiàn	to apologize
4	3174	趟	tàng	a time
4	3177	队长	duìzhǎng	captain
4	3183	森林	sēnlín	forest
4	3188	外套	wàitào	outer garment, jacket, coat
4	3191	聚会	jùhuì	party
4	3191	用于	yòngyú	to use in, to use on, to use for
4	3207	西部	xībù	western part
4	3210	友好	yǒuhǎo	friendly, amicable
4	3213	聚	jù	to assemble, to gather
4	3222	停车	tíngchē	to pull up
4	3259	烤	kǎo	to roast, to grill, to broil, to bake
4	3266	收拾	shōushi	to put in order
4	3284	乘客	chéngkè	passenger
4	3299	用来	yònglái	to be used for
4	3320	广播	guǎngbō	broadcast
4	3335	云	yún	to say
4	3336	青年	qīngnián	youth
4	3354	钥匙	yàoshi	key
4	3361	酸	suān	sour
4	3379	污染	wūrǎn	to pollute, to contaminate
4	3393	厕所	cèsuǒ	toilet, lavatory
4	3411	不论	bùlùn	whatever
4	3440	温度	wēndù	temperature
4	3484	鼻子	bízi	nose
4	3486	例如	lìrú	for example, for instance, such as
4	3501	祝贺	zhùhè	to congratulate
4	3504	批评	pīpíng	to criticize, criticism
4	3506	重视	zhòngshì	to attach importance to sth, to value
4	3519	今后	jīnhòu	hereafter
4	3521	增长	zēngzhǎng	to grow, to increase
4	3525	相反	xiāngfǎn	opposite
4	3550	大大	dàdà	greatly
4	3553	帽子	màozi	hat
4	3559	夜晚	yèwǎn	night
4	3574	抬	tái	to lift
4	3584	主意	zhǔyi	plan
4	3595	桶	tǒng	bucket
4	3604	街道	jiēdào	street
4	3610	晚餐	wǎncān	evening meal, dinner
4	3638	高速	gāosù	high speed
4	3644	观看	guānkàn	to watch, to view
4	3647	此外	cǐwài	besides, in addition, moreover
4	3649	奖金	jiǎngjīn	premium
4	3653	盐	yán	salt
4	3675	功夫	gōngfu	skill
4	3675	少年	shàonián	early youth
4	3695	减	jiǎn	to lower
4	3699	难受	nánshòu	to feel unwell
4	3705	基本上	jīběnshang	basically
4	3724	民族	mínzú	nationality, ethnic group
4	3730	航班	hángbān	flight, sailing
4	3731	偶尔	ǒu'ěr	occasionally
4	3731	约会	yuēhuì	appointment
4	3735	商品	shāngpǐn	commodity, goods, merchandise
4	3736	末	mò	tip
4	3744	细	xì	thin or slender
4	3756	受不了	shòubùliǎo	unbearable
4	3759	厚	hòu	thick
4	3782	护士	hùshi	nurse
4	3793	参观	cānguān	to visit, to tour, to look around
4	3796	顺便	shùnbiàn	conveniently
4	3801	友谊	yǒuyì	companionship
4	3806	笨	bèn	stupid
4	3838	大厅	dàtīng	hall, concourse, public lounge, lobby
4	3844	耐心	nàixīn	to be patient
4	3846	加快	jiākuài	to accelerate, to speed up, to hasten
4	3854	远离	yuǎnlí	to be far from
4	3878	开玩笑	kāiwánxiào	to play a joke, to make fun of, to joke
4	3882	各个	gègè	every
4	3896	参赛	cānsài	to compete
4	3897	演唱	yǎnchàng	to sing
4	3915	植物	zhíwù	plant
4	3928	日期	rìqī	date
4	3929	查看	chákàn	to look over
4	3935	从此	cóngcǐ	from now on
4	3939	对面	duìmiàn	opposite, across
4	3952	播放	bōfàng	to broadcast, to transmit
4	3998	其次	qícì	next
4	3998	眼镜	yǎnjìng	spectacles
4	4003	体重	tǐzhòng	body weight
4	4005	面试	miànshì	to be interviewed
4	4007	敲	qiāo	to hit
4	4008	迟	chí	late
4	4017	脾气	píqi	character, temperament, disposition
4	4022	会员	huìyuán	member
4	4025	翻译	fānyì	to translate
4	4038	烦恼	fánnǎo	to be worried
4	4039	特点	tèdiǎn	characteristic, trait, feature
4	4050	往往	wǎngwǎng	usually
4	4068	风景	fēngjǐng	scenery, landscape
4	4078	笑话	xiàohua	joke, jest
4	4088	凉	liáng	cool
4	4097	球迷	qiúmí	fan
4	4118	路过	lùguò	to pass by, to pass through
4	4121	海洋	hǎiyáng	ocean
4	4130	窗户	chuānghu	window
4	4153	平常	píngcháng	ordinary
4	4168	文字	wénzì	character
4	4188	家具	jiājù	furniture
4	4222	电视剧	diànshìjù	TV series
4	4222	棵	kē	classifier for trees, cabbages, plants etc
4	4225	粗	cū	wide, thick
4	4226	身份证	shēnfènzhèng	identity card
4	4232	商量	shāngliang	to consult
4	4234	收费	shōufèi	to charge a fee
4	4267	小伙子	xiǎohuǒzi	young man, young fellow, lad
4	4296	午餐	wǔcān	lunch
4	4300	排队	páiduì	to line up
4	4305	等到	děngdào	to wait until
4	4305	稍微	shāowēi	a little bit
4	4310	汗	hàn	perspiration
4	4326	缺少	quēshǎo	lack
4	4327	环保	huánbǎo	environmental protection
4	4334	家乡	jiāxiāng	hometown
4	4349	阅读	yuèdú	to read
4	4350	发送	fāsòng	to transmit
4	4369	读者	dúzhě	reader
4	4376	多数	duōshù	majority, most
4	4420	推出	tuīchū	to push out
4	4427	巧	qiǎo	opportunely
4	4466	教学	jiāoxué	to teach
4	4477	座位	zuòwèi	seat
4	4483	首都	shǒudū	capital
4	4518	吃惊	chījīng	to be startled
4	4518	忽然	hūrán	suddenly, all of a sudden
4	4545	暂停	zàntíng	to suspend
4	4551	羡慕	xiànmù	to envy
4	4602	报名	bàomíng	to sign up
4	4623	此次	cǐcì	this time
4	4636	日记	rìjì	diary
4	4709	逛	guàng	to stroll
4	4733	好笑	hǎoxiào	laughable, funny, ridiculous
4	4744	健身	jiànshēn	to exercise
4	4747	减轻	jiǎnqīng	to lighten
4	4753	总结	zǒngjié	to sum up
4	4773	南部	nánbù	southern part
4	4800	打扰	dǎrǎo	to disturb
4	4802	江	jiāng	river
4	4810	幽默	yōumò	humor
4	4819	办事	bànshì	to handle
4	4823	塑料	sùliào	plastic, plastics
4	4824	做梦	zuòmèng	to dream, to have a dream
4	4872	互联网	Hùliánwǎng	Internet
4	4880	误会	wùhuì	to misunderstand
4	4894	打工	dǎgōng	to work a temporary or casual job
4	4903	星星	xīngxing	a star, the stars in the sky
4	4905	获取	huòqǔ	to gain, to get, to acquire
4	4909	抱歉	bàoqiàn	to be sorry
4	4911	师傅	shīfu	master
4	4941	钢琴	gāngqín	piano
4	5004	不满	bùmǎn	dissatisfied, discontented, resentful
4	5015	镜子	jìngzi	mirror
4	5034	例子	lìzi	case
4	5046	赶上	gǎnshàng	to keep up with
4	5048	合格	hégé	to meet the standard required
4	5067	东部	dōngbù	the east
4	5076	亲戚	qīnqi	a relative
4	5093	客气	kèqi	polite
4	5101	琴	qín	guqin
4	5145	日常	rìcháng	day-to-day, daily, everyday
4	5156	力气	lìqi	physical strength
4	5178	缺点	quēdiǎn	weak point
4	5240	少数	shǎoshù	small number
4	5256	胳膊	gēbo	arm
4	5310	办公	bàngōng	to handle official business, to do work
4	5317	打败	dǎbài	to defeat
4	5420	北部	běibù	northern part
4	5431	度假	dùjià	to go on holidays
4	5451	老虎	lǎohǔ	tiger
4	5453	停车场	tíngchēchǎng	parking lot
4	5484	牌子	páizi	sign
4	5499	乘坐	chéngzuò	to take, to ride
4	5528	诚实	chéngshí	honest
4	5546	毛衣	máoyī	sweater
4	5547	出租	chūzū	to rent
4	5551	男士	nánshì	man
4	5562	老是	lǎoshi	always
4	5566	上门	shàngmén	to drop in
4	5573	童年	tóngnián	childhood
4	5596	从中	cóngzhōng	from among them, from it
4	5603	市区	shìqū	urban district
4	5606	现有	xiànyǒu	currently existing
4	5613	月份	yuèfèn	month
4	5639	孙子	sūnzi	grandson
4	5641	优点	yōudiǎn	merit
4	5646	客厅	kètīng	living room, sitting room
4	5648	难忘	nánwàng	unforgettable
4	5705	旅馆	lǚguǎn	hotel
4	5768	来不及	láibují	there's not enough time, it's too late
4	5800	普遍	pǔbiàn	universal
4	5809	爱心	àixīn	compassion
4	5815	旅客	lǚkè	traveler, tourist
4	5854	价钱	jiàqian	price
4	5865	外出	wàichū	to go out
4	5876	证件	zhèngjiàn	certificate, papers, credentials
4	5879	修理	xiūlǐ	to repair
4	5927	入口	rùkǒu	entrance
4	5951	加班	jiābān	to work overtime
4	5958	将要	jiāngyào	will
4	5997	底下	dǐxia	the location below sth
4	6046	美食	měishí	culinary delicacy
4	6056	鲜	xiān	fresh
4	6073	热闹	rènao	lively, bustling, full of activity
4	6136	点头	diǎntóu	to nod
4	6153	散步	sànbù	to take a walk, to go for a walk
4	6178	顺序	shùnxù	sequence
4	6208	低于	dīyú	to be lower than
4	6238	懒	lǎn	lazy
4	6239	院长	yuànzhǎng	the head of an institution whose name
4	6248	大夫	dàfū	senior official
4	6248	准时	zhǔnshí	on time
4	6250	盒子	hézi	box, case
4	6275	前后	qiánhòu	around
4	6279	得意	déyì	proud of oneself
4	6307	学费	xuéfèi	tuition fee
4	6315	前方	qiánfāng	ahead
4	6337	礼貌	lǐmào	courtesy, politeness, manners
4	6344	毕业生	bìyèshēng	graduate
4	6372	歌声	gēshēng	singing voice
4	6409	推迟	tuīchí	to postpone
4	6410	老家	lǎojiā	native place
4	6412	饼干	bǐnggān	biscuit, cracker, cookie
4	6422	葡萄	pútao	grape
4	6447	抬头	táitóu	to raise one's head, to look up
4	6466	感人	gǎnrén	touching, moving
4	6470	中年	zhōngnián	middle age
4	6479	院子	yuànzi	courtyard
4	6513	性别	xìngbié	sex, gender
4	6544	友情	yǒuqíng	friendly feelings
4	6566	袜子	wàzi	socks
4	6570	气候	qìhòu	climate
4	6574	毛巾	máojīn	towel
4	6575	办理	bànlǐ	to handle, to transact, to conduct
4	6646	分数	fēnshù	grade
4	6730	寒冷	hánlěng	cold
4	6737	鲜花	xiānhuā	flower
4	6827	葡萄酒	pútaojiǔ	wine
4	6831	害羞	hàixiū	shy
4	6858	降落	jiàngluò	to descend
4	6873	剧院	jùyuàn	theater
4	6943	课堂	kètáng	classroom, class session
4	6981	来得及	láidejí	to have enough time, can do it in time
4	7020	咳嗽	késou	to cough
4	7033	研究生	yánjiūshēng	graduate student
4	7087	出差	chūchāi	to go on an official or business trip
4	7102	树林	shùlín	woods
4	7103	高于	gāoyú	greater than
4	7129	以内	yǐnèi	within
4	7131	目的地	mùdìdì	destination
4	7167	快递	kuàidì	express delivery
4	7176	酸奶	suānnǎi	yogurt
4	7200	气温	qìwēn	air temperature
4	7233	按时	ànshí	on time
4	7249	暑假	shǔjià	summer vacation
4	7316	不光	bùguāng	not the only one
4	7338	获奖	huòjiǎng	to win an award
4	7379	咸	xián	all
4	7383	咳	hāi	sound of sighing
4	7596	体温	tǐwēn	temperature
4	7765	果汁	guǒzhī	fruit juice
4	7771	奖学金	jiǎngxuéjīn	scholarship
4	7821	厨师	chúshī	cook
4	7839	加油站	jiāyóuzhàn	gas station
4	7855	郊区	jiāoqū	suburban district, outskirts, suburbs
4	7912	节约	jiéyuē	to economize
4	7931	打招呼	dǎzhāohu	to greet sb by word or action
4	8003	不便	bùbiàn	inconvenient
4	8004	招聘	zhāopìn	to invite applications for a job
4	8011	活泼	huópo	lively
4	8020	大自然	dàzìrán	nature
4	8073	签证	qiānzhèng	visa
4	8118	暖和	nuǎnhuo	warm
4	8135	父子	fùzǐ	father and son
4	8205	少见	shǎojiàn	rare, seldom seen
4	8206	入学	rùxué	to enter a school or college
4	8233	打印	dǎyìn	to affix a seal
4	8274	背包	bēibāo	knapsack
4	8305	农村	nóngcūn	rural area
4	8396	老年	lǎonián	elderly
4	8420	分为	fēnwéi	to divide sth into, to subdivide
4	8459	体检	tǐjiǎn	abbr. for 体格检查
4	8461	听众	tīngzhòng	audience
4	8483	假日	jiàrì	a holiday, a day off
4	8502	少量	shǎoliàng	a smidgen
4	8629	着火	zháohuǒ	to catch fire
4	8722	高温	gāowēn	high temperature
4	8722	积累	jīlěi	to accumulate
4	8754	食堂	shítáng	dining hall, cafeteria
4	8859	出行	chūxíng	to go out somewhere
4	8954	景色	jǐngsè	scenery, landscape, view
4	8961	表格	biǎogé	form, table
4	8964	零食	língshí	snack, nibbles
4	9040	功课	gōngkè	homework
4	9042	表扬	biǎoyáng	to praise
4	9229	硕士	shuòshì	master's degree
4	9307	房租	fángzū	rent for a room or house
4	9345	查找	cházhǎo	to search for
4	9450	牙膏	yágāo	toothpaste
4	9478	房东	fángdōng	landlord
4	9620	时间表	shíjiānbiǎo	schedule
4	9778	收听	shōutīng	to listen to
4	9778	网页	wǎngyè	web page
4	10133	填写	tiánxiě	to fill in a form
4	10169	细心	xìxīn	meticulous, careful, attentive
4	10212	听力	tīnglì	hearing
4	10217	乒乓球	pīngpāngqiú	table tennis
4	10258	导游	dǎoyóu	tour guide
4	10263	小吃	xiǎochī	street food, snack
4	10287	叶子	yèzi	leaf
4	10290	打折	dǎzhé	to give a discount
4	10379	词语	cíyǔ	word
4	10431	登机	dēngjī	to board a plane
4	10563	堵车	dǔchē	traffic jam
4	10577	说明书	shuōmíngshū	manual
4	10667	期末	qīmò	the end of a term or semester
4	10725	西红柿	xīhóngshì	tomato
4	10778	低温	dīwēn	low temperature
4	10798	作文	zuòwén	to write an essay
4	10815	高考	gāokǎo	college entrance exam
4	10967	低价	dījià	low price
4	11048	操场	cāochǎng	playground
4	11213	美景	měijǐng	beautiful scenery
4	11265	皮鞋	píxié	leather shoes
4	11411	快餐	kuàicān	fast food
4	11424	点名	diǎnmíng	roll call
4	11486	话剧	huàjù	stage play
4	11593	茶叶	cháyè	tea
4	11837	降温	jiàngwēn	to become cooler
4	11910	孙女	sūnnǚ	son's daughter
4	11932	大巴	dàbā	large bus
4	12015	高价	gāojià	high price
4	12036	转机	zhuǎnjī	a turn for the better
4	12203	年底	niándǐ	the end of the year
4	12255	母女	mǔnǚ	mother and daughter
4	12361	交警	jiāojǐng	traffic police
4	12463	健身房	jiànshēnfáng	gym, fitness club
4	12501	车位	chēwèi	parking spot
4	12946	应聘	yìngpìn	to accept a job offer
4	13078	养成	yǎngchéng	to cultivate
4	13196	打针	dǎzhēn	to give or get an injection
4	13327	母子	mǔzǐ	mother and child
4	13354	零钱	língqián	change
4	13406	理发	lǐfà	to get a haircut
4	13430	语法	yǔfǎ	grammar
4	13646	便于	biànyú	easy to, convenient for
4	13665	安检	ānjiǎn	security check
4	13749	白酒	báijiǔ	baijiu
4	13894	景点	jǐngdiǎn	tourist attraction, scenic spot
4	13945	降价	jiàngjià	to cut the price
4	13985	排球	páiqiú	volleyball
4	14023	干杯	gānbēi	to drink a toast
4	14440	回信	huíxìn	to reply
4	14498	零下	língxià	below zero
4	14594	摄氏度	Shèshìdù	°C
4	14608	复印	fùyìn	to photocopy
4	14640	中餐	zhōngcān	lunch
4	14800	十字路口	shízìlùkǒu	crossroads
4	14869	普通话	pǔtōnghuà	Putonghua, standard Mandarin
4	15370	打印机	dǎyìnjī	printer
4	15414	国籍	guójí	nationality
4	15439	自学	zìxué	self-study
4	15502	父女	fùnǚ	father and daughter
4	15548	汽水	qìshuǐ	soda pop, carbonated soft drink
4	16507	馒头	mántou	steamed bun
4	16715	车速	chēsù	vehicle speed
4	16771	红包	hóngbāo	money wrapped in red as a gift
4	16827	师生	shīshēng	teachers and students
4	16867	游玩	yóuwán	to amuse oneself
4	16998	本科	běnkē	undergraduate course
4	17449	流利	liúlì	fluent
4	18345	坏处	huàichu	harm
4	18577	试题	shìtí	exam question
4	18659	结账	jiézhàng	to settle accounts, to pay the bill
4	18698	期中	qīzhōng	interim
4	18736	网址	wǎngzhǐ	web address, URL
4	18907	千克	qiānkè	kilogram
4	19063	节假日	jiéjiàrì	public holiday
4	19120	叫作	jiàozuò	to call
4	19170	举例	jǔlì	to give an example
4	19487	零花钱	línghuāqián	pocket money
4	19807	多样	duōyàng	diverse
4	20368	口语	kǒuyǔ	colloquial speech
4	21410	寒假	hánjià	winter vacation
4	21664	差点儿	chàdiǎnr	almost
4	21668	粗心	cūxīn	careless
4	23743	报考	bàokǎo	to enter oneself for an examination
4	25234	起到	qǐdào	to have, to play
4	25608	笔试	bǐshì	written examination
4	26291	电动车	diàndòngchē	electric vehicle
4	26644	考生	kǎoshēng	exam candidate
4	27449	景区	jǐngqū	scenic area
4	29751	网友	wǎngyǒu	online friend
4	35984	月饼	yuèbǐng	mooncake
4	36044	预习	yùxí	to prepare a lesson
4	40061	京剧	Jīngjù	Beijing opera
4	41800	干活儿	gànhuór	to work, to be employed
4	1000000	短信	duǎnxìn	text message
5	159	所	suǒ	actually
5	166	以	yǐ	to use
5	186	哦	ó	oh
5	387	搞	gǎo	to do
5	391	如何	rúhé	how
5	399	如	rú	as
5	426	唯一	wéiyī	only, sole
5	432	呀	ya	(particle equivalent to 啊 after a vowel, expressing surprise or doubt)
5	442	同	tóng	like
5	493	如此	rúcǐ	like this, so, such
5	505	处	chù	place, locality
5	525	处理	chǔlǐ	to handle, to deal with
5	527	政府	zhèngfǔ	government
5	539	其	qí	his
5	545	曾	céng	once
5	552	系统	xìtǒng	system
5	558	以及	yǐjí	and, as well as
5	569	控制	kòngzhì	to control
5	590	组织	zǔzhī	to organize
5	591	根本	gēnběn	fundamental
5	621	存在	cúnzài	to exist
5	622	靠	kào	to lean against or on
5	627	现场	xiànchǎng	the scene
5	636	个人	gèrén	an individual, oneself, personal
5	640	精神	jīngshén	spirit
5	644	保持	bǎochí	to keep
5	644	代表	dàibiǎo	representative
5	647	超	chāo	to exceed
5	651	确定	quèdìng	definite
5	661	中心	zhōngxīn	center, heart, core
5	666	行动	xíngdòng	operation
5	668	合作	hézuò	to cooperate, to collaborate
5	676	哈	hā	ha!
5	678	及	jí	and
5	681	报告	bàogào	to inform
5	691	治疗	zhìliáo	to treat
5	692	拥有	yōngyǒu	to have, to possess, to own
5	710	明显	míngxiǎn	clear
5	715	伤	shāng	to injure
5	715	套	tào	to cover
5	723	曾经	céngjīng	once
5	724	黑	hēi	black
5	734	行为	xíngwéi	action, conduct, behavior, activity
5	744	绝对	juéduì	absolute, unconditional
5	751	派	pài	tributary, branch of a river
5	762	眼	yǎn	eye
5	765	设计	shèjì	to design, to plan
5	765	未来	wèilái	future
5	766	利用	lìyòng	to exploit
5	776	令	lìng	to order
5	788	包括	bāokuò	to comprise
5	794	红	hóng	red
5	797	抓	zhuā	to grab
5	807	意义	yìyì	sense
5	811	便	biàn	plain
5	851	力	lì	power
5	880	交易	jiāoyì	to deal, to trade, to transact
5	886	报道	bàodào	to report
5	900	力量	lìliang	power, force, strength
5	908	项目	xiàngmù	item, project, event
5	910	造成	zàochéng	to bring about, to create, to cause
5	913	某	mǒu	some
5	915	随	suí	to follow
5	915	支	zhī	to support
5	925	度	dù	to pass
5	930	白	bái	white
5	931	单	dān	bill
5	941	至	zhì	to arrive
5	970	人民	rénmín	the people
5	973	事件	shìjiàn	incident, event
5	985	训练	xùnliàn	to train
5	988	总统	zǒngtǒng	president
5	997	似乎	sìhū	it seems, seemingly, as if
5	1000	据	jù	according to
5	1003	宝贝	bǎobèi	treasured object
5	1003	位置	wèizhi	position
5	1012	方	fāng	square
5	1025	选手	xuǎnshǒu	athlete
5	1027	参与	cānyù	to participate
5	1030	显示	xiǎnshì	to show
5	1036	属于	shǔyú	to belong to, to fall under
5	1038	人类	rénlèi	humanity
5	1041	手术	shǒushù	operation
5	1044	亲	qīn	parent
5	1067	自由	zìyóu	freedom, liberty
5	1081	投	tóu	to throw
5	1092	事实	shìshí	fact
5	1095	居然	jūrán	unexpectedly
5	1095	客户	kèhù	client, customer
5	1096	类	lèi	kind, type, class, category
5	1096	专家	zhuānjiā	expert, specialist
5	1100	称	chēng	to weigh
5	1101	分析	fēnxī	to analyze
5	1102	享受	xiǎngshòu	to enjoy
5	1117	以来	yǐlái	since
5	1118	反应	fǎnyìng	to react
5	1123	地区	dìqū	region, area
5	1133	冠军	guànjūn	champion
5	1136	价值	jiàzhí	value, worth
5	1139	相当	xiāngdāng	equivalent to
5	1144	实现	shíxiàn	to achieve, to implement, to realize
5	1158	状态	zhuàngtài	condition, state, state of affairs
5	1160	心理	xīnlǐ	psychology, mentality
5	1165	群	qún	group
5	1178	原	yuán	former
5	1181	根	gēn	root
5	1182	建立	jiànlì	to establish
5	1185	老板	lǎobǎn	boss, proprietor
5	1190	集	jí	to gather
5	1191	必要	bìyào	necessary
5	1191	抢	qiǎng	to fight over
5	1197	傻	shǎ	foolish
5	1198	权	quán	authority
5	1202	亲爱	qīn'ài	dear
5	1217	救	jiù	to save
5	1219	恢复	huīfù	to reinstate
5	1228	或许	huòxǔ	perhaps, maybe
5	1237	现实	xiànshí	reality, actuality
5	1246	媒体	méitǐ	media, esp. news media
5	1263	意识	yìshí	consciousness, awareness
5	1265	追	zhuī	to chase
5	1268	导致	dǎozhì	to lead to, to create, to cause
5	1271	集中	jízhōng	to concentrate
5	1280	理由	lǐyóu	reason
5	1289	机构	jīgòu	mechanism
5	1290	反	fǎn	contrary
5	1292	完美	wánměi	perfect
5	1294	传	chuán	to pass on
5	1296	伤害	shānghài	to injure, to harm
5	1299	真实	zhēnshí	true, real
5	1305	记录	jìlù	to record
5	1306	空间	kōngjiān	space, room
5	1312	冲	chōng	to dash against
5	1312	期待	qīdài	to look forward to
5	1320	政治	zhèngzhì	politics
5	1321	朝	cháo	imperial or royal court
5	1323	一旦	yīdàn	in case
5	1325	范围	fànwéi	range
5	1325	副	fù	secondary
5	1326	事业	shìyè	undertaking
5	1327	承认	chéngrèn	to admit
5	1328	执行	zhíxíng	to implement
5	1329	怪	guài	odd, strange, uncanny
5	1336	痛苦	tòngkǔ	pain
5	1345	显然	xiǎnrán	clearly, evidently, obviously
5	1363	传统	chuántǒng	tradition, traditional
5	1372	状况	zhuàngkuàng	condition, state, situation
5	1375	分享	fēnxiǎng	to share
5	1375	架	jià	to support
5	1378	翻	fān	to turn over
5	1384	时代	shídài	age
5	1387	伟大	wěidà	huge, great, grand
5	1392	的确	díquè	really
5	1392	颗	kē	classifier for small spheres, pearls, corn grains, teeth, hearts, satellites etc
5	1401	身份	shēnfèn	identity, aspect of one's identity, role
5	1405	充满	chōngmǎn	full of
5	1410	人物	rénwù	person, personage, figure
5	1415	系	xì	to connect
5	1420	直	zhí	straight
5	1421	产品	chǎnpǐn	goods
5	1425	成员	chéngyuán	member
5	1430	保险	bǎoxiǎn	insurance
5	1430	测试	cèshì	to test
5	1430	年代	niándài	a decade of a century
5	1433	领导	lǐngdǎo	lead
5	1444	寻找	xúnzhǎo	to seek, to look for
5	1445	胜利	shènglì	victory
5	1452	明星	míngxīng	star, celebrity
5	1454	级	jí	level
5	1455	程度	chéngdù	degree, level, extent
5	1458	代	dài	to be a substitute for
5	1462	理论	lǐlùn	theory
5	1462	网络	wǎngluò	network
5	1463	式	shì	type
5	1467	宣布	xuānbù	to declare
5	1476	创造	chuàngzào	to create
5	1481	调	diào	to transfer
5	1484	队伍	duìwǔ	troops, army
5	1484	命	mìng	life
5	1488	烧	shāo	to burn, to set on fire
5	1493	事故	shìgù	accident
5	1496	数据	shùjù	data
5	1506	安	ān	calm, peaceful
5	1525	思想	sīxiǎng	thought
5	1527	破坏	pòhuài	destruction
5	1528	消失	xiāoshī	to disappear, to fade away
5	1539	稳定	wěndìng	steady
5	1540	巨大	jùdà	huge, immense, enormous, gigantic
5	1544	藏	cáng	to conceal
5	1547	龙	lóng	Chinese dragon, loong
5	1554	协议	xiéyì	agreement
5	1555	满足	mǎnzú	to satisfy
5	1557	配	pèi	to join
5	1563	土地	tǔdì	land
5	1564	威胁	wēixié	to threaten, to menace
5	1565	老婆	lǎopó	wife
5	1567	等待	děngdài	to wait, to wait for
5	1571	挑战	tiǎozhàn	to challenge, to take on a challenge
5	1571	占	zhàn	to take possession of
5	1575	小姐	xiǎojie	young lady
5	1577	秘密	mìmì	secret, private, confidential
5	1582	超级	chāojí	super-
5	1583	猪	zhū	hog
5	1590	设备	shèbèi	equipment, facilities, installations
5	1594	意味着	yìwèizhe	to signify
5	1597	保	bǎo	to defend, to protect, to keep
5	1597	团	tuán	round
5	1600	制造	zhìzào	to manufacture, to make
5	1601	紧	jǐn	tight
5	1603	抽	chōu	to draw out, to pull out from in between
5	1603	对手	duìshǒu	opponent
5	1608	想象	xiǎngxiàng	to imagine, to envision
5	1609	当地	dāngdì	local
5	1631	需	xū	to require
5	1632	特殊	tèshū	special
5	1638	具体	jùtǐ	concrete, specific, detailed
5	1643	合	hé	to close
5	1644	风格	fēnggé	style
5	1649	建筑	jiànzhù	to construct
5	1656	角色	juésè	role, part
5	1657	疯狂	fēngkuáng	crazy, frenzied, wild
5	1659	彻底	chèdǐ	thorough
5	1660	表达	biǎodá	to express, to convey
5	1661	投入	tóurù	to throw into
5	1663	胜	shèng	victory
5	1674	确保	quèbǎo	to ensure, to guarantee
5	1679	建	jiàn	to establish
5	1692	足够	zúgòu	enough, sufficient
5	1696	权利	quánlì	right
5	1697	拍摄	pāishè	to take, to shoot
5	1701	采取	cǎiqǔ	to adopt or carry out
5	1701	区域	qūyù	area
5	1703	期间	qījiān	period of time
5	1703	意外	yìwài	unexpected
5	1705	风险	fēngxiǎn	risk, hazard
5	1705	时刻	shíkè	time
5	1707	断	duàn	to break
5	1707	平	píng	flat, level, smooth
5	1708	观察	guānchá	to observe, to watch, to survey
5	1709	愿	yuàn	wish, hope, desire
5	1716	难以	nányǐ	hard to
5	1720	接近	jiējìn	to approach, to get close to
5	1730	运	yùn	to move
5	1731	敌人	dírén	enemy
5	1734	重大	zhòngdà	great
5	1735	表明	biǎomíng	to make clear
5	1741	墙	qiáng	wall
5	1747	程序	chéngxù	procedures
5	1749	持续	chíxù	to continue, to last, to persist
5	1749	具有	jùyǒu	to have, to possess
5	1749	医疗	yīliáo	medical treatment
5	1757	切	qiè	definitely, absolutely
5	1763	戏	xì	trick
5	1766	合同	hétong	contract, agreement
5	1771	发表	fābiǎo	to issue
5	1772	处于	chǔyú	to be in
5	1782	相关	xiāngguān	related
5	1797	简直	jiǎnzhí	simply, really
5	1798	展示	zhǎnshì	to reveal, to display, to show
5	1809	退	tuì	to retreat, to withdraw
5	1810	情绪	qíngxù	mood
5	1814	强大	qiángdà	big and strong, formidable, powerful
5	1826	替	tì	to substitute for
5	1826	掌握	zhǎngwò	to grasp
5	1826	证据	zhèngjù	evidence
5	1830	幸运	xìngyùn	fortunate, lucky
5	1835	制作	zhìzuò	to make, to manufacture
5	1835	最佳	zuìjiā	optimum
5	1839	记忆	jìyì	to remember, to recall
5	1851	资金	zījīn	funds, capital
5	1852	员工	yuángōng	staff, personnel, employee
5	1862	立即	lìjí	immediately
5	1863	升	shēng	to ascend, to rise
5	1865	内部	nèibù	interior
5	1867	经营	jīngyíng	to engage in, to run, to operate
5	1868	在于	zàiyú	to rest with, to lie in, to be due to
5	1869	初	chū	at first, initially
5	1869	发挥	fāhuī	to display
5	1875	立刻	lìkè	immediately, at once, right away
5	1876	独立	dúlì	independent
5	1879	实验	shíyàn	experiment
5	1882	表情	biǎoqíng	expression
5	1886	社区	shèqū	community
5	1890	手段	shǒuduàn	method, way, means
5	1893	采访	cǎifǎng	to interview
5	1897	通常	tōngcháng	regular, usual, normal
5	1899	针对	zhēnduì	to target, to focus on
5	1906	即将	jíjiāng	about to, on the point of, soon
5	1907	角度	jiǎodù	angle
5	1908	宝	bǎo	jewel
5	1908	遗憾	yíhàn	regret
5	1912	对象	duìxiàng	target, object
5	1912	接触	jiēchù	to touch
5	1924	规则	guīzé	rule, regulation
5	1929	欧洲	Oūzhōu	Europe (abbr. for 欧罗巴洲)
5	1930	损失	sǔnshī	loss
5	1935	合理	hélǐ	rational, reasonable, sensible, fair
5	1935	骗	piàn	to cheat
5	1943	依然	yīrán	still, as before
5	1945	阶段	jiēduàn	stage
5	1955	成熟	chéngshú	mature, ripe
5	1957	一致	yīzhì	consistent, unanimous, in agreement
5	1963	信任	xìnrèn	to trust
5	1968	刺激	cìjī	to provoke, to irritate, to upset
5	1968	反正	fǎnzhèng	anyway
5	1971	贴	tiē	to stick
5	1987	尽快	jǐnkuài	as quickly as possible
5	1991	药物	yàowù	medicaments
5	1996	进一步	jìnyībù	to go a step further
5	1997	移动	yídòng	to move
5	1999	销售	xiāoshòu	to sell
5	2003	呼吸	hūxī	to breathe
5	2006	可怕	kěpà	awful
5	2006	确认	quèrèn	to confirm
5	2008	防	fáng	to protect
5	2023	舞台	wǔtái	stage, arena
5	2027	化	huà	to make into
5	2028	出色	chūsè	remarkable, outstanding
5	2032	调整	tiáozhěng	to adjust, to revise, to reorganize
5	2044	领	lǐng	neck
5	2046	滚	gǔn	to boil
5	2051	结	jié	knot
5	2064	讲话	jiǎnghuà	a speech
5	2072	紧急	jǐnjí	urgent
5	2072	宣传	xuānchuán	to disseminate
5	2075	撞	zhuàng	to knock against
5	2080	优势	yōushì	superiority
5	2085	随时	suíshí	at any time, at all times
5	2087	付出	fùchū	to pay, to expend, to invest
5	2090	时期	shíqī	period
5	2092	哎	āi	hey!
5	2099	好运	hǎoyùn	good luck
5	2101	治	zhì	to rule
5	2102	措施	cuòshī	measure
5	2109	导演	dǎoyǎn	to direct
5	2117	利益	lìyì	benefit
5	2117	生物	shēngwù	organism, living creature, life form
5	2119	评价	píngjià	to evaluate
5	2123	迷	mí	to bewilder
5	2124	形象	xíngxiàng	image
5	2126	方案	fāng'àn	plan
5	2126	欠	qiàn	to owe
5	2127	主题	zhǔtí	theme
5	2129	商业	shāngyè	business
5	2131	到达	dàodá	to reach, to arrive
5	2133	主任	zhǔrèn	director
5	2138	功能	gōngnéng	function, capability
5	2140	避免	bìmiǎn	to avert
5	2146	生产	shēngchǎn	to produce, to manufacture
5	2151	试验	shìyàn	experiment
5	2157	成长	chéngzhǎng	to mature
5	2160	闹	nào	noisy
5	2165	彼此	bǐcǐ	each other, one another
5	2168	推荐	tuījiàn	to recommend
5	2171	指导	zhǐdǎo	to guide, to direct, to instruct
5	2178	品牌	pǐnpái	brand, brand name
5	2188	盖	gài	lid
5	2188	原则	yuánzé	principle
5	2190	联合	liánhé	to combine
5	2197	炒	chǎo	to sauté, to stir-fry
5	2200	录	lù	diary
5	2208	微笑	wēixiào	smile
5	2208	组合	zǔhé	to assemble, to combine, to compose
5	2211	观点	guāndiǎn	point of view
5	2211	惊喜	jīngxǐ	nice surprise
5	2212	强烈	qiángliè	strong, intense
5	2213	争取	zhēngqǔ	to fight for
5	2218	公平	gōngpíng	fair
5	2221	高级	gāojí	high level
5	2225	洞	dòng	cave
5	2227	良好	liánghǎo	good
5	2231	思考	sīkǎo	to reflect on
5	2244	签	qiān	to sign one's name
5	2256	自从	zìcóng	since
5	2262	尝试	chángshì	to try
5	2268	命运	mìngyùn	fate, destiny
5	2270	疾病	jíbìng	disease, sickness, ailment
5	2271	女子	nǚzǐ	woman
5	2276	类似	lèisì	similar, analogous
5	2277	凭	píng	to lean against
5	2279	尽量	jǐnliàng	as much as possible
5	2283	娱乐	yúlè	to entertain
5	2285	不然	bùrán	not so
5	2290	资格	zīgé	qualifications
5	2296	企业	qǐyè	company, firm, enterprise, corporation
5	2299	工具	gōngjù	tool
5	2302	追求	zhuīqiú	to pursue stubbornly
5	2305	欣赏	xīnshǎng	to appreciate, to enjoy, to admire
5	2308	高度	gāodù	height
5	2310	挑	tiāo	to carry on a shoulder pole
5	2313	碎	suì	to break into pieces, to shatter
5	2315	连续	liánxù	continuous
5	2318	阻止	zǔzhǐ	to prevent
5	2319	老公	lǎogōng	husband
5	2319	资源	zīyuán	natural resource
5	2326	决赛	juésài	finals
5	2330	主席	zhǔxí	chairperson
5	2335	形成	xíngchéng	to form, to take shape
5	2346	行业	hángyè	trade, profession, industry, business
5	2349	背后	bèihòu	behind
5	2349	配合	pèihé	matching
5	2352	显得	xiǎnde	to seem
5	2353	亲自	qīnzì	personally
5	2353	物质	wùzhì	matter
5	2363	承担	chéngdān	to undertake
5	2363	面临	miànlín	to face sth, to be confronted with
5	2364	神秘	shénmì	mysterious
5	2365	自动	zìdòng	automatic
5	2369	明确	míngquè	clear-cut, definite, explicit
5	2371	结合	jiéhé	to combine
5	2374	当中	dāngzhōng	among
5	2377	登记	dēngjì	to register
5	2377	男子	nánzǐ	a man, a male
5	2378	躲	duǒ	to hide
5	2383	来源	láiyuán	source
5	2389	生存	shēngcún	to exist
5	2392	充分	chōngfèn	ample
5	2398	批	pī	to ascertain
5	2399	主人	zhǔrén	owner
5	2400	经典	jīngdiǎn	the classics
5	2401	法院	fǎyuàn	court of law
5	2402	醉	zuì	intoxicated
5	2410	念	niàn	to read
5	2420	背景	bèijǐng	background, backdrop, context
5	2425	进步	jìnbù	progress, improvement
5	2429	对待	duìdài	to treat
5	2435	大会	dàhuì	general assembly
5	2438	或是	huòshì	or
5	2440	现象	xiànxiàng	phenomenon
5	2445	实力	shílì	strength
5	2449	私人	sīrén	private
5	2451	一路	yīlù	the whole journey
5	2459	领域	lǐngyù	domain, sphere, field, territory, area
5	2461	拼	pīn	to piece together, to put together
5	2468	湖	hú	lake
5	2470	主动	zhǔdòng	to take the initiative
5	2475	服装	fúzhuāng	dress
5	2476	形式	xíngshì	outer appearance
5	2476	硬	yìng	hard, stiff, solid
5	2477	毕竟	bìjìng	after all
5	2479	居民	jūmín	resident, inhabitant
5	2479	限制	xiànzhì	to restrict
5	2480	恭喜	gōngxǐ	to congratulate
5	2483	万一	wànyī	just in case
5	2487	如今	rújīn	nowadays, now
5	2491	前往	qiánwǎng	to leave for, to proceed towards
5	2494	分手	fēnshǒu	to part company
5	2496	恋爱	liàn'ài	love
5	2498	成立	chénglì	to establish
5	2500	歌曲	gēqǔ	song
5	2500	团队	tuánduì	team
5	2502	模式	móshì	mode, pattern, model
5	2507	细节	xìjié	details, particulars
5	2512	唉	āi	interjection or grunt of agreement or
5	2512	现代	xiàndài	modern times
5	2514	维持	wéichí	to keep, to maintain, to preserve
5	2521	道理	dàoli	reason
5	2524	迅速	xùnsù	rapid
5	2525	似的	shìde	seems as if
5	2532	必	bì	certainly
5	2535	出席	chūxí	to attend
5	2542	深刻	shēnkè	profound
5	2548	婚礼	hūnlǐ	wedding ceremony
5	2552	全面	quánmiàn	all-around
5	2553	体验	tǐyàn	to experience for oneself
5	2557	玻璃	bōli	glass
5	2557	话题	huàtí	subject
5	2557	坚强	jiānqiáng	staunch
5	2558	古	gǔ	ancient
5	2563	咬	yǎo	to bite
5	2570	合法	héfǎ	lawful
5	2579	工程	gōngchéng	engineering
5	2584	实施	shíshī	to implement
5	2585	湿	shī	moist
5	2593	缺乏	quēfá	to lack, to be short of
5	2594	暗	àn	dark
5	2594	诗	shī	poem
5	2598	类型	lèixíng	type, kind, category
5	2607	锁	suǒ	to lock, to lock up
5	2608	造	zào	to make
5	2608	重复	chóngfù	to repeat
5	2614	个性	gèxìng	individuality
5	2614	批准	pīzhǔn	to approve, to ratify
5	2618	前进	qiánjìn	to go forward
5	2618	他人	tārén	another person, sb else, other people
5	2622	骂	mà	to scold
5	2625	机器	jīqì	machine
5	2638	守	shǒu	to guard
5	2639	滑	huá	to slip, to slide
5	2640	操作	cāozuò	to work
5	2644	达成	dáchéng	to reach
5	2653	标志	biāozhì	sign, mark, symbol, logo
5	2655	公布	gōngbù	to announce, to make public, to publish
5	2656	本人	běnrén	I, me, myself
5	2673	人才	réncái	talent
5	2676	黄金	huángjīn	gold
5	2677	魅力	mèilì	charm
5	2684	舞蹈	wǔdǎo	dance
5	2698	伙伴	huǒbàn	companion, pal
5	2704	因素	yīnsù	element
5	2711	发布	fābù	to release
5	2712	忍	rěn	to bear
5	2714	双方	shuāngfāng	bilateral
5	2716	摸	mō	to feel with the hand
5	2717	组成	zǔchéng	to form
5	2723	离婚	líhūn	to divorce
5	2723	退出	tuìchū	to withdraw
5	2737	库	kù	warehouse
5	2738	吵	chǎo	noisy, loud
5	2746	奖励	jiǎnglì	to reward
5	2753	温暖	wēnnuǎn	warm
5	2759	承受	chéngshòu	to bear
5	2763	齐	qí	neat
5	2765	市民	shìmín	city resident, townspeople
5	2767	人口	rénkǒu	population
5	2768	咨询	zīxún	to inquire, to consult
5	2771	表面	biǎomiàn	surface
5	2771	地位	dìwèi	position
5	2780	青	qīng	green
5	2780	顺	shùn	to obey
5	2782	登	dēng	to scale
5	2784	不幸	bùxìng	misfortune
5	2786	结构	jiégòu	structure
5	2790	妇女	fùnǚ	woman
5	2791	领先	lǐngxiān	to lead
5	2794	矛盾	máodùn	contradiction
5	2810	上升	shàngshēng	to rise
5	2818	围	wéi	to encircle
5	2824	路线	lùxiàn	itinerary
5	2824	完整	wánzhěng	complete
5	2829	碰	pèng	to touch
5	2829	煮	zhǔ	to cook
5	2833	在乎	zàihu	to rest with, to lie in, to be due to
5	2835	飞行	fēixíng	to fly
5	2836	较	jiào	to compare
5	2837	请求	qǐngqiú	to request, to ask
5	2842	纪念	jìniàn	to commemorate, to honor the memory of
5	2845	福	fú	good fortune
5	2852	族	zú	race
5	2862	全新	quánxīn	all new, completely new
5	2875	插	chā	to insert
5	2885	分别	fēnbié	to part, to leave each other
5	2889	愿望	yuànwàng	desire
5	2899	圆	yuán	circle
5	2900	广场	guǎngchǎng	public square, plaza
5	2908	地下	dìxià	underground
5	2909	臭	chòu	stench
5	2910	违法	wéifǎ	illegal
5	2911	长期	chángqī	long-term, for a protracted period
5	2914	灰	huī	ash
5	2915	堆	duī	to pile up
5	2921	保留	bǎoliú	to keep
5	2922	品	pǐn	article, commodity, product, goods
5	2924	收集	shōují	to gather
5	2940	深入	shēnrù	to penetrate deeply
5	2942	情感	qínggǎn	feeling
5	2946	称为	chēngwéi	to be called, to be known as
5	2947	车辆	chēliàng	vehicle
5	2959	当年	dāngnián	in those days, back then, in those years
5	2959	使得	shǐde	usable, serviceable
5	2963	公寓	gōngyù	apartment building, block of flats
5	2966	人群	rénqún	crowd
5	2967	依靠	yīkào	to rely on, to depend on
5	2968	弱	ruò	weak, feeble
5	2970	产	chǎn	to give birth
5	2971	不足	bùzú	insufficient
5	2972	报警	bàojǐng	to sound an alarm
5	2972	业务	yèwù	business
5	2978	驾驶	jiàshǐ	to drive, to pilot
5	2980	计算	jìsuàn	to calculate, to compute
5	2981	开发	kāifā	to exploit, to open up, to develop
5	2984	甲	jiǎ	first of the ten Heavenly Stems
5	2984	始终	shǐzhōng	from beginning to end
5	2989	争	zhēng	to strive for
5	2991	贡献	gòngxiàn	to contribute
5	2993	划	huà	to delimit
5	2994	出版	chūbǎn	to publish
5	3002	移	yí	to move
5	3003	测	cè	to survey
5	3008	诊断	zhěnduàn	to diagnose
5	3012	剪	jiǎn	scissors or similar tool
5	3015	临时	línshí	as the time draws near
5	3016	富	fù	rich
5	3016	物品	wùpǐn	articles, goods
5	3019	单独	dāndú	alone
5	3025	止	zhǐ	to stop
5	3028	保安	bǎo'ān	to ensure public security
5	3028	实验室	shíyànshì	laboratory
5	3034	平衡	pínghéng	balance
5	3036	开放	kāifàng	to bloom
5	3036	全体	quántǐ	all
5	3042	挤	jǐ	to crowd in
5	3044	医学	yīxué	medicine
5	3051	大型	dàxíng	large
5	3060	作出	zuòchū	to put out
5	3062	搜索	sōusuǒ	to search, to search for
5	3064	炸	zhà	to burst, to explode
5	3065	展开	zhǎnkāi	to unfold, to spread out, to open up
5	3068	把握	bǎwò	to grasp
5	3070	酒吧	jiǔbā	bar
5	3072	胃	wèi	stomach
5	3075	成就	chéngjiù	accomplishment
5	3088	激烈	jīliè	intense
5	3090	想念	xiǎngniàn	to miss
5	3092	预测	yùcè	to forecast
5	3096	固定	gùdìng	to fix
5	3096	勇气	yǒngqì	courage
5	3097	注册	zhùcè	to register
5	3104	果然	guǒrán	really
5	3108	位于	wèiyú	to be located at
5	3112	静	jìng	still
5	3118	摇	yáo	to shake
5	3122	需求	xūqiú	requirement
5	3124	展现	zhǎnxiàn	to unfold before one's eyes, to emerge
5	3133	培养	péiyǎng	to cultivate
5	3136	平静	píngjìng	calm, tranquil, serene
5	3136	谈话	tánhuà	to talk
5	3137	平安	píng'ān	safe and sound
5	3138	传说	chuánshuō	legend, folk tale
5	3149	环节	huánjié	segment
5	3151	转变	zhuǎnbiàn	to change
5	3155	至今	zhìjīn	so far
5	3156	无数	wúshù	countless
5	3157	后果	hòuguǒ	consequences, aftermath
5	3158	打破	dǎpò	to break, to smash
5	3160	违反	wéifǎn	to violate
5	3164	全力	quánlì	with all one's strength
5	3169	石头	shítou	stone
5	3176	主持	zhǔchí	to take charge of
5	3178	关闭	guānbì	to close, to shut
5	3178	软	ruǎn	soft
5	3182	访问	fǎngwèn	to visit, to call on
5	3185	签名	qiānmíng	to sign
5	3190	先进	xiānjìn	sophisticated, advanced
5	3191	摄影	shèyǐng	to take a photograph
5	3196	交换	jiāohuàn	to exchange
5	3196	描述	miáoshù	to describe
5	3198	今日	jīnrì	today
5	3211	挡	dǎng	to resist
5	3211	届	jiè	to arrive at
5	3212	认	rèn	to recognize
5	3215	亿	yì	100 million
5	3230	在场	zàichǎng	to be present, to be on the scene
5	3233	敏感	mǐngǎn	sensitive
5	3235	运气	yùnqi	luck
5	3240	玩具	wánjù	plaything
5	3244	防止	fángzhǐ	to prevent
5	3247	年纪	niánjì	age
5	3247	设置	shèzhì	to set up, to install
5	3247	智慧	zhìhuì	wisdom, intelligence
5	3249	含	hán	to keep in the mouth
5	3254	采用	cǎiyòng	to adopt
5	3257	夫妇	fūfù	a couple
5	3263	摔	shuāi	to throw down
5	3266	沟通	gōutōng	to join, to connect, to link up
5	3266	手指	shǒuzhǐ	finger
5	3269	结论	jiélùn	conclusion
5	3275	提升	tíshēng	to promote
5	3282	化学	huàxué	chemistry
5	3282	总之	zǒngzhī	in a word
5	3289	地面	dìmiàn	floor
5	3292	天空	tiānkōng	sky
5	3308	统一	tǒngyī	to unify, to integrate
5	3310	制度	zhìdù	system
5	3312	绕	rào	to wind
5	3314	玉米	yùmǐ	corn
5	3316	工业	gōngyè	industry
5	3318	身材	shēncái	stature
5	3321	设施	shèshī	facilities
5	3323	腰	yāo	the waist and lower back
5	3331	抱怨	bàoyuàn	to complain
5	3339	从事	cóngshì	to go for
5	3342	无关	wúguān	unrelated
5	3344	义务	yìwù	duty, obligation
5	3345	奇迹	qíjì	miracle, wonder, marvel
5	3345	运用	yùnyòng	to use
5	3347	逐渐	zhújiàn	gradually
5	3357	动手	dòngshǒu	to set about
5	3359	靠近	kàojìn	to be close to
5	3364	制定	zhìdìng	to draw up, to formulate
5	3369	沉默	chénmò	taciturn
5	3374	直播	zhíbō	to broadcast live
5	3375	独特	dútè	unique, distinctive
5	3391	应当	yīngdāng	should, ought to
5	3393	罚	fá	to punish, to penalize, to fine
5	3394	交往	jiāowǎng	to associate
5	3398	各自	gèzì	each
5	3403	糟糕	zāogāo	too bad
5	3417	空中	kōngzhōng	in the sky
5	3426	连接	liánjiē	to link, to join, to connect
5	3431	药品	yàopǐn	medicaments
5	3433	影片	yǐngpiàn	a copy of a film
5	3439	拆	chāi	to tear open
5	3442	退休	tuìxiū	to retire, to go into retirement
5	3444	此时	cǐshí	now
5	3444	当作	dàngzuò	to treat as
5	3448	成果	chéngguǒ	result
5	3448	蛇	shé	snake
5	3450	眼泪	yǎnlèi	tear, teardrop
5	3453	画面	huàmiàn	scene
5	3458	精力	jīnglì	energy
5	3463	隔	gé	to separate
5	3464	等于	děngyú	to equal
5	3465	概念	gàiniàn	concept
5	3466	周年	zhōunián	anniversary
5	3471	宽	kuān	wide
5	3473	统计	tǒngjì	statistics
5	3475	创作	chuàngzuò	to create, to produce, to write
5	3477	本地	běndì	local
5	3478	大脑	dànǎo	brain
5	3486	据说	jùshuō	it is said that, reportedly
5	3490	自身	zìshēn	itself
5	3497	特征	tèzhēng	characteristic
5	3502	去世	qùshì	to pass away
5	3503	大事	dàshì	major event
5	3513	平均	píngjūn	average, on average
5	3513	县	xiàn	county
5	3515	询问	xúnwèn	to inquire, to ask about
5	3523	事物	shìwù	thing, object
5	3526	演讲	yǎnjiǎng	to give a lecture, to make a speech
5	3538	屏幕	píngmù	screen
5	3539	软件	ruǎnjiàn	software
5	3552	严肃	yánsù	solemn, grave, serious
5	3554	负担	fùdān	to bear
5	3559	否认	fǒurèn	to declare to be untrue
5	3562	肌肉	jīròu	muscle
5	3562	随后	suíhòu	afterward, later, subsequently
5	3563	安慰	ānwèi	to comfort, to console
5	3578	过分	guòfèn	excessive, undue
5	3585	升级	shēngjí	to go up by one grade, to be promoted
5	3588	加速	jiāsù	to accelerate, to speed up, to expedite
5	3594	人体	réntǐ	human body
5	3595	反而	fǎn'ér	on the contrary, instead
5	3605	体会	tǐhuì	to know from experience
5	3619	培训	péixùn	to cultivate
5	3627	税	shuì	taxes
5	3634	独自	dúzì	alone
5	3635	扩大	kuòdà	to expand
5	3651	推进	tuījìn	to impel
5	3653	安装	ānzhuāng	to install
5	3653	搜	sōu	to search
5	3665	大众	dàzhòng	the masses
5	3671	假如	jiǎrú	if
5	3673	相对	xiāngduì	relatively
5	3674	改善	gǎishàn	to make better, to improve
5	3677	拥抱	yōngbào	to embrace
5	3679	晒	shài	to shine on
5	3682	计算机	jìsuànjī	computer
5	3692	房屋	fángwū	house
5	3694	纪录	jìlù	to record
5	3710	农民	nóngmín	peasant, farmer
5	3721	买卖	mǎimài	buying and selling
5	3741	形势	xíngshì	circumstances
5	3745	劝	quàn	to advise
5	3758	出售	chūshòu	to sell
5	3767	总部	zǒngbù	headquarters
5	3769	分离	fēnlí	to separate
5	3770	运输	yùnshū	to transport
5	3773	扇	shàn	fan
5	3776	利润	lìrùn	profits
5	3782	堵	dǔ	to block up
5	3787	珍惜	zhēnxī	to treasure
5	3790	传播	chuánbō	to disseminate, to propagate, to spread
5	3794	匹	pǐ	matching, comparable to
5	3794	随意	suíyì	as one wishes
5	3798	好奇	hàoqí	inquisitive
5	3804	集体	jítǐ	collective
5	3808	预计	yùjì	to forecast
5	3809	收获	shōuhuò	to harvest
5	3810	装饰	zhuāngshì	to decorate
5	3812	锅	guō	pot, pan, wok, cauldron
5	3823	太太	tàitai	married woman
5	3836	轻易	qīngyì	easy, simple
5	3839	强调	qiángdiào	to emphasize
5	3841	丑	chǒu	clown
5	3851	分配	fēnpèi	to distribute
5	3852	账户	zhànghù	account
5	3853	当成	dàngchéng	to consider as, to take to be
5	3864	适当	shìdàng	suitable, appropriate
5	3867	如同	rútóng	like
5	3871	提起	tíqǐ	to mention, to bring up
5	3871	修改	xiūgǎi	to amend
5	3883	冻	dòng	to freeze
5	3885	要不	yàobù	otherwise
5	3889	辞职	cízhí	to resign
5	3894	遵守	zūnshǒu	to comply with, to abide by, to respect
5	3896	抓紧	zhuājǐn	to keep a firm grip on
5	3898	相处	xiāngchǔ	to be in contact
5	3900	建造	jiànzào	to construct, to build
5	3914	反映	fǎnyìng	to mirror
5	3914	思维	sīwéi	thought, thinking
5	3916	保存	bǎocún	to conserve, to preserve, to keep
5	3918	饼	bǐng	round flat cake
5	3920	阵	zhèn	disposition of troops
5	3938	地震	dìzhèn	earthquake
5	3940	电视台	diànshìtái	television station
5	3943	发明	fāmíng	to invent
5	3944	疼痛	téngtòng	pain
5	3952	返回	fǎnhuí	to return to
5	3964	玫瑰	méiguī	rugosa rose
5	3967	过度	guòdù	excessive
5	3969	挥	huī	to wave
5	3980	突出	tūchū	prominent
5	3988	富有	fùyǒu	rich, wealthy, affluent
5	3988	减肥	jiǎnféi	to lose weight
5	3997	电池	diànchí	battery, electric cell
5	4002	乐观	lèguān	optimistic, hopeful
5	4005	产业	chǎnyè	industry
5	4020	涨	zhǎng	to rise
5	4022	热烈	rèliè	enthusiastic
5	4023	吨	dūn	ton
5	4023	居住	jūzhù	to reside
5	4024	相似	xiāngsì	similar, alike
5	4026	担任	dānrèn	to hold a governmental office or post
5	4029	广	guǎng	wide
5	4045	宿舍	sùshè	dormitory
5	4070	线路	xiànlù	line, circuit, wire
5	4077	沉	chén	to submerge
5	4078	善良	shànliáng	good and honest
5	4079	可靠	kěkào	reliable
5	4081	其余	qíyú	the rest
5	4088	规模	guīmó	scale, scope, extent
5	4092	决心	juéxīn	determination
5	4094	乡村	xiāngcūn	rustic
5	4100	捡	jiǎn	to pick up, to collect, to gather
5	4103	蔬菜	shūcài	vegetables
5	4106	哪怕	nǎpà	even
5	4107	补充	bǔchōng	to replenish
5	4111	伙	huǒ	companion
5	4118	最初	zuìchū	first
5	4119	克服	kèfú	overcome
5	4129	薄	báo	thin
5	4138	装修	zhuāngxiū	to decorate
5	4140	填	tián	to fill or stuff
5	4143	成分	chéngfèn	composition, ingredient, element
5	4145	同一	tóngyī	identical, the same
5	4146	召开	zhàokāi	to convene
5	4159	有限	yǒuxiàn	limited, finite
5	4167	代替	dàitì	to replace, to take the place of
5	4170	过于	guòyú	excessively, too
5	4172	有利	yǒulì	advantageous, favorable
5	4179	博物馆	bówùguǎn	museum
5	4185	热爱	rè'ài	to love ardently
5	4185	体现	tǐxiàn	to embody
5	4189	生长	shēngzhǎng	to grow
5	4207	论文	lùnwén	paper
5	4212	半夜	bànyè	midnight
5	4212	特色	tèsè	a characteristic
5	4213	用户	yònghù	user
5	4223	从而	cóng'ér	thus, thereby
5	4225	整体	zhěngtǐ	whole, entirety
5	4226	综合	zōnghé	comprehensive
5	4235	形容	xíngróng	to describe
5	4242	列车	lièchē	train
5	4256	吸收	xīshōu	to absorb
5	4264	迎接	yíngjiē	to welcome, to greet
5	4265	改进	gǎijìn	to improve, to make better
5	4270	舒适	shūshì	cozy
5	4276	建设	jiànshè	to build, to construct, to establish
5	4277	文学	wénxué	literature
5	4278	美味	měiwèi	delicious
5	4286	仿佛	fǎngfú	to seem, as if, seemingly
5	4288	不利	bùlì	unfavorable
5	4288	漏	lòu	to leak
5	4295	难度	nándù	degree of difficulty
5	4310	铁路	tiělù	railroad
5	4325	目光	mùguāng	gaze, attention
5	4332	雾	wù	fog
5	4337	伸	shēn	to stretch
5	4350	有力	yǒulì	powerful
5	4355	穷	qióng	poor
5	4365	奋斗	fèndòu	to strive, to struggle
5	4371	约定	yuēdìng	to agree on sth
5	4372	技能	jìnéng	technical ability
5	4382	消费	xiāofèi	to consume
5	4383	实行	shíxíng	to implement
5	4394	打扮	dǎban	to decorate
5	4402	乐趣	lèqù	delight, pleasure, joy
5	4410	知名	zhīmíng	well-known, famous
5	4450	裁判	cáipàn	to judge, to adjudicate, verdict
5	4450	从不	cóngbù	never
5	4452	渐渐	jiànjiàn	gradually
5	4455	口味	kǒuwèi	a person's preferences
5	4462	具备	jùbèi	to possess
5	4464	姿势	zīshì	posture
5	4471	增强	zēngqiáng	to increase
5	4482	谨慎	jǐnshèn	cautious
5	4486	握	wò	to hold, to grasp
5	4488	尽力	jìnlì	to strive one's hardest
5	4488	陌生	mòshēng	strange, unfamiliar
5	4498	新娘	xīnniáng	bride
5	4500	车祸	chēhuò	traffic accident, car crash
5	4500	扶	fú	to support with the hand
5	4502	下载	xiàzǎi	to download
5	4508	维修	wéixiū	maintenance
5	4509	整整	zhěngzhěng	whole
5	4510	构成	gòuchéng	to constitute
5	4512	口袋	kǒudài	pocket
5	4514	不良	bùliáng	bad, harmful, unhealthy
5	4514	无限	wúxiàn	unlimited
5	4527	发言	fāyán	to make a speech
5	4527	真诚	zhēnchéng	sincere, genuine, true
5	4529	前来	qiánlái	to come
5	4530	平台	píngtái	platform
5	4533	依据	yījù	according to
5	4542	挣	zhèng	to struggle to get free
5	4558	观念	guānniàn	notion
5	4565	催	cuī	to urge
5	4565	大胆	dàdǎn	brazen
5	4569	改革	gǎigé	reform
5	4576	嘴巴	zuǐba	mouth
5	4582	留言	liúyán	to leave a message
5	4591	告别	gàobié	to leave, to part from
5	4599	秘书	mìshū	secretary
5	4602	捐	juān	to relinquish, to abandon
5	4607	卧室	wòshì	bedroom
5	4607	众多	zhòngduō	numerous
5	4614	失误	shīwù	lapse
5	4617	含量	hánliàng	content
5	4624	燃烧	ránshāo	to ignite
5	4626	反复	fǎnfù	repeatedly
5	4626	牙齿	yáchǐ	tooth
5	4627	极其	jíqí	extremely
5	4630	尊敬	zūnjìng	to respect, to revere, to esteem
5	4634	包装	bāozhuāng	to wrap, to package
5	4644	开通	kāitōng	to open, to set up, to launch
5	4648	宠物	chǒngwù	house pet
5	4648	增	zēng	to increase, to augment, to add to
5	4649	四处	sìchù	all over the place
5	4665	同情	tóngqíng	to sympathize with
5	4668	病情	bìngqíng	state of an illness
5	4677	说不定	shuōbudìng	can't say for sure
5	4680	场所	chǎngsuǒ	location
5	4696	挑选	tiāoxuǎn	to choose
5	4698	成本	chéngběn	costs
5	4699	亲人	qīnrén	one's close relatives
5	4715	早已	zǎoyǐ	for a long time, long since
5	4716	睡眠	shuìmián	sleep
5	4723	比例	bǐlì	proportion
5	4724	输入	shūrù	to import
5	4731	灯光	dēngguāng	lighting
5	4732	色彩	sècǎi	tint, coloring, coloration
5	4748	劳动	láodòng	work
5	4749	创新	chuàngxīn	to bring forth new ideas
5	4757	事先	shìxiān	in advance
5	4758	失业	shīyè	unemployment
5	4758	无效	wúxiào	not valid
5	4772	哎呀	āiyā	interjection of wonder
5	4775	新人	xīnrén	newcomer, new recruit, fresh talent
5	4782	刚好	gānghǎo	just
5	4786	规律	guīlǜ	rule
5	4791	待遇	dàiyù	treatment
5	4795	比分	bǐfēn	score
5	4795	淡	dàn	insipid
5	4808	上下	shàngxià	the top and bottom of sth
5	4843	物理	wùlǐ	physics
5	4844	机器人	jīqìrén	robot, android
5	4857	前途	qiántú	prospects
5	4865	营养	yíngyǎng	nutrition
5	4892	说服	shuōfú	to persuade
5	4920	朵	duǒ	flower
5	4923	成人	chéngrén	to reach adulthood
5	4925	距	jù	to be at a distance of ... from
5	4939	汽油	qìyóu	gasoline
5	4948	传递	chuándì	to transmit, to pass on to sb else
5	4948	浓	nóng	concentrated
5	4966	毛病	máobìng	fault
5	4970	沿	yán	along
5	4974	逻辑	luóji	logic
5	4977	脸色	liǎnsè	complexion
5	4978	用品	yòngpǐn	articles for use
5	4999	擅长	shàncháng	to be good at, to be expert in
5	5002	兔子	tùzi	hare
5	5007	弯	wān	to bend
5	5020	忽视	hūshì	to neglect, to overlook, to disregard
5	5024	密切	mìqiè	close, intimate
5	5028	哲学	zhéxué	philosophy
5	5030	光明	guāngmíng	light
5	5047	嘉宾	jiābīn	esteemed guest
5	5049	象征	xiàngzhēng	symbol, emblem
5	5057	小型	xiǎoxíng	small scale
5	5084	本质	běnzhì	essence
5	5085	提问	tíwèn	to question, to quiz, to grill
5	5087	录取	lùqǔ	to accept an applicant who passes an
5	5099	浅	qiǎn	shallow
5	5102	犹豫	yóuyù	to hesitate
5	5107	实践	shíjiàn	practice
5	5108	当前	dāngqián	the present time
5	5108	好转	hǎozhuǎn	to improve
5	5122	早期	zǎoqī	early period, early phase, early stage
5	5125	难得	nándé	seldom
5	5134	讲述	jiǎngshù	to talk about, to narrate
5	5145	从前	cóngqián	previously
5	5170	大厦	dàshà	(used in the names of grand buildings such as 百老汇大厦 Broadway Mansions (in Shanghai) or 帝国大厦 Empire State Building etc)
5	5173	损害	sǔnhài	harm
5	5177	品质	pǐnzhì	character
5	5179	设立	shèlì	to set up, to establish
5	5185	预防	yùfáng	to prevent
5	5188	效率	xiàolǜ	efficiency
5	5196	情景	qíngjǐng	scene, spectacle
5	5199	必然	bìrán	inevitable
5	5205	珍贵	zhēnguì	precious
5	5207	赔	péi	to compensate for loss
5	5217	摘	zhāi	to take, to pick, to pluck, to remove
5	5219	写作	xiězuò	to write
5	5221	商人	shāngrén	merchant
5	5229	糟	zāo	dregs
5	5236	业余	yèyú	in one's spare time
5	5241	学者	xuézhě	scholar
5	5243	古老	gǔlǎo	ancient
5	5260	对比	duìbǐ	to contrast
5	5260	危害	wēihài	to harm, to jeopardize, to endanger
5	5265	手续	shǒuxù	procedure
5	5266	季度	jìdù	quarter of a year
5	5269	四周	sìzhōu	all around
5	5276	休闲	xiūxián	leisure
5	5289	签字	qiānzì	to sign
5	5290	戏剧	xìjù	a drama, a play, theater
5	5297	围绕	wéirào	to revolve around
5	5311	在内	zàinèi	in it
5	5320	缩小	suōxiǎo	to reduce, to decrease, to shrink
5	5329	含有	hányǒu	to contain
5	5343	偶然	ǒurán	incidentally
5	5343	掌声	zhǎngshēng	applause
5	5350	接收	jiēshōu	reception
5	5365	种子	zhǒngzi	seed
5	5378	模糊	móhu	vague, indistinct, fuzzy
5	5380	差别	chābié	difference, distinction, disparity
5	5381	赞成	zànchéng	to approve of, to agree with
5	5383	更新	gēngxīn	to replace the old with new
5	5395	复制	fùzhì	to duplicate
5	5399	消化	xiāohuà	to digest
5	5402	录音	lùyīn	to record sound
5	5407	接待	jiēdài	to receive, to entertain, to host
5	5417	推动	tuīdòng	to push, to promote, to give impetus to
5	5419	疑问	yíwèn	question
5	5429	适用	shìyòng	to be applicable
5	5432	包裹	bāoguǒ	to wrap up
5	5438	键	jiàn	key
5	5440	闲	xián	enclosure
5	5447	客观	kèguān	objective
5	5447	善于	shànyú	to be good at, to be adept at
5	5460	发起	fāqǐ	to originate
5	5484	应用	yìngyòng	to put to use, to apply
5	5505	花费	huāfèi	expense
5	5510	鼓	gǔ	drum
5	5520	大多	dàduō	for the most part
5	5523	歌词	gēcí	song lyric
5	5524	包含	bāohán	to contain
5	5527	过敏	guòmǐn	allergic, hypersensitive
5	5540	现状	xiànzhuàng	current situation
5	5571	集合	jíhé	to gather, to assemble
5	5572	宝贵	bǎoguì	valuable
5	5578	进口	jìnkǒu	to import
5	5605	工程师	gōngchéngshī	engineer
5	5611	土豆	tǔdòu	potato
5	5620	展览	zhǎnlǎn	to put on display
5	5632	流感	liúgǎn	flu, influenza
5	5640	行驶	xíngshǐ	to travel along a route
5	5642	超出	chāochū	to exceed
5	5648	饮食	yǐnshí	eating and drinking
5	5649	脚步	jiǎobù	footstep
5	5660	完善	wánshàn	comprehensive
5	5675	猴子	hóuzi	monkey
5	5677	陪伴	péibàn	to accompany
5	5682	参考	cānkǎo	consultation
5	5709	志愿者	zhìyuànzhě	volunteer
5	5719	泪	lèi	tears, teardrops
5	5720	重量	zhòngliàng	weight
5	5722	缓解	huǎnjiě	to bring relief
5	5745	货物	huòwù	goods
5	5755	群体	qúntǐ	community
5	5763	发达	fādá	well-developed, flourishing
5	5768	提交	tíjiāo	to submit
5	5772	人工	réngōng	artificial
5	5789	共享	gòngxiǎng	to share
5	5789	信用	xìnyòng	trustworthiness
5	5793	乡	xiāng	country or countryside
5	5808	天上	tiānshàng	the sky, the heavens
5	5810	商务	shāngwù	commercial affairs
5	5818	回收	huíshōu	to recycle
5	5824	沙漠	shāmò	desert
5	5825	存款	cúnkuǎn	to deposit money
5	5826	语气	yǔqì	tone
5	5839	形状	xíngzhuàng	form, shape
5	5844	短期	duǎnqī	short-term
5	5852	深度	shēndù	depth
5	5874	了不起	liǎobuqǐ	amazing
5	5875	停留	tíngliú	to stay somewhere temporarily
5	5893	幼儿园	yòu'éryuán	kindergarten
5	5923	删	shān	to delete
5	5928	延长	yáncháng	to prolong
5	5960	如下	rúxià	as follows
5	5967	外婆	wàipó	mother's mother
5	5972	飞行员	fēixíngyuán	pilot
5	5991	便利	biànlì	convenient
5	6022	盆	pén	basin
5	6022	实习	shíxí	to practice
5	6027	性质	xìngzhì	nature
5	6036	大力	dàlì	energetically, vigorously
5	6041	开展	kāizhǎn	to launch
5	6046	神话	shénhuà	legend
5	6061	紫	zǐ	purple
5	6069	长久	chángjiǔ	long-time, long-term
5	6093	推广	tuīguǎng	to extend
5	6105	营业	yíngyè	to do business
5	6123	古代	gǔdài	ancient times
5	6125	中华民族	Zhōnghuámínzú	the Chinese nation
5	6128	紧密	jǐnmì	inseparably close
5	6132	铃	líng	bell
5	6132	体力	tǐlì	physical strength
5	6155	农业	nóngyè	agriculture
5	6165	视为	shìwéi	to view as
5	6166	诗人	shīrén	bard
5	6207	打断	dǎduàn	to interrupt
5	6215	洒	sǎ	to sprinkle
5	6221	语音	yǔyīn	speech sounds
5	6231	注重	zhùzhòng	to pay attention to
5	6232	夜间	yèjiān	nighttime
5	6239	有助于	yǒuzhùyú	to contribute to, to promote
5	6248	等候	děnghòu	to wait
5	6252	面积	miànjī	area
5	6265	桃	táo	peach
5	6274	用力	yònglì	to exert oneself physically
5	6278	广泛	guǎngfàn	wide, broad, extensive, widespread
5	6281	拨打	bōdǎ	to call
5	6286	加工	jiāgōng	to process
5	6301	行程	xíngchéng	journey, travel route, itinerary
5	6306	手套	shǒutào	glove
5	6332	品种	pǐnzhǒng	breed
5	6338	记载	jìzǎi	to write down
5	6355	悄悄	qiāoqiāo	quiet, making little or no noise
5	6358	差距	chājù	disparity, gap
5	6369	总共	zǒnggòng	altogether, in sum, in all, in total
5	6379	粮食	liángshi	foodstuff
5	6390	证书	zhèngshū	credentials
5	6407	豆腐	dòufu	tofu
5	6415	促进	cùjìn	to promote, to advance, boost
5	6422	病房	bìngfáng	ward
5	6428	研发	yánfā	research and development
5	6433	西装	xīzhuāng	suit
5	6443	优惠	yōuhuì	privilege
5	6456	字母	zìmǔ	letter
5	6465	忙碌	mánglù	busy, bustling
5	6466	灰色	huīsè	gray
5	6468	高档	gāodàng	superior quality
5	6473	束	shù	to bind
5	6477	个别	gèbié	individually, one by one
5	6484	蝴蝶	húdié	butterfly
5	6489	否定	fǒudìng	to negate
5	6489	销量	xiāoliàng	sales volume
5	6491	灵活	línghuó	flexible
5	6516	分类	fēnlèi	to classify
5	6530	外部	wàibù	the outside, external
5	6543	亲切	qīnqiè	amiable
5	6551	预订	yùdìng	to place an order
5	6559	充足	chōngzú	adequate
5	6563	名称	míngchēng	name
5	6564	向上	xiàngshàng	upward
5	6574	预约	yùyuē	booking
5	6576	趋势	qūshì	trend, tendency
5	6580	艰苦	jiānkǔ	difficult
5	6580	抢救	qiǎngjiù	to rescue
5	6602	名牌	míngpái	famous brand
5	6605	更换	gēnghuàn	to replace
5	6608	丢失	diūshī	to lose, to misplace
5	6623	鼓掌	gǔzhǎng	to applaud
5	6632	学术	xuéshù	learning
5	6658	近期	jìnqī	near in time
5	6677	地理	dìlǐ	geography
5	6681	翅膀	chìbǎng	wing
5	6690	阳台	yángtái	balcony
5	6747	名片	míngpiàn	card
5	6762	评	píng	to discuss
5	6772	缓慢	huǎnmàn	slow, unhurried, sluggish
5	6775	行走	xíngzǒu	to walk
5	6845	出自	chūzì	to come from
5	6883	由此	yóucǐ	hereby
5	6892	尾巴	wěiba	tail
5	6918	罚款	fákuǎn	to fine
5	6920	握手	wòshǒu	to shake hands
5	6930	租金	zūjīn	rent
5	6940	智能	zhìnéng	intelligent
5	6943	手工	shǒugōng	handwork
5	6962	心态	xīntài	attitude
5	6976	总体	zǒngtǐ	completely
5	6988	登录	dēnglù	to register
5	7020	题目	tímù	subject, title, topic
5	7020	应对	yìngduì	to answer, to reply
5	7027	节省	jiéshěng	saving
5	7051	围巾	wéijīn	scarf
5	7080	光线	guāngxiàn	light ray
5	7087	删除	shānchú	to delete
5	7098	强度	qiángdù	strength
5	7116	车厢	chēxiāng	carriage
5	7116	一次性	yīcìxìng	one-off
5	7124	变动	biàndòng	to change
5	7134	失眠	shīmián	to suffer from insomnia
5	7139	烧烤	shāokǎo	barbecue
5	7169	新型	xīnxíng	new type, new kind
5	7181	互动	hùdòng	to interact
5	7192	优美	yōuměi	graceful
5	7225	将近	jiāngjìn	almost
5	7247	分布	fēnbù	to scatter
5	7251	必需	bìxū	to need
5	7283	赛场	sàichǎng	racetrack
5	7315	人力	rénlì	manpower
5	7319	递	dì	to hand over, to pass on, to deliver
5	7321	低头	dītóu	to bow the head
5	7337	子女	zǐnǚ	children, sons and daughters
5	7350	面向	miànxiàng	to face, to turn towards, geared towards
5	7354	消费者	xiāofèizhě	consumer
5	7377	种植	zhòngzhí	to plant, to grow, to cultivate
5	7400	住房	zhùfáng	housing
5	7435	台阶	táijiē	steps
5	7507	打听	dǎting	to ask about
5	7508	此后	cǐhòu	after this
5	7509	打包	dǎbāo	to wrap, to pack
5	7521	促使	cùshǐ	to prompt, to induce, to spur
5	7535	定期	dìngqī	at set dates
5	7579	动人	dòngrén	touching
5	7596	种类	zhǒnglèi	kind
5	7618	老百姓	lǎobǎixìng	ordinary people
5	7633	有益	yǒuyì	useful
5	7642	户外	hùwài	outdoor
5	7649	急需	jíxū	to urgently need
5	7666	牛仔裤	niúzǎikù	jeans
5	7693	凭借	píngjiè	to rely on
5	7707	浏览	liúlǎn	to skim over
5	7737	看作	kànzuò	to look upon as
5	7748	橘子	júzi	tangerine
5	7765	剧场	jùchǎng	theater
5	7766	斜	xié	inclined
5	7768	有害	yǒuhài	destructive
5	7802	开业	kāiyè	to open a business
5	7803	浇	jiāo	to pour liquid
5	7804	图书	túshū	books
5	7805	生动	shēngdòng	vivid, lively
5	7812	泪水	lèishuǐ	teardrop
5	7820	乙	yǐ	second of the ten Heavenly Stems
5	7826	电器	diànqì	appliance
5	7831	梨	lí	pear
5	7842	步行	bùxíng	to go on foot
5	7849	热心	rèxīn	enthusiastic, ardent, zealous
5	7863	就业	jiùyè	to get a job
5	7880	时常	shícháng	often, frequently
5	7894	彩色	cǎisè	color
5	7895	纷纷	fēnfēn	one after another
5	7924	上涨	shàngzhǎng	to rise
5	7926	单元	dānyuán	unit
5	7952	流传	liúchuán	to spread, to circulate, to hand down
5	7955	海关	hǎiguān	customs
5	7959	消极	xiāojí	negative
5	7973	简历	jiǎnlì	curriculum vitae
5	7977	自觉	zìjué	to realize, to be aware of, to feel that
5	7983	收看	shōukàn	to watch
5	7991	海外	hǎiwài	overseas, abroad
5	8032	专心	zhuānxīn	to focus one's attention
5	8047	公务员	gōngwùyuán	civil servant, public servant
5	8051	中介	zhōngjiè	to act as intermediary
5	8053	看望	kànwàng	to pay a visit to, to see
5	8063	热量	rèliàng	heat
5	8073	早晚	zǎowǎn	morning and evening
5	8080	亏	kuī	to lose, to have a deficit
5	8140	救护车	jiùhùchē	ambulance
5	8141	键盘	jiànpán	keyboard
5	8149	实用	shíyòng	to apply in practice
5	8156	繁荣	fánróng	prosperous, booming
5	8165	册	cè	book
5	8167	长度	chángdù	length
5	8179	被子	bèizi	blanket, quilt
5	8202	车库	chēkù	garage
5	8257	签订	qiāndìng	to agree to and sign
5	8262	迎	yíng	to welcome, to meet
5	8269	鸭子	yāzi	duck
5	8285	车主	chēzhǔ	vehicle owner
5	8287	赏	shǎng	to bestow
5	8315	引进	yǐnjìn	to recommend
5	8340	排列	páiliè	to arrange in order
5	8349	充电	chōngdiàn	to recharge
5	8360	用途	yòngtú	use, application
5	8442	促销	cùxiāo	to promote sales
5	8463	加热	jiārè	to heat
5	8495	称赞	chēngzàn	to praise, to commend, to compliment
5	8507	电动	diàndòng	electric-powered
5	8534	赠送	zèngsòng	to present as a gift
5	8549	不得了	bùdéliǎo	desperately serious
5	8578	标题	biāotí	title
5	8603	预报	yùbào	forecast
5	8622	窄	zhǎi	narrow
5	8628	点心	diǎnxin	light refreshments
5	8632	番茄	fānqié	tomato
5	8644	比喻	bǐyù	to compare
5	8652	新郎	xīnláng	bridegroom, groom
5	8666	到期	dàoqī	to fall due
5	8670	修建	xiūjiàn	to build
5	8700	高大	gāodà	tall, lofty, towering
5	8731	光临	guānglín	to honor with one's presence
5	8734	逐步	zhúbù	progressively
5	8737	动画	dònghuà	animation
5	8739	整齐	zhěngqí	orderly
5	8740	常识	chángshí	common sense, general knowledge
5	8748	可见	kějiàn	it can clearly be seen
5	8772	无奈	wúnài	to have no alternative
5	8797	研制	yánzhì	to research and manufacture
5	8809	成年	chéngnián	to grow to adulthood
5	8810	职工	zhígōng	employee, staff member, worker
5	8812	木头	mùtou	wood, log
5	8815	格外	géwài	especially, particularly
5	8819	大象	dàxiàng	elephant
5	8858	讲座	jiǎngzuò	course of lectures, lecture series
5	8868	长远	chángyuǎn	long-term
5	8871	迷路	mílù	to lose the way
5	8873	印刷	yìnshuā	to print
5	8907	外形	wàixíng	figure
5	8918	赠	zèng	to give as a present
5	8924	舍不得	shěbude	to hate to do sth
5	8931	大爷	dàye	father's older brother
5	8931	熟人	shúrén	acquaintance
5	8953	报到	bàodào	to report for duty
5	8971	初期	chūqī	initial stage
5	8979	因而	yīn'ér	therefore
5	8993	在线	zàixiàn	online, connected to the Internet
5	8996	河流	héliú	river
5	9027	通行	tōngxíng	to go through, to pass through
5	9089	学历	xuélì	educational background
5	9102	一代	yīdài	an era, an age, a generation
5	9147	纪念日	jìniànrì	day of commemoration
5	9170	美术	měishù	art
5	9178	聘请	pìnqǐng	to engage
5	9195	门诊	ménzhěn	outpatient service
5	9198	故乡	gùxiāng	home
5	9208	家务	jiāwù	household duties
5	9209	海鲜	hǎixiān	seafood
5	9219	邮票	yóupiào	stamp
5	9221	开幕	kāimù	to open
5	9271	树木	shùmù	tree
5	9314	武术	wǔshù	military skill or technique
5	9329	开幕式	kāimùshì	opening ceremony
5	9336	特有	tèyǒu	specific
5	9352	领带	lǐngdài	necktie
5	9357	闹钟	nàozhōng	alarm clock
5	9364	熬夜	áoyè	to stay up late or all night
5	9396	折扣	zhékòu	discount
5	9403	主观	zhǔguān	subjective
5	9438	缩短	suōduǎn	to shorten, to reduce, to curtail
5	9452	先后	xiānhòu	early or late, first and last, priority
5	9459	气球	qìqiú	balloon
5	9461	敢于	gǎnyú	to have the courage to do sth
5	9492	长途	chángtú	long distance
5	9549	书房	shūfáng	study
5	9553	广大	guǎngdà	vast or extensive
5	9556	总数	zǒngshù	total
5	9563	剪刀	jiǎndāo	scissors
5	9596	合影	héyǐng	group photo
5	9604	食用	shíyòng	to eat, to consume
5	9623	熟练	shúliàn	practiced
5	9636	过期	guòqī	to be overdue
5	9659	大于	dàyú	greater than, bigger than, more than
5	9674	中期	zhōngqī	middle
5	9692	里头	lǐtou	inside, interior
5	9699	及格	jígé	to pass an exam or a test
5	9702	存放	cúnfàng	to deposit
5	9711	讲究	jiǎngjiu	to pay particular attention to
5	9732	科研	kēyán	research
5	9764	高效	gāoxiào	efficient
5	9773	虫子	chóngzi	insect
5	9834	此前	cǐqián	before this
5	9933	词汇	cíhuì	vocabulary
5	9958	大米	dàmǐ	rice
5	9979	傍晚	bàngwǎn	in the evening
5	10035	失恋	shīliàn	to lose one's love
5	10095	工艺	gōngyì	arts and crafts
5	10100	不要紧	bùyàojǐn	unimportant
5	10119	领取	lǐngqǔ	to receive, to draw, to get
5	10141	行人	xíngrén	pedestrian
5	10185	初级	chūjí	junior
5	10197	外公	wàigōng	mother's father
5	10253	展出	zhǎnchū	to put on display
5	10260	路人	lùrén	passer-by
5	10268	信封	xìnfēng	envelope
5	10298	优质	yōuzhì	excellent quality
5	10323	硬件	yìngjiàn	hardware
5	10338	改正	gǎizhèng	to correct
5	10344	拖鞋	tuōxié	slippers
5	10416	山区	shānqū	mountain area
5	10450	好评	hǎopíng	favorable criticism
5	10477	驾照	jiàzhào	driver's license
5	10494	水分	shuǐfèn	moisture content
5	10522	爱护	àihù	to cherish
5	10535	黄瓜	huángguā	cucumber
5	10541	单一	dānyī	single
5	10587	二手	èrshǒu	indirectly acquired
5	10626	现代化	xiàndàihuà	modernization
5	10627	优良	yōuliáng	fine
5	10636	儿女	érnǚ	children, sons and daughters
5	10644	账号	zhànghào	account number, account, username
5	10703	住宿	zhùsù	to stay at
5	10722	站台	zhàntái	platform
5	10727	跑道	pǎodào	athletic track
5	10754	创业	chuàngyè	to begin an undertaking
5	10782	暴雨	bàoyǔ	torrential rain
5	10811	本领	běnlǐng	skill
5	10815	勤奋	qínfèn	hardworking
5	10932	原有	yuányǒu	original
5	10967	床单	chuángdān	bed sheet
5	11007	试用	shìyòng	to try sth out
5	11013	雨水	yǔshuǐ	rainwater, rainfall, rain
5	11103	旅行社	lǚxíngshè	travel agency
5	11305	急诊	jízhěn	to give or receive urgent medical
5	11420	柜子	guìzi	cupboard
5	11452	陆地	lùdì	dry land
5	11546	沙子	shāzi	sand
5	11598	学科	xuékē	subject
5	11689	邮局	yóujú	post office
5	11719	提倡	tíchàng	to promote
5	11743	产量	chǎnliàng	output
5	11806	请教	qǐngjiào	to ask for guidance
5	11860	昆虫	kūnchóng	insect
5	11872	概括	gàikuò	to summarize, to generalize
5	11900	餐饮	cānyǐn	food and beverage
5	11956	舍得	shěde	to be willing to part with sth
5	12138	大妈	dàmā	father's elder brother's wife
5	12138	随手	suíshǒu	conveniently
5	12167	纪录片	jìlùpiàn	newsreel
5	12168	汗水	hànshuǐ	sweat
5	12173	姥姥	lǎolao	mother's mother, maternal grandmother
5	12191	离职	lízhí	to leave one's job temporarily
5	12234	转告	zhuǎngào	to pass on
5	12235	带动	dàidòng	to spur, to provide impetus, to drive
5	12299	调皮	tiáopí	naughty
5	12302	城区	chéngqū	city district
5	12318	大批	dàpī	large quantities of
5	12338	正如	zhèngrú	just as
5	12455	物业	wùyè	property
5	12549	游览	yóulǎn	to go sightseeing
5	12577	悠久	yōujiǔ	long
5	12587	制订	zhìdìng	to work out
5	12593	外观	wàiguān	outward appearance
5	12648	陆续	lùxù	in turn
5	12765	试卷	shìjuàn	examination paper
5	12768	加深	jiāshēn	to deepen
5	12805	调研	diàoyán	to investigate and research
5	12847	胆小	dǎnxiǎo	cowardice
5	12925	影视	yǐngshì	movies and television
5	13022	超速	chāosù	to exceed the speed limit
5	13074	除夕	Chúxī	lunar New Year's Eve
5	13274	国庆	Guóqìng	National Day
5	13374	问卷	wènjuàn	questionnaire
5	13530	果实	guǒshí	fruit
5	13555	日历	rìlì	calendar
5	13580	往返	wǎngfǎn	to go back and forth, to go to and fro
5	13619	增进	zēngjìn	to promote
5	13635	深远	shēnyuǎn	far-reaching
5	13653	音量	yīnliàng	loudness
5	13656	碰见	pèngjiàn	to run into
5	13754	年夜饭	niányèfàn	reunion dinner on Lunar New Year's Eve
5	13803	深厚	shēnhòu	deep, profound
5	14037	涨价	zhǎngjià	to appreciate
5	14126	样式	yàngshì	type
5	14155	亲情	qīnqíng	affection
5	14235	住址	zhùzhǐ	address
5	14653	要不是	yàobushì	if it were not for
5	14847	近日	jìnrì	the past few days
5	14983	图画	túhuà	drawing
5	15037	火锅	huǒguō	hotpot
5	15051	书法	shūfǎ	calligraphy
5	15276	小于	xiǎoyú	less than, <
5	15281	竹子	zhúzi	bamboo
5	15312	丰富多彩	fēngfùduōcǎi	richly colorful
5	15374	长处	chángchù	good aspects
5	15396	升温	shēngwēn	to become hot
5	15662	时差	shíchā	time difference
5	15668	学分	xuéfēn	course credit
5	15736	能干	nénggàn	capable
5	15849	风俗	fēngsú	social custom
5	15924	近年来	jìnniánlái	for the past few years
5	16199	教材	jiàocái	teaching material
5	16321	开水	kāishuǐ	boiled water
5	16554	书架	shūjià	bookshelf
5	16743	响声	xiǎngshēng	noise
5	17113	押金	yājīn	deposit
5	17118	物价	wùjià	prices
5	17349	台灯	táidēng	desk lamp
5	17523	一路顺风	yīlùshùnfēng	to have a pleasant journey
5	17535	宽度	kuāndù	width
5	17575	橡皮	xiàngpí	rubber
5	17634	元旦	Yuándàn	New Year's Day
5	17888	普及	pǔjí	to spread extensively
5	17899	亲朋好友	qīnpénghǎoyǒu	friends and family
5	17989	厚度	hòudù	thickness
5	18037	汇率	huìlǜ	exchange rate
5	18087	鼠标	shǔbiāo	mouse
5	18327	中医	zhōngyī	traditional Chinese medical science
5	18414	年初	niánchū	beginning of the year
5	18480	乘务员	chéngwùyuán	attendant on an airplane, train
5	18562	急忙	jímáng	hastily
5	18675	售价	shòujià	selling price
5	18880	吸管	xīguǎn	straw
5	19155	窗台	chuāngtái	windowsill, window ledge
5	19472	中外	zhōngwài	Sino-foreign
5	19939	学年	xuénián	academic year
5	20452	中级	zhōngjí	middle level
5	20591	首次	shǒucì	first
5	20620	豆浆	dòujiāng	soy milk
5	20713	近代	jìndài	the not-very-distant past
5	20715	胡同	hútòng	lane, alley
5	21019	特产	tèchǎn	special local product
5	21165	配送	pèisòng	to put together an order and deliver it
5	21349	中华	Zhōnghuá	Zhonghua
5	21641	人民币	rénmínbì	Renminbi
5	22241	着凉	zháoliáng	to catch cold
5	22936	中药	zhōngyào	traditional Chinese medicine
5	23326	盒饭	héfàn	meal in a partitioned box
5	23390	国画	guóhuà	traditional Chinese painting
5	23667	保质期	bǎozhìqī	shelf life
5	23825	厘米	límǐ	centimeter
5	23912	话费	huàfèi	call charge
5	24114	日用品	rìyòngpǐn	articles for daily use
5	24273	扇子	shànzi	fan
5	25241	虚心	xūxīn	open-minded
5	26304	叉子	chāzi	fork
5	27327	姥爷	lǎoye	mother's father, maternal grandfather
5	27605	省会	shěnghuì	provincial capital
5	28429	高科技	gāokējì	high tech, high technology
5	28577	挂号	guàhào	to register
5	28795	读音	dúyīn	pronunciation
5	28844	五颜六色	wǔyánliùsè	multicolored
5	29040	夜市	yèshì	night market
5	29232	用法	yòngfǎ	usage
5	29792	主食	zhǔshí	staple food
5	29918	跳高	tiàogāo	high jump
5	30196	家电	jiādiàn	household electric appliance
5	30823	压岁钱	yāsuìqián	money given to children as a gift on
5	31561	西餐	xīcān	Western-style food
5	32713	短处	duǎnchù	shortcoming
5	32890	酸甜苦辣	suāntiánkǔlà	sour, sweet, bitter and spicy
5	34114	闭幕式	bìmùshì	closing ceremony
5	36385	尺子	chǐzi	ruler
5	37393	毛笔	máobǐ	writing brush
5	38012	占线	zhànxiàn	busy
5	40040	跳远	tiàoyuǎn	long jump
5	41071	没法儿	méifǎr5	Can't
5	48366	电子版	diànzǐbǎn	electronic edition
5	50741	连忙	liánmáng	promptly, at once
5	1000000	便利店	biànlìdiàn	convenience store
5	1000000	二维码	èrwéimǎ	2D barcode, matrix code
6	227	成	chéng	to succeed
6	246	啦	la	sentence-final particle, contraction of
6	246	于	yú	in, at, on
6	497	求	qiú	to seek
6	557	杀	shā	to kill, to slay, to murder, to attack
6	614	嘛	ma	modal particle indicating that sth is
6	679	线	xiàn	thread
6	679	因	yīn	cause
6	695	特	tè	special
6	736	局	jú	office
6	752	未	wèi	not yet
6	762	哇	wa	replaces when following the vowel "u" or
6	786	神	shén	god, deity
6	956	死亡	sǐwáng	to die
6	966	则	zé	but, then
6	1019	清	qīng	clear, clean
6	1066	轮	lún	wheel, disk, ring
6	1089	投票	tóupiào	to vote, to cast a vote
6	1122	逼	bī	to force
6	1228	尽	jǐn	to the greatest extent
6	1236	投资	tóuzī	investment
6	1274	战争	zhànzhēng	war, conflict
6	1363	盘	pán	tray, plate, dish
6	1409	皮	pí	skin, peel, rind, outer layer
6	1429	枪	qiāng	gun
6	1485	呆	dāi	foolish, stupid
6	1491	网	wǎng	net, web
6	1494	雷	léi	thunder
6	1505	武器	wǔqì	weapon
6	1517	圈	quān	circle, ring, loop
6	1522	招	zhāo	to recruit
6	1543	科	kē	branch of study
6	1545	版	bǎn	a register
6	1553	英雄	yīngxióng	hero
6	1579	攻击	gōngjī	to attack
6	1583	镇	zhèn	to press down
6	1603	俱乐部	jùlèbù	club
6	1623	顶	dǐng	apex
6	1634	自我	zìwǒ	the self, oneself, self-
6	1635	犯	fàn	to violate
6	1682	服	fú	clothes
6	1694	布	bù	cloth
6	1699	样	yàng	manner
6	1714	理	lǐ	texture
6	1715	恨	hèn	to hate
6	1718	射	shè	to shoot
6	1741	时尚	shíshàng	fashion
6	1749	剑	jiàn	double-edged sword
6	1750	和平	hépíng	peace
6	1772	爆炸	bàozhà	explosion
6	1795	偷	tōu	to steal
6	1799	基地	jīdì	base
6	1809	黄	huáng	yellow
6	1816	岛	dǎo	island
6	1822	战斗	zhàndòu	to fight
6	1825	官	guān	government official
6	1840	公开	gōngkāi	open, overt, public
6	1849	混	hùn	to mix
6	1850	人家	rénjiā	household
6	1854	摆	bǎi	to arrange
6	1856	吓	xià	to frighten
6	1868	军队	jūnduì	armed forces, troops
6	1874	基金	jījīn	fund
6	1875	编	biān	to weave
6	1893	学会	xuéhuì	to learn, to master
6	1909	部队	bùduì	army
6	1942	可怜	kělián	pitiful
6	1948	为何	wèihé	why
6	1953	爆	bào	to explode, to burst
6	1958	毒	dú	poison
6	1958	吐	tǔ	to spit
6	1962	中央	zhōngyāng	central
6	1970	州	zhōu	prefecture
6	1971	解	jiě	to divide
6	1978	罪	zuì	guilt
6	1981	显著	xiǎnzhù	outstanding
6	1985	承诺	chéngnuò	to promise
6	2006	感染	gǎnrǎn	to infect, infection
6	2012	启动	qǐdòng	to start
6	2016	一一	yīyī	one by one, one after another
6	2032	算是	suànshì	considered to be
6	2035	滴	dī	to drip
6	2056	逃	táo	to escape
6	2058	婚姻	hūnyīn	marriage, matrimony
6	2059	打击	dǎjī	to hit
6	2080	转移	zhuǎnyí	to shift, to relocate, to transfer
6	2082	印	yìn	to print
6	2089	卷	juǎn	to roll up
6	2096	透	tòu	to penetrate, to seep through
6	2111	酷	kù	ruthless
6	2129	人士	rénshì	person
6	2130	拖	tuō	to drag
6	2134	集团	jítuán	group
6	2138	为止	wéizhǐ	until
6	2151	进展	jìnzhǎn	to make headway, to make progress
6	2163	塞	sāi	to plug, to stop up, to stuff in
6	2176	系列	xìliè	series
6	2191	检测	jiǎncè	to test, to detect
6	2198	塔	tǎ	pagoda, tower, pylon
6	2208	真相	zhēnxiàng	the truth about sth, the actual facts
6	2220	搭	dā	to put up
6	2227	病毒	bìngdú	virus
6	2229	权力	quánlì	power
6	2235	夫人	fūren	lady
6	2244	毫无	háowú	not in the least
6	2245	制	zhì	system
6	2258	泡	pào	bubble, foam
6	2265	户	hù	a household
6	2278	归	guī	to return
6	2291	胸	xiōng	chest
6	2300	嫁	jià	to marry
6	2305	命令	mìnglìng	order
6	2305	政策	zhèngcè	policy
6	2307	神经	shénjīng	nerve
6	2335	一辈子	yībèizi	a lifetime
6	2348	士兵	shìbīng	soldier
6	2351	母	mǔ	mother
6	2351	评论	pínglùn	to comment on
6	2371	仪式	yíshì	ceremony
6	2381	冒	mào	to emit, to give off, to send out
6	2387	烂	làn	soft, mushy
6	2398	除	chú	to get rid of
6	2405	本身	běnshēn	itself
6	2412	端	duān	tip, end, extremity
6	2412	时光	shíguāng	time
6	2421	扣	kòu	to fasten
6	2421	狼	láng	wolf
6	2445	道德	dàodé	virtue
6	2447	编辑	biānjí	to edit
6	2449	挖	wā	to dig
6	2449	证实	zhèngshí	to confirm
6	2454	要么	yàome	or
6	2463	恶心	ěxīn	nausea
6	2465	将军	jiāngjūn	general
6	2467	透露	tòulù	to leak out
6	2469	兵	bīng	soldiers
6	2493	侧	cè	the side
6	2503	闭	bì	to close
6	2505	异常	yìcháng	unusual, abnormal
6	2506	粉	fěn	powder
6	2507	足	zú	foot, leg
6	2509	曲	qū	bent
6	2512	档案	dàng'àn	file, record, archive
6	2517	协会	xiéhuì	an association
6	2520	公	gōng	public
6	2532	细胞	xìbāo	cell
6	2536	症状	zhèngzhuàng	symptom
6	2537	试图	shìtú	to attempt
6	2539	患者	huànzhě	patient, sufferer
6	2548	艘	sōu	classifier for ships
6	2556	财产	cáichǎn	property
6	2564	银	yín	silver
6	2566	刺	cì	thorn
6	2570	至于	zhìyú	as for
6	2580	肥	féi	fat
6	2581	患	huàn	to suffer
6	2581	镜头	jìngtóu	camera lens
6	2589	贷款	dàikuǎn	a loan
6	2595	凌晨	língchén	very early in the morning
6	2616	害	hài	to do harm to
6	2620	淘汰	táotài	to wash out
6	2622	立	lì	to stand
6	2626	料	liào	material
6	2628	公众	gōngzhòng	public
6	2630	释放	shìfàng	to release, to set free
6	2662	撒	sā	to let go
6	2663	心脏	xīnzàng	heart
6	2672	斗争	dòuzhēng	a struggle
6	2680	给予	jǐyǔ	to give, to accord, to render
6	2687	指挥	zhǐhuī	to conduct
6	2698	突破	tūpò	to break through
6	2700	露	lù	dew
6	2706	为此	wèicǐ	for this reason
6	2712	环	huán	ring
6	2717	回头	huítóu	to turn round, to turn one's head
6	2726	法官	fǎguān	judge
6	2729	嘿	hēi	hey
6	2731	股票	gǔpiào	share certificate
6	2736	脑袋	nǎodai	head
6	2736	血液	xuèyè	blood
6	2737	主管	zhǔguǎn	in charge
6	2740	动力	dònglì	motive power
6	2756	祝福	zhùfú	blessings
6	2764	公主	gōngzhǔ	princess
6	2768	松	sōng	loose
6	2776	埋	mái	to bury
6	2786	率	lǜ	ratio, rate, proportion
6	2787	能量	néngliàng	energy
6	2794	野	yě	field
6	2808	清理	qīnglǐ	to clear up
6	2822	激情	jīqíng	passion
6	2823	从未	cóngwèi	never
6	2830	谈判	tánpàn	to negotiate
6	2831	成交	chéngjiāo	to complete a contract
6	2831	业	yè	line of business
6	2842	造型	zàoxíng	to model, to shape
6	2850	补	bǔ	to repair
6	2855	装备	zhuāngbèi	equipment
6	2859	障碍	zhàng'ài	barrier
6	2864	自杀	zìshā	to kill oneself
6	2869	危机	wēijī	crisis
6	2877	公民	gōngmín	citizen
6	2878	当初	dāngchū	at that time
6	2891	线索	xiànsuǒ	trail
6	2892	引	yǐn	to draw
6	2909	金属	jīnshǔ	metal
6	2909	闪	shǎn	to dodge
6	2940	石油	shíyóu	oil
6	2941	频道	píndào	frequency
6	2965	散	sàn	to scatter
6	2971	警告	jǐnggào	to warn
6	2983	基因	jīyīn	gene
6	2983	晕	yūn	confused
6	2985	就算	jiùsuàn	even if
6	2986	革命	gémìng	to withdraw the mandate of heaven
6	2987	孤独	gūdú	lonely
6	2990	针	zhēn	needle
6	2991	官员	guānyuán	official
6	2995	暴力	bàolì	violence
6	3002	神奇	shénqí	magical
6	3013	尴尬	gāngà	awkward, embarrassed
6	3025	脑子	nǎozi	brains
6	3030	代价	dàijià	price
6	3041	婴儿	yīng'ér	infant
6	3046	瞧	qiáo	to look at
6	3060	团结	tuánjié	to unite
6	3062	涉及	shèjí	to involve, to relate to, to concern
6	3087	踩	cǎi	to step on
6	3090	发动	fādòng	to start
6	3096	策略	cèlu:è	strategy; tactics
6	3109	陷入	xiànrù	to sink into
6	3114	肯	kěn	to agree, to consent
6	3116	回报	huíbào	return
6	3127	愤怒	fènnù	angry
6	3129	评估	pínggū	to evaluate
6	3144	原本	yuánběn	originally
6	3150	宫	gōng	palace
6	3156	维护	wéihù	to defend
6	3160	气氛	qìfēn	atmosphere, mood
6	3163	跟踪	gēnzōng	to follow sb's tracks
6	3165	望	wàng	full moon
6	3168	活力	huólì	energy
6	3168	心灵	xīnlíng	bright
6	3172	委托	wěituō	to entrust
6	3185	航空	hángkōng	aviation
6	3191	通道	tōngdào	channel
6	3192	田	tián	field
6	3200	才能	cáinéng	talent
6	3200	文明	wénmíng	civilized
6	3202	偶像	ǒuxiàng	idol
6	3209	混乱	hùnluàn	confused, chaotic, disorderly
6	3214	创意	chuàngyì	creative
6	3217	黑暗	hēi'àn	dark
6	3227	冲突	chōngtū	conflict
6	3229	惊讶	jīngyà	amazed
6	3232	大师	dàshī	great master
6	3242	得知	dézhī	to find out
6	3243	提示	tíshì	to point out
6	3251	典型	diǎnxíng	model
6	3256	之所以	zhīsuǒyǐ	the reason why N P
6	3265	教训	jiàoxun	to provide guidance, to lecture sb
6	3271	除非	chúfēi	only if
6	3278	清醒	qīngxǐng	clear-headed
6	3279	章	zhāng	chapter
6	3288	艰难	jiānnán	difficult, arduous, hard
6	3292	纯	chún	pure
6	3299	怀孕	huáiyùn	pregnant
6	3300	定位	dìngwèi	to orientate
6	3300	一阵	yīzhèn	a burst
6	3301	撑	chēng	to support
6	3313	即便	jíbiàn	even if
6	3320	遭到	zāodào	to suffer
6	3321	喷	pēn	to spout, to spurt, to spray, to puff
6	3326	职责	zhízé	duty
6	3348	改造	gǎizào	to transform
6	3353	肺	fèi	lung
6	3363	民主	mínzhǔ	democracy
6	3370	栋	dòng	ridgepole
6	3386	监督	jiāndū	to supervise, to oversee, to inspect
6	3395	遭遇	zāoyù	to meet with, to encounter
6	3402	时机	shíjī	opportunity, opportune moment
6	3404	引发	yǐnfā	to lead to
6	3419	恐惧	kǒngjù	to be frightened
6	3419	险	xiǎn	danger
6	3422	折	zhé	to break
6	3423	砍	kǎn	to chop
6	3423	渴望	kěwàng	to thirst for
6	3424	摆脱	bǎituō	to break away from
6	3442	财富	cáifù	wealth
6	3453	模型	móxíng	model
6	3458	爆发	bàofā	to break out, to erupt, to explode
6	3462	夺	duó	to seize
6	3465	能源	néngyuán	energy sources, energy
6	3471	扮演	bànyǎn	to play the role of
6	3481	核心	héxīn	core, nucleus
6	3490	扎	zhā	to prick
6	3491	保障	bǎozhàng	to ensure
6	3495	资产	zīchǎn	property
6	3506	运行	yùnxíng	to move along one's course
6	3509	局面	júmiàn	aspect
6	3510	期望	qīwàng	to have expectations
6	3514	供应	gōngyìng	to supply, to provide
6	3531	一时	yīshí	a period of time
6	3534	温柔	wēnróu	gentle and soft, tender, sweet
6	3538	补偿	bǔcháng	to compensate
6	3539	抛	pāo	to throw
6	3543	显	xiǎn	to make visible
6	3554	脖子	bózi	neck
6	3571	战胜	zhànshèng	to prevail over
6	3572	年度	niándù	year
6	3580	寂寞	jìmò	lonely
6	3580	检验	jiǎnyàn	to inspect
6	3583	排除	páichú	to eliminate
6	3586	国王	guówáng	king
6	3589	发行	fāxíng	to publish, to issue, to release
6	3591	密	mì	dense, close, thick
6	3610	播	bō	to sow, to spread, to broadcast
6	3615	社	shè	society, organization, agency
6	3628	当天	dāngtiān	on that day
6	3630	井	jǐng	a well
6	3631	王子	wángzǐ	prince
6	3640	粘	zhān	to glue, to paste
6	3642	钻	zuān	to drill
6	3660	欢乐	huānlè	gaiety
6	3668	怀念	huáiniàn	to cherish the memory of
6	3668	荣誉	róngyù	honor
6	3669	解放	jiěfàng	to liberate
6	3669	收藏	shōucáng	to collect, to put away for safekeeping
6	3672	幻想	huànxiǎng	to fantasize, to imagine
6	3675	团体	tuántǐ	group
6	3680	悲剧	bēijù	tragedy
6	3685	消防	xiāofáng	firefighting
6	3689	太空	tàikōng	outer space
6	3692	感激	gǎnjī	to be grateful
6	3693	夹	jiā	to press from either side
6	3699	指示	zhǐshì	to point out
6	3702	暴露	bàolù	to expose
6	3703	出于	chūyú	due to
6	3703	官方	guānfāng	government
6	3710	机械	jīxiè	machine
6	3710	伤口	shāngkǒu	wound
6	3712	瞬间	shùnjiān	in an instant, in a flash
6	3716	电力	diànlì	electrical power
6	3720	得了	déle	all right!
6	3723	引导	yǐndǎo	to guide
6	3724	协助	xiézhù	to provide assistance, to aid
6	3739	悲伤	bēishāng	sad, sorrowful
6	3739	属	shǔ	category
6	3745	财务	cáiwù	financial affairs, finance
6	3746	损伤	sǔnshāng	to harm
6	3747	顾问	gùwèn	adviser
6	3747	主角	zhǔjué	leading role, lead
6	3752	娶	qǔ	to take a wife
6	3755	助理	zhùlǐ	assistant
6	3759	潜力	qiánlì	potential, latent capacity
6	3774	笑容	xiàoróng	smile
6	3789	消除	xiāochú	to eliminate
6	3808	寻求	xúnqiú	to seek, to look for
6	3811	通讯	tōngxùn	communications
6	3821	隐藏	yǐncáng	to hide
6	3824	落后	luòhòu	to fall behind
6	3829	算了	suànle	let it be
6	3832	狠	hěn	ruthless, fierce, ferocious
6	3835	策划	cèhuà	to plot
6	3836	蹲	dūn	to crouch
6	3841	冒险	màoxiǎn	to take risks
6	3847	牵	qiān	to lead along
6	3849	冲动	chōngdòng	to have an urge
6	3850	考验	kǎoyàn	to test
6	3853	技巧	jìqiǎo	skill
6	3855	天下	tiānxià	land under heaven
6	3881	公正	gōngzhèng	just, fair, equitable
6	3883	和谐	héxié	harmonious
6	3886	高手	gāoshǒu	expert
6	3891	呈现	chéngxiàn	to appear
6	3896	暖	nuǎn	warm
6	3915	规划	guīhuà	to draw up a plan, to map out a program
6	3916	不许	bùxǔ	not to allow
6	3921	不止	bùzhǐ	incessantly
6	3924	录像	lùxiàng	to videotape
6	3929	免	miǎn	to excuse sb
6	3933	转身	zhuǎnshēn	to turn round
6	3939	赔偿	péicháng	to compensate
6	3950	混合	hùnhé	to mix, to blend
6	3958	会见	huìjiàn	to meet with
6	3966	代理	dàilǐ	to act on behalf of sb in a responsible
6	3970	明明	míngmíng	obviously
6	3975	群众	qúnzhòng	mass
6	3986	投诉	tóusù	to lodge a complaint
6	3987	无疑	wúyí	undoubtedly, without doubt, for sure
6	3990	按摩	ànmó	massage
6	3997	倾向	qīngxiàng	trend
6	4003	实话	shíhuà	truth
6	4007	救命	jiùmìng	to save sb's life
6	4014	无所谓	wúsuǒwèi	to be indifferent
6	4016	老鼠	lǎoshǔ	rat, mouse
6	4025	移民	yímín	to immigrate
6	4037	联合国	Liánhéguó	United Nations
6	4038	情形	qíngxing	circumstances, situation
6	4039	持有	chíyǒu	to hold
6	4043	趁	chèn	to avail oneself of
6	4049	合并	hébìng	to merge
6	4056	带领	dàilǐng	to guide
6	4061	探索	tànsuǒ	to explore, to probe
6	4063	对抗	duìkàng	to withstand
6	4065	灭	miè	to extinguish or put out
6	4066	秩序	zhìxù	order, orderliness
6	4071	血管	xuèguǎn	vein
6	4084	热线	rèxiàn	hotline
6	4084	娃娃	wáwa	baby
6	4084	以往	yǐwǎng	in the past, formerly
6	4086	关联	guānlián	to be related, to be connected
6	4100	金钱	jīnqián	money
6	4105	消灭	xiāomiè	to put an end to
6	4109	欺骗	qīpiàn	to deceive, to cheat
6	4114	街头	jiētóu	street
6	4117	惊人	jīngrén	astonishing
6	4119	质疑	zhìyí	to call into question, to challenge
6	4123	摩托车	mótuōchē	motorbike, motorcycle
6	4125	金融	jīnróng	banking
6	4129	贸易	màoyì	trade
6	4154	痕迹	hénjì	vestige
6	4175	染	rǎn	to dye
6	4178	清晰	qīngxī	clear, distinct
6	4184	码头	mǎtóu	dock
6	4192	循环	xúnhuán	to cycle
6	4195	汇报	huìbào	to report
6	4197	总裁	zǒngcái	chairman
6	4200	鉴定	jiàndìng	to examine sth to determine its
6	4200	协调	xiétiáo	to coordinate
6	4202	超越	chāoyuè	to surpass, to exceed, to transcend
6	4209	铺	pù	plank bed
6	4211	泥	ní	mud
6	4214	正义	zhèngyì	justice, righteousness
6	4219	民众	mínzhòng	the populace, the masses
6	4233	场景	chǎngjǐng	scene, scenario, situation, setting
6	4241	青春	qīngchūn	youth
6	4243	救援	jiùyuán	to save
6	4261	欲望	yùwàng	desire, longing, appetite, craving
6	4262	败	bài	to defeat
6	4265	立场	lìchǎng	position
6	4272	火灾	huǒzāi	serious fire
6	4272	认定	rèndìng	to maintain
6	4284	跌	diē	to fall
6	4284	会计	kuàijì	accountant
6	4292	妙	miào	clever
6	4295	狮子	shīzi	lion
6	4295	头脑	tóunǎo	brains
6	4297	倒是	dàoshi	contrary to what one might expect
6	4300	此刻	cǐkè	this moment
6	4303	足以	zúyǐ	sufficient to
6	4305	尺	chǐ	a Chinese foot
6	4315	通信	tōngxìn	to correspond
6	4318	场面	chǎngmiàn	scene
6	4334	祖国	zǔguó	motherland
6	4353	惩罚	chéngfá	penalty
6	4356	事务	shìwù	affairs
6	4370	在意	zàiyì	to care about
6	4381	寸	cùn	a unit of length
6	4384	抵抗	dǐkàng	to resist
6	4386	动机	dòngjī	motive, motivation
6	4390	情节	qíngjié	circumstances
6	4393	虽	suī	although
6	4393	预期	yùqī	to expect
6	4413	吵架	chǎojià	to quarrel
6	4418	货车	huòchē	truck
6	4428	出场	chūchǎng	to come onto the stage to perform
6	4429	天才	tiāncái	talent
6	4429	一向	yīxiàng	a period of time in the recent past
6	4430	绝望	juéwàng	to despair
6	4430	迷人	mírén	fascinating
6	4431	职位	zhíwèi	position, post, job
6	4444	化妆	huàzhuāng	to put on makeup
6	4446	节奏	jiézòu	rhythm
6	4446	骗子	piànzi	swindler
6	4446	外科	wàikē	surgery
6	4451	角落	jiǎoluò	corner
6	4455	剧本	jùběn	script, screenplay, scenario, libretto
6	4458	亲密	qīnmì	intimate
6	4464	版本	bǎnběn	version
6	4467	干脆	gāncuì	candid
6	4467	干扰	gānrǎo	to disturb
6	4469	肿	zhǒng	to swell
6	4471	途径	tújìng	way, means, channel
6	4472	不安	bù'ān	unpeaceful
6	4476	体系	tǐxì	system
6	4480	遭受	zāoshòu	to suffer, to sustain
6	4482	康复	kāngfù	to recuperate
6	4489	穿过	chuānguò	to pass through
6	4493	轨道	guǐdào	track
6	4497	城镇	chéngzhèn	town
6	4498	忍受	rěnshòu	to bear, to endure
6	4501	脆弱	cuìruò	weak
6	4509	漫画	mànhuà	caricature
6	4518	肩膀	jiānbǎng	shoulder
6	4528	继承	jìchéng	to inherit
6	4555	弥补	míbǔ	to complement
6	4563	扑	pū	to throw oneself at
6	4566	抵达	dǐdá	to arrive
6	4573	肝	gān	liver
6	4579	也好	yěhǎo	that's fine
6	4590	偷偷	tōutōu	stealthily
6	4602	忽略	hūlu:è	to neglect; to overlook; to ignore
6	4625	酱	jiàng	thick paste of fermented soybean
6	4627	支撑	zhīchēng	to prop up
6	4631	依旧	yījiù	as before, still
6	4633	来临	láilín	to approach, to come closer
6	4636	元素	yuánsù	element
6	4640	强迫	qiǎngpò	to compel
6	4649	浮	fú	to float
6	4654	奖品	jiǎngpǐn	award
6	4658	仓库	cāngkù	depot
6	4664	回顾	huígù	to look back
6	4669	岗位	gǎngwèi	a post, a job
6	4669	模仿	mófǎng	to imitate
6	4669	前提	qiántí	premise
6	4674	破产	pòchǎn	to go bankrupt
6	4675	清洁	qīngjié	clean
6	4676	内衣	nèiyī	undergarment
6	4676	烫	tàng	to scald
6	4682	焦点	jiāodiǎn	focal point, focus
6	4682	自豪	zìháo	proud
6	4685	福利	fúlì	benefit
6	4690	故障	gùzhàng	malfunction
6	4694	手法	shǒufǎ	technique
6	4694	指责	zhǐzé	to criticize
6	4698	闯	chuǎng	to rush
6	4704	免疫	miǎnyì	immunity
6	4707	戒指	jièzhi	ring
6	4715	单纯	dānchún	simple
6	4717	割	gē	to cut
6	4719	初步	chūbù	initial
6	4725	假设	jiǎshè	to suppose
6	4725	困扰	kùnrǎo	to perplex
6	4729	布置	bùzhì	to arrange, to set up, to lay out
6	4732	优先	yōuxiān	to have priority, to take precedence
6	4734	吊	diào	to suspend
6	4735	手臂	shǒubì	arm, assistant, helper
6	4738	携带	xiédài	to carry
6	4749	聚集	jùjí	to assemble, to gather
6	4756	指定	zhǐdìng	to appoint
6	4761	部位	bùwèi	part
6	4761	融入	róngrù	to blend into
6	4775	激励	jīlì	to encourage
6	4780	坚定	jiāndìng	firm
6	4781	粒	lì	grain, granule, pellet, particle
6	4795	高层	gāocéng	high-rise
6	4795	许可	xǔkě	to allow
6	4796	灾难	zāinàn	disaster, catastrophe
6	4799	以便	yǐbiàn	so that
6	4817	军人	jūnrén	serviceman
6	4821	定义	dìngyì	definition
6	4824	图像	túxiàng	image, picture, graphic
6	4825	逗	dòu	to tease, to entice
6	4833	飘	piāo	to float, to flutter, to waft
6	4833	修复	xiūfù	to restore, to renovate
6	4838	常规	chángguī	code of conduct, conventions
6	4839	依赖	yīlài	to depend on, to be dependent on
6	4846	分散	fēnsàn	to scatter
6	4850	误	wù	mistake
6	4852	添	tiān	to add, to increase, to replenish
6	4856	履行	lǚxíng	to fulfill
6	4857	竞赛	jìngsài	to compete, to race
6	4859	被迫	bèipò	to be compelled, to be forced
6	4859	争夺	zhēngduó	to fight over
6	4864	扫描	sǎomiáo	to scan
6	4867	理念	lǐniàn	idea
6	4870	排名	páimíng	to rank
6	4871	频率	pínlǜ	frequency
6	4877	逃跑	táopǎo	to flee from sth
6	4880	平等	píngděng	equal
6	4885	罐	guàn	can
6	4898	众人	zhòngrén	everyone
6	4902	自愿	zìyuàn	voluntary
6	4916	铜	tóng	copper
6	4917	暗示	ànshì	to hint, to suggest
6	4920	尖	jiān	pointed, tapering, sharp
6	4920	箭	jiàn	arrow
6	4929	原始	yuánshǐ	first
6	4933	总算	zǒngsuàn	at long last
6	4939	谈论	tánlùn	to discuss, to talk about
6	4948	扭	niǔ	to turn
6	4951	转换	zhuǎnhuàn	to change
6	4952	搭配	dāpèi	to pair up
6	4961	活跃	huóyuè	active
6	4961	净	jìng	clean
6	4971	诞生	dànshēng	to be born
6	4974	场合	chǎnghé	occasion, situation, context
6	4990	收购	shōugòu	to purchase or acquire in bulk or at an
6	4998	重建	chóngjiàn	to rebuild, to reconstruct
6	5008	串	chuàn	to string together
6	5014	横	héng	horizontal
6	5015	看好	kānhǎo	to keep an eye on
6	5024	眼光	yǎnguāng	gaze
6	5028	占据	zhànjù	to occupy, to hold
6	5029	夸张	kuāzhāng	to exaggerate
6	5035	一流	yīliú	top quality
6	5040	管道	guǎndào	tubing
6	5050	效应	xiàoyìng	effect
6	5059	射击	shèjī	to shoot, to fire
6	5068	掏	tāo	to fish out
6	5077	认可	rènkě	to approve
6	5105	中毒	zhòngdú	to be poisoned
6	5115	家属	jiāshǔ	family member
6	5120	坚决	jiānjué	firm, resolute, determined
6	5139	外表	wàibiǎo	external
6	5146	十足	shízú	ample
6	5160	窗口	chuāngkǒu	window
6	5167	老实	lǎoshi	honest, sincere
6	5177	势力	shìli	power
6	5184	抑制	yìzhì	to inhibit
6	5186	精心	jīngxīn	with utmost care
6	5189	极端	jíduān	extreme
6	5194	理性	lǐxìng	reason
6	5197	服用	fúyòng	to take
6	5210	遗产	yíchǎn	heritage
6	5227	捐赠	juānzèng	to contribute
6	5233	皇帝	huángdì	emperor
6	5246	交谈	jiāotán	to discuss, to converse
6	5252	取代	qǔdài	to replace
6	5259	模拟	mónǐ	imitation
6	5260	住宅	zhùzhái	residence, dwelling, abode
6	5269	丧失	sàngshī	to lose
6	5270	争论	zhēnglùn	to argue
6	5279	旋转	xuánzhuǎn	to rotate
6	5282	吞	tūn	to swallow
6	5289	等级	děngjí	grade
6	5294	正面	zhèngmiàn	front
6	5303	毫不	háobù	hardly
6	5305	隔壁	gébì	next door
6	5307	歪	wāi	askew
6	5311	跪	guì	to kneel
6	5314	举动	jǔdòng	act
6	5314	细菌	xìjūn	bacterium
6	5317	棉	mián	generic term for cotton or kapok
6	5317	外交	wàijiāo	diplomacy
6	5339	收益	shōuyì	earnings
6	5341	顾	gù	to look after
6	5345	规矩	guīju	lit. compass and set square
6	5374	大使	dàshǐ	ambassador
6	5376	崇拜	chóngbài	to worship
6	5379	信念	xìnniàn	faith
6	5384	模样	múyàng	look
6	5385	当场	dāngchǎng	at the scene, on the spot
6	5385	特定	tèdìng	special, specific, designated
6	5407	看待	kàndài	to look upon, to regard
6	5413	打架	dǎjià	to fight
6	5421	打造	dǎzào	to forge
6	5431	助手	zhùshǒu	assistant, helper
6	5437	得以	déyǐ	able to
6	5443	上市	shàngshì	to hit the market
6	5450	猜测	cāicè	to guess
6	5455	典礼	diǎnlǐ	ceremony, celebration
6	5466	场地	chǎngdì	space
6	5472	脂肪	zhīfáng	fat
6	5477	港口	gǎngkǒu	port
6	5487	著作	zhùzuò	to write
6	5489	放大	fàngdà	to enlarge
6	5499	覆盖	fùgài	to cover
6	5503	渠道	qúdào	irrigation ditch
6	5505	气质	qìzhì	personality traits, temperament
6	5509	伤亡	shāngwáng	casualties
6	5536	缺陷	quēxiàn	defect, flaw
6	5549	酒精	jiǔjīng	ethanol, ethyl alcohol
6	5561	总理	zǒnglǐ	premier
6	5564	限	xiàn	to limit
6	5565	骨头	gǔtou	bone
6	5572	上级	shàngjí	higher authorities
6	5578	睁	zhēng	to open
6	5592	金牌	jīnpái	gold medal
6	5594	例外	lìwài	exception
6	5595	沉重	chénzhòng	heavy
6	5598	仪器	yíqì	instrument, apparatus
6	5608	命名	mìngmíng	to give a name to
6	5614	赋予	fùyǔ	to assign
6	5614	示范	shìfàn	to demonstrate
6	5614	严厉	yánlì	severe
6	5618	封闭	fēngbì	to close, to seal off
6	5634	处罚	chǔfá	to penalize
6	5637	血压	xuèyā	blood pressure
6	5637	遗传	yíchuán	heredity
6	5643	识别	shíbié	to distinguish, to discern, to identify
6	5645	纠正	jiūzhèng	to correct
6	5679	期限	qīxiàn	time limit
6	5680	开启	kāiqǐ	to start, to begin, to initiate
6	5685	用心	yòngxīn	motive
6	5689	流动	liúdòng	to flow, to circulate, to move about
6	5693	拦	lán	to block sb's path
6	5695	外界	wàijiè	the outside world
6	5701	奉献	fèngxiàn	to offer respectfully
6	5704	漫长	màncháng	very long
6	5706	番	fān	foreign, barbarian
6	5717	喜剧	xǐjù	a comedy
6	5724	视觉	shìjué	sight
6	5737	香水	xiāngshuǐ	perfume
6	5739	多余	duōyú	superfluous
6	5739	救助	jiùzhù	to help sb in trouble
6	5741	测量	cèliáng	survey
6	5747	走廊	zǒuláng	corridor, aisle, hallway, passageway
6	5752	汇	huì	to remit
6	5754	一同	yītóng	together
6	5766	珠宝	zhūbǎo	pearls
6	5777	赖	lài	to depend on
6	5782	冲击	chōngjī	to attack
6	5785	水泥	shuǐní	cement
6	5790	职务	zhíwù	post
6	5798	愁	chóu	to worry about
6	5804	都市	dūshì	city, metropolis
6	5813	专用	zhuānyòng	special
6	5823	天真	tiānzhēn	naive
6	5829	燃料	ránliào	fuel
6	5831	面子	miànzi	outer surface, the outside of sth
6	5845	披	pī	to drape over one's shoulders
6	5855	认同	rèntóng	to approve of
6	5855	思路	sīlù	line of thought, way of thinking
6	5871	严	yán	tight
6	5892	尺寸	chǐcun	size, dimensions, measurements
6	5925	影子	yǐngzi	shadow
6	5943	海岸	hǎi'àn	coastal
6	5958	地道	dìdao	authentic
6	5961	通话	tōnghuà	to hold a conversation
6	5964	迈	mài	to step, to stride
6	5967	担忧	dānyōu	to worry
6	5973	嫌	xián	to dislike
6	5974	赞同	zàntóng	to approve of, to agree with, to endorse
6	6003	融合	rónghé	a mixture
6	6011	焦虑	jiāolǜ	anxious
6	6012	牢	láo	pen, fold
6	6017	延续	yánxù	to continue
6	6030	电源	diànyuán	electric power source
6	6034	学位	xuéwèi	academic degree
6	6038	考察	kǎochá	to inspect
6	6038	岁月	suìyuè	years
6	6047	伴随	bànsuí	to accompany
6	6061	争议	zhēngyì	controversy
6	6063	避	bì	to avoid
6	6063	肠	cháng	intestines
6	6070	决策	juécè	strategic decision
6	6075	终身	zhōngshēn	lifelong
6	6077	预定	yùdìng	to arrange in advance
6	6082	称呼	chēnghu	to call, to address as
6	6091	机遇	jīyù	opportunity, favorable turn of events
6	6097	嘲笑	cháoxiào	to jeer at
6	6107	贫困	pínkùn	impoverished
6	6114	家园	jiāyuán	home
6	6120	含义	hányì	meaning
6	6124	清洗	qīngxǐ	to wash, to rinse, to clean
6	6127	遥远	yáoyuǎn	distant, remote
6	6130	上台	shàngtái	to rise to power
6	6140	气体	qìtǐ	gas
6	6144	捧	pěng	to hold or offer with both hands
6	6146	层次	céngcì	layer
6	6168	服从	fúcóng	to obey
6	6175	渡	dù	to cross
6	6178	勉强	miǎnqiǎng	to do with difficulty
6	6183	大地	dàdì	earth
6	6186	砖	zhuān	brick
6	6195	案例	ànlì	case, instance, example
6	6202	杂	zá	mixed
6	6204	捉	zhuō	to clutch
6	6241	传达	chuándá	to pass on
6	6241	图案	tú'àn	design, pattern
6	6250	纪律	jìlǜ	discipline
6	6251	撤销	chèxiāo	to cancel, to revoke, to rescind
6	6256	闪电	shǎndiàn	lightning
6	6261	演奏	yǎnzòu	to perform on a musical instrument
6	6265	彩票	cǎipiào	lottery ticket
6	6275	法规	fǎguī	legislation
6	6278	童话	tónghuà	children's fairy tales
6	6290	货币	huòbì	currency
6	6293	阻碍	zǔ'ài	to obstruct
6	6298	激发	jīfā	to arouse
6	6310	近来	jìnlái	recently
6	6310	相应	xiāngyìng	to correspond
6	6312	沟	gōu	ditch
6	6312	同伴	tóngbàn	companion, comrade, fellow
6	6315	不已	bùyǐ	endlessly, incessantly
6	6323	天然	tiānrán	natural
6	6325	违规	wéiguī	to violate the rules
6	6344	金额	jīn'é	sum of money, amount of money
6	6358	舌头	shétou	tongue
6	6373	工地	gōngdì	construction site
6	6380	周边	zhōubiān	periphery, rim, perimeter, surroundings
6	6388	专利	zhuānlì	patent
6	6391	特意	tèyì	specially
6	6397	捐款	juānkuǎn	to donate money
6	6397	主演	zhǔyǎn	to play the leading role, to star
6	6398	合成	héchéng	to compose
6	6408	预料	yùliào	to forecast
6	6418	约束	yuēshù	to restrict
6	6424	胡子	húzi	beard
6	6441	首要	shǒuyào	the most important
6	6445	公告	gōnggào	post
6	6454	恶劣	èliè	vile
6	6454	过后	guòhòu	after the event
6	6463	答复	dáfù	to answer
6	6466	传输	chuánshū	to transmit
6	6467	同行	tóngháng	person of the same profession
6	6487	利息	lìxī	interest
6	6489	急救	jíjiù	to give emergency treatment
6	6498	主张	zhǔzhāng	to advocate
6	6501	辣椒	làjiāo	hot pepper
6	6503	跟随	gēnsuí	to follow
6	6505	罕见	hǎnjiàn	rare
6	6515	潮流	cháoliú	tide
6	6523	恰恰	qiàqià	exactly, just, precisely
6	6526	村庄	cūnzhuāng	village
6	6556	打动	dǎdòng	to move
6	6559	争吵	zhēngchǎo	to quarrel
6	6567	推销	tuīxiāo	to market
6	6578	机制	jīzhì	mechanism
6	6579	深夜	shēnyè	very late at night
6	6580	透过	tòuguò	to pass through
6	6591	发育	fāyù	to develop
6	6591	一带	yīdài	region, area
6	6594	热门	rèmén	popular, hot, in vogue
6	6594	终点	zhōngdiǎn	the end
6	6603	精确	jīngquè	accurate, precise
6	6606	面部	miànbù	face
6	6609	规范	guīfàn	norm
6	6613	中断	zhōngduàn	to cut short
6	6619	拜访	bàifǎng	to pay a visit, to call on
6	6630	医药	yīyào	medical care and medicines
6	6634	原料	yuánliào	raw material
6	6636	动态	dòngtài	movement
6	6636	透明	tòumíng	transparent
6	6641	调节	tiáojié	to adjust
6	6642	频繁	pínfán	frequently
6	6645	供给	gōngjǐ	to furnish
6	6668	突发	tūfā	to occur suddenly
6	6676	听取	tīngqǔ	to hear, to listen to
6	6683	数目	shùmù	amount
6	6688	当选	dāngxuǎn	to be elected, to be selected
6	6694	散发	sànfā	to distribute, to emit, to give off
6	6701	艺人	yìrén	entertainer, performing artist
6	6706	出名	chūmíng	well-known for sth
6	6716	项链	xiàngliàn	necklace
6	6721	杰出	jiéchū	outstanding
6	6725	鼓舞	gǔwǔ	to inspire, to encourage, to hearten
6	6726	抄	chāo	to make a copy
6	6727	棍	gùn	stick, rod, truncheon
6	6729	佩服	pèifú	to admire
6	6735	树立	shùlì	to set up
6	6742	妨碍	fáng'ài	to hinder
6	6744	消耗	xiāohào	to consume, to use up
6	6746	以免	yǐmiǎn	in order to avoid
6	6747	平凡	píngfán	commonplace
6	6750	花生	huāshēng	peanut
6	6757	听话	tīnghuà	to do what one is told
6	6771	言语	yányǔ	words
6	6776	前景	qiánjǐng	foreground
6	6784	传真	chuánzhēn	to fax
6	6789	片刻	piànkè	short period of time
6	6796	隐私	yǐnsī	secrets
6	6804	庞大	pángdà	huge, enormous, tremendous
6	6810	极为	jíwéi	extremely, exceedingly
6	6816	糖果	tángguǒ	candy
6	6821	智力	zhìlì	intelligence
6	6827	液体	yètǐ	liquid
6	6830	资本	zīběn	capital
6	6835	券	quàn	bond
6	6851	误解	wùjiě	to misunderstand
6	6859	宴会	yànhuì	banquet
6	6862	书面	shūmiàn	in writing, written
6	6867	岸	àn	bank, shore, beach, coast
6	6879	有机	yǒujī	organic
6	6882	次数	cìshù	number of times
6	6892	素质	sùzhì	inner quality
6	6895	联想	liánxiǎng	to associate
6	6898	纠纷	jiūfēn	dispute
6	6898	浴室	yùshì	bathroom, shower room
6	6901	起点	qǐdiǎn	starting point
6	6902	榜样	bǎngyàng	model, example, role model
6	6904	创建	chuàngjiàn	to found, to establish
6	6906	后者	hòuzhě	the latter
6	6927	不顾	bùgù	in spite of, regardless of
6	6929	剩余	shèngyú	to remain, to be left over
6	6939	差异	chāyì	difference, discrepancy
6	6948	气味	qìwèi	odor, scent
6	6954	推测	tuīcè	speculation
6	6958	点燃	diǎnrán	to ignite
6	6960	思念	sīniàn	to think of
6	6961	刹车	shāchē	to brake
6	6962	歇	xiē	to rest
6	6967	粥	zhōu	congee
6	6978	原理	yuánlǐ	principle
6	6992	层面	céngmiàn	aspect, facet
6	6994	符号	fúhào	symbol, mark, sign
6	7003	盛	shèng	flourishing
6	7008	清晨	qīngchén	early morning
6	7015	民间	mínjiān	among the people
6	7035	占有	zhànyǒu	to have
6	7042	外来	wàilái	external
6	7057	导师	dǎoshī	tutor
6	7063	开头	kāitóu	beginning
6	7063	倾听	qīngtīng	to listen attentively
6	7069	消毒	xiāodú	to disinfect, to sterilize
6	7083	原先	yuánxiān	originally
6	7101	枕头	zhěntou	pillow
6	7107	探讨	tàntǎo	to investigate
6	7113	主导	zhǔdǎo	leading
6	7125	论坛	lùntán	forum
6	7129	力度	lìdù	strength
6	7146	拐	guǎi	to turn
6	7153	备用	bèiyòng	reserve
6	7153	型号	xínghào	model
6	7155	发放	fāfàng	to provide
6	7156	排练	páiliàn	to rehearse
6	7156	弱点	ruòdiǎn	weak point
6	7156	学员	xuéyuán	student
6	7159	专注	zhuānzhù	to focus, to concentrate
6	7160	漏洞	lòudòng	leak
6	7169	损坏	sǔnhuài	to damage
6	7172	才华	cáihuá	talent
6	7174	验证	yànzhèng	to inspect and verify
6	7177	水面	shuǐmiàn	water surface
6	7178	栏	lán	fence
6	7193	传染	chuánrǎn	to infect
6	7195	查询	cháxún	to check
6	7200	歌唱	gēchàng	to sing
6	7221	求助	qiúzhù	to request help
6	7228	蛋白质	dànbáizhì	protein
6	7240	维生素	wéishēngsù	vitamin
6	7249	进度	jìndù	rate of progress
6	7254	精致	jīngzhì	delicate, fine, exquisite, refined
6	7257	柔软	róuruǎn	soft
6	7266	值班	zhíbān	to work a shift
6	7293	运营	yùnyíng	to be in operation
6	7299	一贯	yīguàn	consistent
6	7305	保管	bǎoguǎn	to hold in safekeeping
6	7305	卡片	kǎpiàn	card
6	7305	视力	shìlì	eyesight, visual acuity
6	7322	心目	xīnmù	mind
6	7323	滑雪	huáxuě	to ski
6	7324	胃口	wèikǒu	appetite
6	7329	高尚	gāoshàng	noble
6	7335	负面	fùmiàn	negative
6	7342	珍珠	zhēnzhū	pearl
6	7348	采集	cǎijí	to gather
6	7348	辅助	fǔzhù	to assist, to aid
6	7354	生态	shēngtài	ecology
6	7357	延伸	yánshēn	to extend, to stretch, to expand
6	7365	加以	jiāyǐ	to apply, to carry out
6	7367	痒	yǎng	to itch
6	7375	设想	shèxiǎng	to imagine
6	7384	再生	zàishēng	to be reborn
6	7384	崭新	zhǎnxīn	brand new
6	7388	高峰	gāofēng	peak
6	7401	月球	yuèqiú	the moon
6	7407	老太太	lǎotàitai	elderly lady
6	7419	躲避	duǒbì	to hide
6	7419	疲劳	píláo	fatigue
6	7430	拾	shí	to pick up
6	7438	温和	wēnhé	mild
6	7441	目录	mùlù	catalog
6	7445	耽误	dānwu	to delay
6	7447	景象	jǐngxiàng	scene
6	7448	淋	lín	to sprinkle
6	7457	彩虹	cǎihóng	rainbow
6	7469	后退	hòutuì	to recoil, to draw back, to fall back
6	7489	枝	zhī	branch
6	7517	物体	wùtǐ	object, body, substance
6	7519	职员	zhíyuán	office worker
6	7527	商标	shāngbiāo	trademark
6	7530	旅途	lǚtú	journey, trip
6	7537	本能	běnnéng	instinct
6	7539	塑造	sùzào	to model, to mold
6	7554	薪水	xīnshuǐ	salary
6	7561	衡量	héngliáng	to weigh
6	7563	师父	shīfu	used for
6	7565	健全	jiànquán	robust
6	7581	先前	xiānqián	before, previously
6	7587	心爱	xīn'ài	beloved
6	7622	调动	diàodòng	to transfer
6	7639	默默	mòmò	in silence, not speaking
6	7641	辅导	fǔdǎo	to guide, to mentor, to counsel
6	7646	未必	wèibì	not necessarily
6	7652	建筑物	jiànzhùwù	building
6	7654	采购	cǎigòu	to procure
6	7656	旅程	lǚchéng	journey
6	7660	本土	běntǔ	one's native country
6	7670	阻挡	zǔdǎng	to stop
6	7676	恰当	qiàdàng	appropriate
6	7683	疑惑	yíhuò	to doubt
6	7699	监测	jiāncè	to monitor
6	7705	称号	chēnghào	name
6	7708	叉	chā	fork
6	7709	追究	zhuījiū	to investigate
6	7732	拖延	tuōyán	to delay
6	7733	文物	wénwù	cultural relic
6	7735	个体	gètǐ	an individual
6	7736	墙壁	qiángbì	wall
6	7738	开关	kāiguān	power switch
6	7743	昂贵	ángguì	expensive
6	7743	仍旧	réngjiù	still
6	7745	圆满	yuánmǎn	satisfactory, consummate, perfect
6	7746	古典	gǔdiǎn	classical
6	7757	大方	dàfang	generous
6	7784	启发	qǐfā	to enlighten
6	7796	壶	hú	pot
6	7820	步骤	bùzhòu	procedure
6	7820	订单	dìngdān	order
6	7829	远程	yuǎnchéng	remote
6	7832	选拔	xuǎnbá	to select the best
6	7842	人事	rénshì	personnel
6	7843	当今	dāngjīn	the present time
6	7847	可行	kěxíng	feasible
6	7876	恰好	qiàhǎo	as it turns out
6	7898	进化	jìnhuà	to evolve, evolution
6	7905	出示	chūshì	to show
6	7906	洪水	hóngshuǐ	deluge, flood
6	7917	风光	fēngguāng	scene
6	7920	为难	wéinán	to feel embarrassed or awkward
6	7933	改编	gǎibiān	to adapt
6	7936	吸取	xīqǔ	to absorb
6	7950	心愿	xīnyuàn	cherished desire
6	7954	股市	gǔshì	stock market
6	7960	至关重要	zhìguānzhòngyào	extremely important
6	7964	充实	chōngshí	rich
6	7967	识	shí	to know
6	7978	往后	wǎnghòu	from now on
6	7980	处处	chùchù	everywhere
6	7982	不至于	bùzhìyú	unlikely to go so far as to
6	7983	同类	tónglèi	similar
6	8000	醋	cù	vinegar
6	8004	身心	shēnxīn	body and mind
6	8011	夸	kuā	to boast, to exaggerate
6	8013	干燥	gānzào	dry, arid
6	8021	不禁	bùjīn	can't help
6	8030	嗓子	sǎngzi	throat
6	8033	使劲	shǐjìn	to exert all one's strength
6	8039	支出	zhīchū	to spend, to pay out
6	8049	中奖	zhòngjiǎng	to win a prize
6	8059	诗歌	shīgē	poem
6	8059	征求	zhēngqiú	to solicit
6	8061	全程	quánchéng	the whole distance
6	8061	认知	rènzhī	cognition
6	8079	周期	zhōuqī	period
6	8092	坡	pō	slope
6	8094	氛围	fēnwéi	ambience, atmosphere
6	8095	求婚	qiúhūn	to propose marriage
6	8119	信赖	xìnlài	to trust
6	8137	口号	kǒuhào	slogan
6	8143	拆除	chāichú	to tear down
6	8143	蜜蜂	mìfēng	bee
6	8156	品尝	pǐncháng	to have a taste of, to sample
6	8179	一模一样	yīmúyīyàng	exactly alike, identical
6	8197	煤	méi	coal
6	8208	收取	shōuqǔ	to receive
6	8212	强化	qiánghuà	to strengthen
6	8213	借助	jièzhù	to draw support from
6	8215	形态	xíngtài	shape
6	8232	夺取	duóqǔ	to seize
6	8242	不曾	bùcéng	hasn't yet, hasn't ever
6	8249	摄像	shèxiàng	to videotape
6	8271	间接	jiànjiē	indirect
6	8282	运送	yùnsòng	to transport
6	8288	打仗	dǎzhàng	to fight a battle
6	8288	特地	tèdì	specially
6	8294	强壮	qiángzhuàng	strong
6	8296	出入	chūrù	to go out and come in
6	8298	区分	qūfēn	to differentiate
6	8300	报社	bàoshè	newspaper
6	8302	筹备	chóubèi	preparations
6	8314	结尾	jiéwěi	ending
6	8324	题材	tícái	subject matter
6	8338	通用	tōngyòng	to use anywhere, anytime
6	8342	钓鱼	diàoyú	to fish, to angle
6	8352	迫切	pòqiè	urgent, pressing
6	8359	打交道	dǎjiāodào	to come into contact with
6	8368	兼职	jiānzhí	to hold concurrent posts
6	8369	大致	dàzhì	more or less, roughly, approximately
6	8383	当代	dāngdài	the present age
6	8390	捕	bǔ	to catch, to seize, to capture
6	8391	好感	hǎogǎn	good opinion
6	8392	搜集	sōují	to gather, to collect
6	8426	大臣	dàchén	chancellor
6	8427	配备	pèibèi	to allocate
6	8428	难免	nánmiǎn	hard to avoid
6	8438	泼	pō	to splash
6	8447	招待	zhāodài	to hold a reception
6	8457	性能	xìngnéng	function, performance, behavior
6	8462	过渡	guòdù	to cross over
6	8489	关怀	guānhuái	care
6	8521	入选	rùxuǎn	to be included among those selected for
6	8534	密度	mìdù	density, concentration
6	8539	发光	fāguāng	to emit light, to shine, to glow
6	8541	流通	liútōng	to circulate, to distribute
6	8547	不时	bùshí	from time to time
6	8548	主流	zhǔliú	main stream
6	8559	陪同	péitóng	to accompany
6	8559	向往	xiàngwǎng	to yearn for
6	8569	一身	yīshēn	whole body
6	8572	中等	zhōngděng	medium
6	8579	拥挤	yōngjǐ	crowded
6	8613	一道	yīdào	together
6	8624	反馈	fǎnkuì	to send back information
6	8649	精美	jīngměi	exquisite, elegant, fine
6	8651	挫折	cuòzhé	setback
6	8658	储存	chǔcún	stockpile
6	8673	正规	zhèngguī	regular
6	8678	储蓄	chǔxù	to save money
6	8683	事后	shìhòu	after the event
6	8694	看重	kànzhòng	to regard as important, to value
6	8720	往来	wǎnglái	dealings
6	8721	后代	hòudài	descendant, progeny
6	8723	制品	zhìpǐn	products
6	8734	来往	láiwǎng	to come and go
6	8740	未成年人	wèichéngniánrén	minor
6	8741	关爱	guān'ài	to show concern and care for
6	8741	特性	tèxìng	property
6	8743	草原	cǎoyuán	grassland
6	8756	内涵	nèihán	meaningful content
6	8756	灾	zāi	disaster, calamity
6	8759	凡是	fánshì	each and every, every, all, any
6	8773	起初	qǐchū	originally, at first, at the outset
6	8774	小麦	xiǎomài	wheat
6	8778	氧气	yǎngqì	oxygen
6	8782	保健	bǎojiàn	health protection
6	8792	弹性	tánxìng	flexibility
6	8802	转动	zhuàndòng	to rotate
6	8806	富裕	fùyù	prosperous, well-to-do, well-off
6	8807	脆	cuì	brittle
6	8810	日益	rìyì	day by day
6	8828	株	zhū	tree trunk
6	8841	不适	bùshì	unwell
6	8844	野生	yěshēng	wild
6	8852	概率	gàilǜ	probability
6	8861	残疾	cánjí	disabled
6	8863	补贴	bǔtiē	to subsidize
6	8886	落地	luòdì	to fall to the ground
6	8893	体操	tǐcāo	gymnastic
6	8910	肥胖	féipàng	fat, obese
6	8935	持久	chíjiǔ	lasting
6	8940	称作	chēngzuò	to be called, to be known as
6	8942	台风	táifēng	stage presence, poise
6	8961	承办	chéngbàn	to undertake
6	8983	融化	rónghuà	to melt
6	8984	款式	kuǎnshì	pattern
6	8987	流程	liúchéng	course
6	8987	巧妙	qiǎomiào	ingenious, clever
6	9005	书籍	shūjí	books
6	9009	上述	shàngshù	aforementioned
6	9019	碰撞	pèngzhuàng	to collide
6	9024	录制	lùzhì	to record
6	9035	鲨鱼	shāyú	shark
6	9041	访谈	fǎngtán	to visit and discuss
6	9058	土壤	tǔrǎng	soil
6	9062	污水	wūshuǐ	sewage
6	9070	眉毛	méimao	eyebrow
6	9082	扩展	kuòzhǎn	to extend
6	9101	痛快	tòngkuài	delighted
6	9104	繁殖	fánzhí	to breed
6	9105	加重	jiāzhòng	to make heavier
6	9120	被动	bèidòng	passive
6	9152	当面	dāngmiàn	to sb's face
6	9160	眼看	yǎnkàn	soon
6	9165	课题	kètí	task
6	9172	犹如	yóurú	similar to, like
6	9185	饥饿	jī'è	hunger
6	9191	竖	shù	to erect
6	9217	实质	shízhì	substance
6	9224	人为	rénwéi	artificial
6	9246	描写	miáoxiě	to describe, to depict, to portray
6	9253	添加	tiānjiā	to add, to increase
6	9297	要点	yàodiǎn	main point
6	9317	截止	jiézhǐ	to end, to close
6	9341	发病	fābìng	to occur
6	9342	匆匆	cōngcōng	hurriedly
6	9360	高等	gāoděng	high-level
6	9363	当下	dāngxià	immediately
6	9367	描绘	miáohuì	to describe, to depict, to portray
6	9386	观光	guānguāng	to tour
6	9397	舅舅	jiùjiu	mother's brother
6	9398	时速	shísù	speed per hour
6	9427	归还	guīhuán	to return sth
6	9446	相连	xiānglián	to link
6	9451	限于	xiànyú	to be limited to
6	9463	公益	gōngyì	public good, public welfare
6	9468	乐器	yuèqì	musical instrument
6	9483	事项	shìxiàng	matter
6	9485	天然气	tiānránqì	natural gas
6	9507	赞赏	zànshǎng	to admire
6	9527	解读	jiědú	to decipher
6	9535	棕色	zōngsè	brown
6	9540	对应	duìyìng	to correspond, to be equivalent to
6	9553	明亮	míngliàng	bright
6	9572	通风	tōngfēng	airy
6	9573	奔跑	bēnpǎo	to run
6	9578	减弱	jiǎnruò	to weaken, to diminish
6	9589	绘画	huìhuà	to draw, to paint
6	9597	后期	hòuqī	late stage
6	9599	棒球	bàngqiú	baseball
6	9604	议论	yìlùn	to comment
6	9608	方位	fāngwèi	direction
6	9618	衰老	shuāilǎo	to age
6	9621	理财	lǐcái	to manage wealth, to manage finances
6	9629	上当	shàngdàng	taken in
6	9637	筛选	shāixuǎn	to filter
6	9640	桥梁	qiáoliáng	bridge
6	9642	手势	shǒushì	gesture, sign, signal
6	9677	观赏	guānshǎng	to look at sth with pleasure, to watch
6	9679	重心	zhòngxīn	focus, emphasis, priority
6	9699	开创	kāichuàng	to initiate, to start, to found
6	9707	谦虚	qiānxū	modest
6	9722	源于	yuányú	has its origins in
6	9723	启示	qǐshì	to reveal
6	9731	构造	gòuzào	structure
6	9776	国旗	guóqí	flag
6	9779	漂	piāo	to float
6	9792	剧烈	jùliè	violent, acute, severe, fierce
6	9803	水库	shuǐkù	reservoir
6	9841	成千上万	chéngqiānshàngwàn	by the thousands and tens of thousands
6	9848	发票	fāpiào	invoice, receipt, bill
6	9856	巩固	gǒnggù	to consolidate, to strengthen
6	9883	艰辛	jiānxīn	hardships
6	9885	广阔	guǎngkuò	wide
6	9897	保暖	bǎonuǎn	to keep warm
6	9931	祝愿	zhùyuàn	to wish
6	9934	大吃一惊	dàchīyījīng	astounded, flabbergasted, taken aback
6	9937	叙述	xùshù	to relate
6	9938	山顶	shāndǐng	hilltop
6	9945	过时	guòshí	old-fashioned
6	9950	路程	lùchéng	route
6	9959	引入	yǐnrù	to draw into
6	9971	成效	chéngxiào	effect
6	9992	众所周知	zhòngsuǒzhōuzhī	as everyone knows
6	9997	顽强	wánqiáng	tenacious
6	10002	传染病	chuánrǎnbìng	infectious disease, contagious disease
6	10025	匆忙	cōngmáng	hasty
6	10026	要素	yàosù	essential factor
6	10032	转让	zhuǎnràng	to transfer
6	10054	不成	bùchéng	won't do
6	10081	景观	jǐngguān	landscape
6	10092	淹没	yānmò	to submerge
6	10100	背心	bèixīn	sleeveless garment
6	10127	一再	yīzài	repeatedly
6	10131	白白	báibái	in vain
6	10150	野外	yěwài	countryside
6	10156	培育	péiyù	to train
6	10174	弯曲	wānqū	to bend
6	10181	亲属	qīnshǔ	kin
6	10184	发电	fādiàn	to generate electricity
6	10196	创办	chuàngbàn	to establish, to found
6	10206	齐全	qíquán	complete
6	10215	太阳能	tàiyángnéng	solar energy
6	10239	远方	yuǎnfāng	far away
6	10248	名额	míng'é	quota
6	10261	解答	jiědá	to solve
6	10262	轮椅	lúnyǐ	wheelchair
6	10263	求救	qiújiù	to seek help
6	10301	灰尘	huīchén	dust
6	10303	盼望	pànwàng	to hope for, to look forward to
6	10311	输出	shūchū	to output, to deliver
6	10320	轮流	lúnliú	to alternate, to take turns
6	10344	鲜明	xiānmíng	bright, fresh and clear
6	10368	诸多	zhūduō	a good deal, a lot of
6	10374	木材	mùcái	wood
6	10375	闻名	wénmíng	well-known
6	10384	切实	qièshí	feasible
6	10419	结实	jiēshi	rugged
6	10424	古人	gǔrén	people of ancient times
6	10437	船只	chuánzhī	ship
6	10472	配套	pèitào	to form a complete set
6	10481	前期	qiánqī	preceding period
6	10488	还原	huányuán	to restore to the original state
6	10510	延期	yánqī	to delay
6	10511	不宜	bùyí	not suitable
6	10512	垂直	chuízhí	perpendicular, vertical
6	10519	出境	chūjìng	to leave a country or region
6	10575	治理	zhìlǐ	to govern
6	10577	姑姑	gūgu	paternal aunt
6	10579	幅度	fúdù	width
6	10582	暖气	nuǎnqì	central heating
6	10593	悲观	bēiguān	pessimistic
6	10602	评选	píngxuǎn	to select on the basis of a vote or
6	10605	率领	shuàilǐng	to lead
6	10611	创立	chuànglì	to establish, to set up, to found
6	10615	自助	zìzhù	self-service
6	10617	祖先	zǔxiān	ancestors, forebears
6	10626	委屈	wěiqu	wronged, aggrieved
6	10629	特长	tècháng	personal strength
6	10648	薄弱	bóruò	weak, frail
6	10648	主办	zhǔbàn	to organize
6	10650	公认	gōngrèn	publicly known
6	10675	开设	kāishè	to offer
6	10677	百分点	bǎifēndiǎn	percentage point
6	10707	专题	zhuāntí	specific topic
6	10715	用餐	yòngcān	to eat a meal
6	10723	工夫	gōngfu	period of time
6	10726	看似	kànsì	to look as if, to seem
6	10729	生成	shēngchéng	to generate, to produce, to form
6	10742	繁忙	fánmáng	busy
6	10745	订婚	dìnghūn	to get engaged
6	10748	习俗	xísú	custom
6	10780	金子	jīnzi	gold
6	10813	口腔	kǒuqiāng	oral cavity
6	10838	寿命	shòumìng	life span
6	10875	划分	huàfēn	to divide up
6	10883	体积	tǐjī	volume
6	10905	地域	dìyù	area
6	10916	热点	rèdiǎn	hot spot
6	10935	人行道	rénxíngdào	sidewalk
6	10949	周到	zhōudào	thoughtful
6	10963	摆放	bǎifàng	to set up, to arrange, to lay out
6	10968	精通	jīngtōng	to be proficient in
6	10986	看中	kànzhòng	to have a preference for
6	11026	自来水	zìláishuǐ	running water, tap water
6	11043	地形	dìxíng	topography
6	11083	细致	xìzhì	delicate
6	11087	畅销	chàngxiāo	to sell well
6	11088	名气	míngqì	reputation; fame
6	11095	适宜	shìyí	suitable
6	11131	养老	yǎnglǎo	to provide for the elderly
6	11134	百货	bǎihuò	general merchandise
6	11193	比方	bǐfang	analogy, illustrative example
6	11207	路面	lùmiàn	road surface
6	11218	局限	júxiàn	to limit
6	11281	酱油	jiàngyóu	soy sauce
6	11308	青春期	qīngchūnqī	puberty
6	11363	面粉	miànfěn	flour
6	11376	快捷	kuàijié	quick
6	11378	空地	kòngdì	vacant land
6	11394	压缩	yāsuō	to compress, compression
6	11436	财物	cáiwù	property
6	11452	考古	kǎogǔ	archaeology
6	11462	限度	xiàndù	limit
6	11475	姨	yí	mother's sister
6	11477	排放	páifàng	to arrange in order
6	11481	白领	báilǐng	white-collar
6	11501	滑冰	huábīng	to skate
6	11504	密集	mìjí	concentrated
6	11527	交际	jiāojì	communication
6	11544	仰	yǎng	to face upward
6	11551	字幕	zìmù	subtitles, captions
6	11554	亚军	yàjūn	second place
6	11560	徒弟	túdì	apprentice
6	11601	前者	qiánzhě	the former
6	11618	号召	hàozhào	to call
6	11622	间隔	jiàngé	gap
6	11649	感想	gǎnxiǎng	impressions
6	11650	入境	rùjìng	to enter a country
6	11661	照明	zhàomíng	lighting
6	11668	地质	dìzhì	geology
6	11680	相差	xiāngchà	to differ
6	11708	账单	zhàngdān	bill
6	11712	短缺	duǎnquē	shortage
6	11719	菊花	júhuā	chrysanthemum
6	11723	书写	shūxiě	to write
6	11743	大都	dàdū	for the most part
6	11770	文献	wénxiàn	reference material
6	11773	夸奖	kuājiǎng	to praise
6	11792	盲人	mángrén	blind person
6	11797	潮湿	cháoshī	damp
6	11822	讲解	jiǎngjiě	to explain
6	11832	容量	róngliàng	capacity
6	11845	编写	biānxiě	to compile
6	11857	香肠	xiāngcháng	sausage
6	11863	抽奖	chōujiǎng	to draw a prize
6	11871	认错	rèncuò	to admit an error
6	11883	传授	chuánshòu	to impart, to pass on, to teach
6	11892	伤员	shāngyuán	wounded person
6	11945	均匀	jūnyún	even
6	11950	起源	qǐyuán	origin
6	11966	火柴	huǒchái	match
6	11967	倒闭	dǎobì	to go bankrupt
6	11999	耳环	ěrhuán	earring
6	11999	坚固	jiāngù	firm
6	12036	兴起	xīngqǐ	to rise
6	12047	为期	wéiqī	by
6	12071	多亏	duōkuī	thanks to
6	12143	用处	yòngchu	usefulness
6	12160	海域	hǎiyù	sea area
6	12191	输送	shūsòng	to transport, to convey, to deliver
6	12192	功效	gōngxiào	efficacy
6	12208	口头	kǒutóu	oral
6	12245	就读	jiùdú	to go to school
6	12276	勇于	yǒngyú	to dare to
6	12281	日夜	rìyè	day and night
6	12288	反思	fǎnsī	to think back over sth
6	12308	麦克风	màikèfēng	microphone
6	12319	公元	gōngyuán	CE
6	12321	流量	liúliàng	flow rate, throughput of passengers
6	12339	厂商	chǎngshāng	manufacturer
6	12340	高原	gāoyuán	plateau
6	12344	套餐	tàocān	set meal
6	12345	图表	túbiǎo	chart
6	12382	考核	kǎohé	to examine
6	12389	食欲	shíyù	appetite
6	12392	风雨	fēngyǔ	wind and rain
6	12404	瓷器	cíqì	chinaware
6	12451	日后	rìhòu	sometime
6	12452	严禁	yánjìn	to strictly prohibit
6	12496	劳动力	láodònglì	labor force
6	12568	抽象	chōuxiàng	abstract
6	12604	采纳	cǎinà	to accept
6	12623	分工	fēngōng	to divide up the work
6	12655	率先	shuàixiān	to take the lead
6	12690	历经	lìjīng	to experience, to go through
6	12725	对立	duìlì	to oppose
6	12729	科幻	kēhuàn	science fiction
6	12737	厂家	chǎngjiā	factory, manufacturer
6	12755	跳水	tiàoshuǐ	to dive
6	12757	推行	tuīxíng	to implement, to carry out, to introduce
6	12761	话筒	huàtǒng	microphone
6	12772	钟头	zhōngtóu	hour
6	12794	台球	táiqiú	billiards
6	12798	互助	hùzhù	to help each other
6	12806	丰收	fēngshōu	to reap a bumper harvest
6	12862	田径	tiánjìng	track and field
6	12898	趣味	qùwèi	fun, interest, delight
6	12915	枯燥	kūzào	dry and dull, uninteresting, tedious
6	12917	解说	jiěshuō	to explain, to give a running commentary
6	12928	一口气	yīkǒuqì	one breath
6	12942	方言	fāngyán	topolect
6	12943	确立	quèlì	to establish
6	12994	单调	dāndiào	monotonous
6	13011	淹	yān	to flood
6	13012	优异	yōuyì	exceptional, outstandingly good
6	13013	媳妇	xífù	daughter-in-law
6	13047	北极	běijí	the North Pole
6	13075	博览会	bólǎnhuì	an exposition, an international fair
6	13080	儿科	érkē	pediatrics
6	13083	变质	biànzhì	to degenerate, to deteriorate
6	13098	贵重	guìzhòng	precious
6	13115	动听	dòngtīng	pleasant to listen to
6	13139	二氧化碳	èryǎnghuàtàn	carbon dioxide CO2
6	13165	急切	jíqiè	eager
6	13208	长寿	chángshòu	longevity
6	13231	脚印	jiǎoyìn	footprint
6	13234	流入	liúrù	to flow into, inflow
6	13236	小气	xiǎoqì	stingy
6	13237	接连	jiēlián	on end
6	13257	进而	jìn'ér	and then, and thereby, and in turn
6	13261	简化	jiǎnhuà	to simplify
6	13265	诚信	chéngxìn	honesty, trustworthiness, good faith
6	13271	可口	kěkǒu	tasty, to taste good
6	13301	再三	zàisān	over and over again
6	13307	海面	hǎimiàn	the surface of the sea, ocean surface
6	13336	不耐烦	bùnàifán	impatient
6	13348	奖牌	jiǎngpái	medal
6	13429	平方	píngfāng	square
6	13457	噪声	zàoshēng	noise
6	13488	余额	yú'é	balance
6	13525	海拔	hǎibá	height above sea level
6	13531	跟前	gēnqián	the front
6	13534	自言自语	zìyánzìyǔ	to talk to oneself, to think aloud
6	13550	山坡	shānpō	hillside
6	13620	只顾	zhǐgù	to focus solely on
6	13624	灾害	zāihài	calamity
6	13625	夏令营	xiàlìngyíng	summer camp
6	13635	干旱	gānhàn	drought
6	13764	定价	dìngjià	to set a price
6	13790	坚硬	jiānyìng	hard
6	13792	内科	nèikē	internal medicine, general medicine
6	13822	技艺	jìyì	skill
6	13834	专科	zhuānkē	specialized subject
6	13887	文艺	wényì	literature and art
6	13897	一律	yīlǜ	same, identical
6	13912	对称	duìchèn	symmetry
6	13943	顿时	dùnshí	immediately, suddenly
6	13949	畅通	chàngtōng	unobstructed, unimpeded, free-flowing
6	13952	截至	jiézhì	up to
6	13957	公安	gōng'ān	Public Security
6	14010	科目	kēmù	academic subject
6	14033	高超	gāochāo	excellent
6	14045	招生	zhāoshēng	to enroll new students
6	14143	出游	chūyóu	to go on a tour
6	14175	心疼	xīnténg	to love dearly
6	14236	加剧	jiājù	to intensify
6	14240	适度	shìdù	moderately
6	14245	长辈	zhǎngbèi	one's elders
6	14319	定时	dìngshí	to fix a time
6	14321	减压	jiǎnyā	to reduce pressure
6	14333	附件	fùjiàn	appendix
6	14429	化石	huàshí	fossil
6	14461	入门	rùmén	entrance door
6	14473	淘气	táoqì	naughty
6	14513	飞速	fēisù	swift
6	14562	贴近	tiējìn	to press close to
6	14592	踏实	tāshi	firmly-based
6	14605	学问	xuéwèn	learning, knowledge, scholarship
6	14629	大伙儿	dàhuǒr	everyone, all of us, all of you
6	14630	晾	liàng	to dry in the air
6	14655	简介	jiǎnjiè	summary
6	14732	炎症	yánzhèng	inflammation
6	14771	与其	yǔqí	rather than
6	14780	借鉴	jièjiàn	to draw on
6	14787	亏损	kuīsǔn	deficit
6	14826	炎热	yánrè	blistering hot
6	14853	后人	hòurén	later generation
6	14866	转交	zhuǎnjiāo	to pass on to sb
6	14891	遗址	yízhǐ	ruins
6	14903	其间	qíjiān	in between
6	14926	固体	gùtǐ	solid
6	14970	新款	xīnkuǎn	new style
6	14977	内外	nèiwài	inside and outside
6	15046	房价	fángjià	house price
6	15096	播种	bōzhòng	to grow from seed
6	15101	鲜艳	xiānyàn	bright-colored, gaily-colored
6	15103	报刊	bàokān	newspapers and periodicals
6	15152	看不起	kànbuqǐ	to look down upon
6	15186	修订	xiūdìng	to revise
6	15211	招手	zhāoshǒu	to wave
6	15228	只得	zhǐdé	to have no alternative but to
6	15241	优化	yōuhuà	to optimize
6	15246	庄稼	zhuāngjia	farm crop
6	15260	新颖	xīnyǐng	lit. new bud
6	15271	传承	chuánchéng	to pass on
6	15310	多媒体	duōméitǐ	multimedia
6	15322	稿子	gǎozi	draft of a document
6	15393	象棋	xiàngqí	Chinese chess
6	15404	奶粉	nǎifěn	powdered milk
6	15483	晴朗	qínglǎng	sunny and cloudless
6	15530	轮子	lúnzi	wheel
6	15533	空闲	kòngxián	leisure, spare time
6	15592	岁数	suìshu	age
6	15596	郊外	jiāowài	outskirts
6	15617	湿度	shīdù	humidity level
6	15676	往年	wǎngnián	in former years, in previous years
6	15697	节能	jiénéng	to conserve energy
6	15719	便捷	biànjié	convenient and fast
6	15777	勤劳	qínláo	hardworking, industrious, diligent
6	15789	中旬	zhōngxún	middle third of a month
6	15824	用人	yòngrén	servant
6	15978	口感	kǒugǎn	mouthfeel, texture
6	15989	念书	niànshū	to read, to study
6	16009	招收	zhāoshōu	to hire
6	16024	理科	lǐkē	the sciences
6	16042	胶带	jiāodài	adhesive tape
6	16119	平方米	píngfāngmǐ	square meter
6	16163	类别	lèibié	classification
6	16229	涌现	yǒngxiàn	to emerge in large numbers
6	16288	联网	liánwǎng	to connect to a network, to network
6	16300	客车	kèchē	coach
6	16364	团圆	tuányuán	to have a reunion
6	16454	棋子	qízǐ	chess piece
6	16584	吉祥	jíxiáng	lucky
6	16584	求职	qiúzhí	to seek employment
6	16670	发愁	fāchóu	to worry
6	16676	散文	sǎnwén	prose
6	16761	相声	xiàngsheng	comic dialogue
6	16787	朴素	pǔsù	plain and simple
6	16796	国歌	guógē	national anthem
6	16831	倒车	dàochē	to reverse
6	16888	防治	fángzhì	to prevent and cure
6	16936	风力	fēnglì	wind force
6	16970	乐曲	yuèqǔ	musical composition
6	16993	片面	piànmiàn	unilateral
6	17042	清淡	qīngdàn	light
6	17047	酒水	jiǔshuǐ	alcoholic and non-alcoholic beverages
6	17047	新兴	xīnxīng	rising
6	17051	灯笼	dēnglóng	lantern
6	17067	发炎	fāyán	to become inflamed
6	17077	饮用水	yǐnyòngshuǐ	drinking water, potable water
6	17158	年终	niánzhōng	end of the year
6	17166	汇款	huìkuǎn	to remit money
6	17202	农产品	nóngchǎnpǐn	agricultural produce
6	17421	实惠	shíhuì	tangible benefit
6	17543	轮船	lúnchuán	steamship, steamer, steamboat
6	17562	一帆风顺	yīfānfēngshùn	propitious wind throughout the journey
6	17606	经商	jīngshāng	to trade
6	17664	浓厚	nónghòu	dense
6	17703	钢笔	gāngbǐ	fountain pen
6	17875	国产	guóchǎn	domestically produced
6	18075	热水器	rèshuǐqì	water heater
6	18186	常年	chángnián	all year round
6	18234	山峰	shānfēng	peak
6	18245	方方面面	fāngfāngmiànmiàn	all sides, all aspects
6	18403	益处	yìchu	benefit
6	18471	下功夫	xiàgōngfu	to put in time and energy
6	18474	民歌	míngē	folk song
6	18488	天文	tiānwén	astronomy
6	18500	科普	kēpǔ	popularization of science
6	18517	朗读	lǎngdú	to read aloud
6	18679	遍地	biàndì	everywhere
6	18747	少儿	shào'ér	child
6	18760	路况	lùkuàng	road condition
6	18763	机动车	jīdòngchē	motor vehicle
6	18820	颈椎	jǐngzhuī	cervical vertebra
6	18996	原材料	yuáncáiliào	raw and semifinished materials
6	19095	胶水	jiāoshuǐ	glue
6	19141	从业	cóngyè	to practice
6	19231	用功	yònggōng	diligent
6	19332	审美	shěnměi	esthetics
6	19345	总计	zǒngjì	total
6	19357	宏大	hóngdà	great, grand
6	19358	共计	gòngjì	to sum up to
6	19695	梅花	méihuā	plum blossom
6	19734	园林	yuánlín	gardens, park, landscape garden
6	19748	近视	jìnshì	myopic, nearsighted
6	19793	美观	měiguān	pleasing to the eye
6	19915	灾区	zāiqū	disaster area, stricken region
6	20158	启事	qǐshì	announcement
6	20190	马虎	mǎhu	careless
6	20226	音节	yīnjié	syllable
6	20495	有序	yǒuxù	regular
6	20539	相等	xiāngděng	equal
6	20691	比重	bǐzhòng	proportion
6	20703	受灾	shòuzāi	disaster-stricken
6	20767	灰心	huīxīn	to lose heart
6	20794	人均	rénjūn	per capita, averaged per person
6	21000	拐弯	guǎiwān	to go round a curve
6	21103	银牌	yínpái	silver medal
6	21201	养老院	yǎnglǎoyuàn	nursing home
6	21390	严寒	yánhán	bitter cold
6	21766	古迹	gǔjì	place of historic interest
6	21871	托运	tuōyùn	to consign
6	21905	难点	nándiǎn	difficulty
6	21983	产地	chǎndì	source
6	22013	补习	bǔxí	to take extra lessons in a cram school
6	22205	国宝	guóbǎo	national treasure
6	22210	研讨	yántǎo	discussion
6	22338	两岸	liǎng'àn	bilateral
6	22453	补课	bǔkè	to make up missed lesson
6	22465	保修	bǎoxiū	to promise to keep sth in good repair
6	22506	喜事	xǐshì	happy occasion
6	22555	晕车	yùnchē	to be carsick
6	22586	日前	rìqián	the other day
6	22657	相传	xiāngchuán	to pass on
6	22702	由来	yóulái	origin
6	22744	母语	mǔyǔ	native language
6	22887	楼道	lóudào	corridor
6	22891	绿化	lǜhuà	to make green with plants
6	22940	长短	chángduǎn	length
6	22943	稿件	gǎojiàn	piece of writing submitted for
6	23243	声调	shēngdiào	tone
6	23321	参展	cānzhǎn	to exhibit at or take part in a trade
6	23449	毫米	háomǐ	millimeter
6	23508	家常	jiācháng	the daily life of a family
6	23584	人工智能	réngōngzhìnéng	artificial intelligence
6	23878	国情	guóqíng	the characteristics and circumstances
6	24111	文具	wénjù	stationery
6	24178	铜牌	tóngpái	bronze medal
6	24358	民俗	mínsú	popular custom
6	24609	成语	chéngyǔ	Chinese set expression
6	24973	一系列	yīxìliè	a series of
6	24983	文科	wénkē	liberal arts
6	25376	不料	bùliào	unexpectedly
6	25577	救灾	jiùzāi	to relieve disaster
6	25696	沿海	yánhǎi	coastal
6	25711	升学	shēngxué	to enter the next grade school
6	26057	下旬	xiàxún	last third of the month
6	26098	游人	yóurén	a tourist
6	26487	粘贴	zhāntiē	to stick
6	26869	炒股	chǎogǔ	to speculate in stocks
6	26967	粽子	zòngzi	glutinous rice and choice of filling
6	26976	选修	xuǎnxiū	to take as an elective
6	27507	毫升	háoshēng	milliliter
6	27804	季军	jìjūn	third in a race
6	27863	场馆	chǎngguǎn	sporting venue
6	28240	肥沃	féiwò	fertile
6	28360	打雷	dǎléi	to rumble with thunder
6	28557	好客	hàokè	hospitality
6	28753	赶忙	gǎnmáng	to hurry
6	28853	浏览器	liúlǎnqì	browser
6	28932	拜年	bàinián	to pay a New Year call
6	29081	水稻	shuǐdào	rice
6	29610	模特儿	mótèr	model
6	29771	名胜	míngshèng	a place famous for its scenery or
6	30322	好容易	hǎoróngyì	with great difficulty
6	30562	工序	gōngxù	working procedure
6	32835	旱灾	hànzāi	drought
6	33124	千家万户	qiānjiāwànhù	every family
6	33525	常温	chángwēn	room temperature
6	33998	朝代	cháodài	dynasty
6	34377	家家户户	jiājiāhùhù	each and every family
6	36865	高新技术	gāoxīnjìshù	high tech
6	37036	羽绒服	yǔróngfú	down jacket, down coat
6	38411	衣食住行	yīshízhùxíng	clothing, food
6	39363	必修	bìxiū	required
6	40081	上旬	shàngxún	first third of a month
6	42625	看得起	kàndeqǐ	to show respect for
6	46627	戏曲	xìqǔ	Chinese opera
6	48536	海内外	hǎinèiwài	domestic and international
6	49030	多元	duōyuán	poly-
6	49415	好学	hàoxué	eager to study
6	49606	汤圆	tāngyuán	boiled or deep-fried balls of glutinous
6	50440	初等	chūděng	elementary
6	88712	电饭锅	diànfànguō	electric rice cooker
6	147151	小偷儿	xiǎotōur5	Thief
6	1000000	低碳	dītàn	low-carbon, low-carb
6	1000000	薯片	shǔpiàn	fried potato chips
6	1000000	性价比	xìngjiàbǐ	cost-performance ratio
7	949	非	fēi	to not be, not
7	967	报	bào	to report, to inform, to announce
7	999	应	yīng	to agree
7	1108	犯罪	fànzuì	to commit a crime
7	1181	赛	sài	to compete
7	1228	同志	tóngzhì	comrade
7	1349	若	ruò	to seem
7	1377	而已	éryǐ	that's all
7	1391	文	wén	language
7	1410	经	jīng	classics
7	1448	疯	fēng	insane
7	1498	鬼	guǐ	disembodied spirit, ghost, devil
7	1528	即	jí	namely
7	1556	唯	wéi	only
7	1558	丝	sī	silk
7	1616	所谓	suǒwèi	what is meant by the expression ...
7	1617	案件	ànjiàn	case
7	1623	恐怖	kǒngbù	terrible
7	1659	委员会	wěiyuánhuì	committee, commission
7	1675	舞	wǔ	to dance
7	1714	钟	zhōng	a bell
7	1720	股	gǔ	thigh
7	1757	家伙	jiāhuo	household dish, implement or furniture
7	1943	任	rèn	to assign
7	1984	袭击	xíjī	attack
7	2026	灵	líng	quick
7	2037	砸	zá	to smash
7	2038	许	xǔ	to allow
7	2047	党	dǎng	party
7	2107	狂	kuáng	mad
7	2131	娘	niáng	mother
7	2144	且	qiě	and
7	2157	性感	xìnggǎn	sex appeal
7	2193	铁	tiě	iron
7	2196	注	zhù	to pour into, to flow into, to inject
7	2263	爽	shuǎng	bright
7	2274	供	gōng	to provide, to supply
7	2298	探	tàn	to explore
7	2329	法庭	fǎtíng	court of law
7	2339	联盟	liánméng	alliance
7	2382	进攻	jìngōng	to attack
7	2403	并非	bìngfēi	really isn't
7	2403	非法	fēifǎ	illegal
7	2403	负	fù	to bear
7	2464	盯	dīng	to watch attentively
7	2483	尸体	shītǐ	corpse, dead body
7	2512	设	shè	to set up, to put in place
7	2533	托	tuō	to hold up in one's hand
7	2535	一面	yīmiàn	one side
7	2539	拨	bō	to push aside with the hand, foot
7	2560	军事	jūnshì	military affairs, military
7	2562	杆	gān	pole, shaft
7	2568	粉丝	fěnsī	bean vermicelli
7	2572	所在	suǒzài	place
7	2579	灵魂	línghún	soul
7	2591	枚	méi	stick used as a gag to prevent soldiers
7	2597	绝	jué	to cut short
7	2605	勒	lēi	to strap tightly
7	2618	素	sù	raw silk
7	2672	家族	jiāzú	family
7	2710	单身	dānshēn	unmarried, single
7	2732	哼	hēng	to groan
7	2734	真心	zhēnxīn	wholeheartedness, sincerity
7	2773	剂	jì	a compound made by mixing ingredients
7	2797	吻	wěn	kiss
7	2798	主义	zhǔyì	-ism
7	2813	声明	shēngmíng	to state
7	2833	码	mǎ	agate
7	2886	情报	qíngbào	information, intelligence
7	2899	尿	niào	to urinate
7	2909	护	hù	to protect
7	2911	眼神	yǎnshén	expression or emotion showing in one's
7	2925	计	jì	to calculate
7	2931	精	jīng	essence
7	2932	毁	huǐ	to destroy, to ruin
7	2960	斗	dòu	to fight
7	2973	战士	zhànshì	fighter
7	2991	装置	zhuāngzhì	to install
7	2992	赌	dǔ	to bet, to gamble
7	2993	蒙	méng	to cover
7	3022	发射	fāshè	to shoot
7	3024	穿着	chuānzhuó	attire, clothes, dress
7	3027	界	jiè	boundary, border
7	3051	偏	piān	to lean
7	3070	耍	shuǎ	to play with
7	3076	置	zhì	to install
7	3092	告	gào	to say, to tell
7	3100	牺牲	xīshēng	to sacrifice one's life
7	3104	选举	xuǎnjǔ	to elect
7	3152	武装	wǔzhuāng	arms
7	3169	对付	duìfu	to handle, to deal with, to tackle
7	3183	惹	rě	to provoke
7	3183	天堂	tiāntáng	paradise
7	3206	屁股	pìgu	buttocks
7	3211	丁	dīng	male adult
7	3215	火箭	huǒjiàn	rocket
7	3225	注射	zhùshè	injection
7	3230	肿瘤	zhǒngliú	tumor
7	3233	核	hé	pit
7	3234	海军	hǎijūn	navy
7	3235	起诉	qǐsù	to sue
7	3246	拳	quán	fist
7	3249	结局	jiéjú	conclusion, ending, outcome
7	3252	创	chuàng	to initiate, to create, to achieve
7	3252	竟	jìng	unexpectedly
7	3258	致	zhì	to send, to transmit, to convey
7	3278	战略	zhànlu:è	strategy
7	3295	天使	tiānshǐ	angel
7	3298	老大	lǎodà	old age
7	3299	专辑	zhuānjí	album
7	3303	稳	wěn	settled, steady, stable
7	3319	幕	mù	curtain or screen
7	3333	失踪	shīzōng	to be missing
7	3334	执法	zhífǎ	to enforce a law
7	3339	监控	jiānkòng	to monitor
7	3341	抢劫	qiǎngjié	to rob
7	3342	卫星	wèixīng	satellite
7	3398	猛	měng	ferocious
7	3402	治安	zhì'ān	law and order
7	3434	完毕	wánbì	to finish
7	3440	扯	chě	to pull
7	3442	踏	tà	to tread
7	3445	监狱	jiānyù	prison
7	3448	运作	yùnzuò	to operate
7	3453	判	pàn	to differentiate, to distinguish
7	3453	炸弹	zhàdàn	bomb
7	3459	孤单	gūdān	lone
7	3459	宗教	zōngjiào	religion
7	3463	房地产	fángdìchǎn	real estate
7	3485	持	chí	to hold
7	3491	吼	hǒu	to roar
7	3500	皆	jiē	all
7	3510	善	shàn	good
7	3517	当事人	dāngshìrén	persons involved or implicated, party
7	3536	恶	è	evil
7	3537	伴	bàn	partner, companion, comrade, associate
7	3545	注定	zhùdìng	to foreordain
7	3548	诉讼	sùsòng	lawsuit
7	3563	惨	cǎn	miserable
7	3565	毒品	dúpǐn	drugs, narcotics
7	3580	董事会	dǒngshìhuì	board of directors
7	3587	堂	táng	hall
7	3599	港	gǎng	harbor
7	3606	寻	xún	to search
7	3612	作战	zuòzhàn	combat
7	3618	豪华	háohuá	luxurious
7	3635	独	dú	alone
7	3639	判决	pànjué	judgment
7	3643	被告	bèigào	the defendant, the accused
7	3671	佛	fú	head ornament
7	3672	甩	shuǎi	to throw
7	3684	基于	jīyú	because of
7	3698	涂	tú	to apply
7	3704	乖	guāi	obedient, well-behaved
7	3705	逮捕	dàibǔ	to arrest, to apprehend
7	3722	瓦	wǎ	roof tile
7	3723	杀手	shāshǒu	killer
7	3723	依	yī	to depend on
7	3733	轿车	jiàochē	enclosed carriage for carrying
7	3740	防守	fángshǒu	to defend
7	3741	审判	shěnpàn	a trial
7	3748	标	biāo	mark
7	3773	发型	fàxíng	hairstyle, coiffure, hairdo
7	3782	折磨	zhémó	to torment, to torture
7	3786	慈善	císhàn	benevolent
7	3788	地板	dìbǎn	floor
7	3803	拔	bá	to pull up
7	3807	罢了	bàle	a modal particle indicating
7	3807	贼	zéi	thief, robber
7	3808	啦啦队	lālāduì	cheerleading squad
7	3816	尚	shàng	still
7	3827	授权	shòuquán	to authorize
7	3840	预算	yùsuàn	budget
7	3843	行政	xíngzhèng	administration
7	3845	司法	sīfǎ	judicial
7	3855	大陆	dàlù	continent, mainland
7	3860	乐队	yuèduì	band
7	3871	宇宙	yǔzhòu	universe, cosmos, space
7	3877	传奇	chuánqí	legendary
7	3895	无比	wúbǐ	incomparable, matchless
7	3905	戒	jiè	to guard against
7	3912	信仰	xìnyǎng	to believe in
7	3923	评委	píngwěi	evaluation committee, judging panel
7	3924	不准	bùzhǔn	not to allow
7	3926	少女	shàonǚ	girl
7	3932	瞎	xiā	blind
7	3938	震惊	zhènjīng	to shock
7	3953	坑	kēng	pit, hollow, depression
7	3955	导弹	dǎodàn	missile
7	3956	勋章	xūnzhāng	medal, decoration
7	3957	领袖	lǐngxiù	leader
7	3962	合约	héyuē	contract, agreement
7	3970	回归	huíguī	to return to
7	3970	机关	jīguān	mechanism, gear
7	3970	亦	yì	also
7	3992	绑架	bǎngjià	to kidnap
7	3992	宗	zōng	school
7	3997	诱惑	yòuhuò	to entice
7	4038	情人	qíngrén	lover
7	4041	起码	qǐmǎ	at the minimum, at the very least
7	4056	嫉妒	jídù	to be jealous of, to envy
7	4062	财政	cáizhèng	public finance, government finance
7	4065	迹象	jìxiàng	sign, indication, mark, indicator
7	4069	支援	zhīyuán	to provide assistance
7	4078	贱	jiàn	inexpensive
7	4083	兼	jiān	double
7	4105	签署	qiānshǔ	to sign
7	4120	都会	dūhuì	city
7	4136	子弹	zǐdàn	bullet
7	4140	首席	shǒuxí	chief
7	4152	唱片	chàngpiàn	gramophone record
7	4153	攻	gōng	to attack
7	4158	移植	yízhí	to transplant
7	4162	事务所	shìwùsuǒ	business office, firm
7	4172	借口	jièkǒu	to use as an excuse
7	4176	肾	shèn	kidney
7	4187	拯救	zhěngjiù	to save, to rescue
7	4192	崩溃	bēngkuì	to collapse, to crumble, to fall apart
7	4209	膜	mó	membrane
7	4227	穿越	chuānyuè	to traverse, to pass through, to cross
7	4229	抛弃	pāoqì	to abandon
7	4234	跨	kuà	to step across
7	4242	战术	zhànshù	tactics
7	4243	临床	línchuáng	clinical
7	4257	优雅	yōuyǎ	grace
7	4300	邪恶	xié'è	sinister
7	4308	应付	yìngfu	to deal with, to cope
7	4335	芯片	xīnpiàn	computer chip, microchip
7	4351	脱离	tuōlí	to separate oneself from
7	4352	解除	jiěchú	to remove
7	4355	附	fù	to add, to attach
7	4364	凶	xiōng	vicious
7	4390	驾	jià	to harness
7	4393	讨	tǎo	to invite
7	4393	援助	yuánzhù	to help
7	4394	侵犯	qīnfàn	to infringe on
7	4401	生涯	shēngyá	career
7	4405	战场	zhànchǎng	battlefield
7	4418	熬	áo	to cook on a slow fire
7	4442	拍卖	pāimài	to auction
7	4447	名义	míngyì	name
7	4450	桩	zhuāng	stump, stake, pile
7	4467	联络	liánluò	to get in touch with
7	4499	企图	qǐtú	to attempt
7	4502	引擎	yǐnqíng	engine
7	4503	爹	diē	dad
7	4511	窝	wō	nest
7	4521	上场	shàngchǎng	on stage
7	4534	祈祷	qídǎo	to pray, to say a prayer
7	4560	残	cán	to destroy
7	4564	天生	tiānshēng	nature
7	4564	须	xū	beard
7	4575	怪物	guàiwu	monster
7	4583	登陆	dēnglù	to land
7	4591	灵感	línggǎn	creative inspiration
7	4600	抹	mǒ	to smear
7	4610	假装	jiǎzhuāng	to feign
7	4635	边缘	biānyuán	edge, fringe, verge, brink, periphery
7	4642	敬	jìng	respectful, to respect
7	4646	别墅	biéshù	villa
7	4649	高潮	gāocháo	high tide, high water
7	4653	缝	fèng	seam
7	4656	钻石	zuànshí	diamond
7	4657	直升机	zhíshēngjī	helicopter
7	4661	有意	yǒuyì	to intend
7	4671	磨	mó	to rub
7	4679	裸	luǒ	naked
7	4679	统治	tǒngzhì	to rule
7	4680	甜蜜	tiánmì	sweet
7	4686	回应	huíyìng	to respond
7	4689	不可思议	bùkěsīyì	inconceivable, unimaginable
7	4690	宁愿	nìngyuàn	would rather
7	4691	联赛	liánsài	league
7	4700	拼命	pīnmìng	to do one's utmost, with all one's might
7	4710	上演	shàngyǎn	to screen
7	4712	骨折	gǔzhé	to suffer a fracture
7	4720	渣	zhā	slag
7	4727	保佑	bǎoyòu	to bless and protect
7	4727	切除	qiēchú	to excise
7	4731	欺负	qīfu	to bully
7	4735	逃避	táobì	to escape
7	4736	级别	jíbié	rank
7	4759	癌症	áizhèng	cancer
7	4768	献	xiàn	to offer
7	4774	意志	yìzhì	will, willpower, determination
7	4796	飞船	fēichuán	spaceship
7	4797	孤儿	gū'ér	orphan
7	4814	无论如何	wúlùnrúhé	whatever the case, in any event
7	4824	正当	zhèngdàng	honest
7	4835	清除	qīngchú	to clear away
7	4837	挣扎	zhēngzhá	to struggle
7	4857	捏	niē	to hold between the thumb and fingers
7	4857	器官	qìguān	organ, apparatus
7	4860	分裂	fēnliè	to split up
7	4866	空军	kōngjūn	air force
7	4880	报复	bàofù	to make reprisals, to retaliate
7	4880	纤维	xiānwéi	fiber
7	4882	护理	hùlǐ	to nurse, to care for
7	4885	采	cǎi	to pick
7	4891	提议	tíyì	to propose, to suggest, proposal
7	4898	保守	bǎoshǒu	conservative
7	4902	当晚	dāngwǎn	on that evening
7	4910	抗议	kàngyì	to protest
7	4913	轮胎	lúntāi	tire, pneumatic tire
7	4931	监管	jiānguǎn	to oversee
7	4931	劫	jié	to rob
7	4946	条例	tiáolì	regulations, rules, code of conduct
7	4951	监视	jiānshì	to monitor
7	4965	焦	jiāo	burnt
7	4985	担保	dānbǎo	to guarantee
7	4988	麻	má	generic name for hemp, flax etc
7	4996	候选人	hòuxuǎnrén	candidate
7	5003	绑	bǎng	to tie
7	5005	告知	gàozhī	to inform, to notify
7	5006	阴谋	yīnmóu	to conspire, to plot
7	5011	保卫	bǎowèi	to defend
7	5012	无辜	wúgū	blameless, innocent
7	5014	磅	bàng	scale
7	5015	谎言	huǎngyán	lie
7	5017	背叛	bèipàn	to betray
7	5017	声称	shēngchēng	to claim
7	5025	帝国	dìguó	empire
7	5032	介入	jièrù	to intervene, to get involved
7	5039	片子	piānzi	film
7	5040	股份	gǔfèn	a share
7	5042	开工	kāigōng	to begin work
7	5045	低调	dīdiào	low pitch
7	5045	光荣	guāngróng	honor and glory
7	5045	凶手	xiōngshǒu	murderer
7	5046	卡车	kǎchē	truck
7	5049	时装	shízhuāng	fashion
7	5061	筹	chóu	chip, token, ticket
7	5061	辐射	fúshè	to radiate
7	5063	功	gōng	meritorious deed or service
7	5070	趴	pā	to lie on one's stomach
7	5072	赌博	dǔbó	to gamble
7	5078	到位	dàowèi	to get to the intended location
7	5080	涉嫌	shèxián	to be a suspect
7	5083	姜	jiāng	ginger
7	5090	股东	gǔdōng	shareholder
7	5092	残酷	cánkù	cruel, harsh, merciless
7	5099	治愈	zhìyù	to cure, to restore to health
7	5102	晃	huǎng	to dazzle
7	5112	闷	mèn	bored
7	5113	戳	chuō	to jab
7	5114	曝光	bàoguāng	to expose
7	5116	浑身	húnshēn	all over
7	5123	宪法	xiànfǎ	constitution
7	5126	钉	dīng	nail
7	5132	尽情	jìnqíng	as much as one likes
7	5137	防御	fángyù	defense
7	5140	赛车	sàichē	auto race
7	5144	人格	réngé	personality
7	5148	腐败	fǔbài	corruption
7	5148	杀害	shāhài	to murder
7	5148	忠诚	zhōngchéng	devoted
7	5156	发作	fāzuò	to flare up, to break out
7	5156	震撼	zhènhàn	to shake
7	5159	鉴于	jiànyú	in view of
7	5167	局势	júshì	situation
7	5170	隧道	suìdào	tunnel
7	5172	债	zhài	debt
7	5178	尚未	shàngwèi	not yet, still not
7	5185	指数	zhǐshù	index
7	5189	提名	tímíng	to nominate
7	5195	耐	nài	to bear, to endure, to withstand
7	5195	鹰	yīng	general term for a bird of prey
7	5202	流氓	liúmáng	rogue
7	5203	影像	yǐngxiàng	image
7	5208	略	lu:è	brief; sketchy
7	5211	竞选	jìngxuǎn	to take part in an election
7	5215	理智	lǐzhì	reason
7	5216	风暴	fēngbào	storm
7	5218	扁	biǎn	flat
7	5225	撤	chè	to remove, to take away
7	5230	呵	hē	to scold
7	5230	着手	zhuóshǒu	to put one's hand to it
7	5232	指望	zhǐwàng	to count on, to hope for
7	5237	搭档	dādàng	to cooperate
7	5244	使命	shǐmìng	mission
7	5247	残忍	cánrěn	cruel, merciless, ruthless
7	5252	倒霉	dǎoméi	to have bad luck
7	5273	傻瓜	shǎguā	idiot
7	5274	追踪	zhuīzōng	to track, to trace, to follow up
7	5279	保密	bǎomì	to keep sth confidential
7	5285	致命	zhìmìng	fatal
7	5287	反抗	fǎnkàng	to resist
7	5290	赞助	zànzhù	to sponsor
7	5290	资助	zīzhù	to subsidize
7	5294	难怪	nánguài	no wonder
7	5295	包围	bāowéi	to surround, to encircle, to hem in
7	5296	玉	yù	jade
7	5300	隔离	gélí	to separate
7	5302	人性	rénxìng	human nature
7	5303	人选	rénxuǎn	choice of person
7	5307	美妙	měimiào	beautiful
7	5307	作风	zuòfēng	style
7	5325	情侣	qínglǚ	sweethearts
7	5333	本事	běnshì	source material
7	5335	纯粹	chúncuì	pure
7	5340	缠	chán	to wind around
7	5340	废	fèi	to abolish
7	5342	潮	cháo	tide
7	5343	押	yā	to mortgage
7	5345	服务器	fúwùqì	server
7	5345	困境	kùnjìng	predicament, plight
7	5349	短暂	duǎnzàn	of short duration, brief, momentary
7	5353	评审	píngshěn	to appraise
7	5364	鹿	lù	deer
7	5366	幢	chuáng	banner, pennant
7	5370	数据库	shùjùkù	database
7	5380	担	dān	to undertake
7	5381	出手	chūshǒu	to dispose of
7	5382	保姆	bǎomǔ	nanny, babysitter
7	5383	颁奖	bānjiǎng	to confer an award
7	5397	刑事	xíngshì	criminal, penal
7	5397	兹	zī	this
7	5399	虾	xiā	shrimp
7	5400	翘	qiào	to stick up
7	5401	锁定	suǒdìng	to lock
7	5402	地狱	dìyù	hell, underworld, Naraka
7	5407	消	xiāo	to diminish, to subside
7	5414	举报	jǔbào	to report
7	5417	气息	qìxī	breath
7	5425	潜在	qiánzài	hidden
7	5431	演绎	yǎnyì	to unfold, to play out
7	5445	真理	zhēnlǐ	truth
7	5446	灌	guàn	to irrigate
7	5446	孔	kǒng	hole
7	5448	震	zhèn	to shake
7	5450	吻合	wěnhé	to be a good fit
7	5453	随机	suíjī	according to the situation
7	5461	生理	shēnglǐ	physiology
7	5463	拜托	bàituō	to request sb to do sth
7	5466	滋味	zīwèi	taste
7	5471	人间	rénjiān	the human world
7	5475	审查	shěnchá	to examine
7	5484	丝毫	sīháo	the slightest amount or degree
7	5490	挖掘	wājué	to excavate, to unearth, to dig into
7	5493	权威	quánwēi	authority
7	5497	债务	zhàiwù	debt
7	5498	谱	pǔ	chart
7	5499	永恒	yǒnghéng	eternal
7	5499	驻	zhù	to halt
7	5503	反击	fǎnjī	to strike back, to beat back
7	5506	尊严	zūnyán	dignity
7	5508	再度	zàidù	once more, once again, one more time
7	5513	下手	xiàshǒu	to start
7	5520	见识	jiànshi	to gain first-hand knowledge of sth
7	5527	宰	zǎi	to slaughter, to butcher, to kill
7	5532	交叉	jiāochā	to cross
7	5542	电台	diàntái	transmitter-receiver
7	5557	沾	zhān	to moisten
7	5565	可笑	kěxiào	funny
7	5566	捞	lāo	to fish up
7	5572	顶级	dǐngjí	top-notch, first-rate
7	5572	动脉	dòngmài	artery
7	5576	蠢	chǔn	stupid
7	5576	多年来	duōniánlái	for the past many years
7	5578	凤凰	fènghuáng	phoenix
7	5579	扩散	kuòsàn	to spread, to proliferate, to diffuse
7	5580	条款	tiáokuǎn	clause
7	5582	心思	xīnsi	mind
7	5584	贿赂	huìlù	to bribe
7	5588	阴影	yīnyǐng	shadow
7	5591	硬盘	yìngpán	hard disk
7	5592	炮	pào	cannon
7	5601	无线	wúxiàn	wireless
7	5606	封锁	fēngsuǒ	to blockade
7	5610	部署	bùshǔ	to dispose
7	5611	样本	yàngběn	sample, specimen
7	5615	进程	jìnchéng	course of events, process
7	5635	见证	jiànzhèng	to be witness to
7	5639	钩	gōu	to hook
7	5640	盗	dào	to steal
7	5644	异性	yìxìng	the opposite sex
7	5653	颇	pō	rather
7	5659	溜	liū	to slip away
7	5660	农场	nóngchǎng	farm
7	5671	魔鬼	móguǐ	devil
7	5682	疯子	fēngzi	madman
7	5683	底线	dǐxiàn	bottom line
7	5684	摧毁	cuīhuǐ	to destroy, to wreck
7	5700	国土	guótǔ	country's territory
7	5706	标记	biāojì	sign
7	5707	相遇	xiāngyù	to meet
7	5713	但愿	dànyuàn	if only
7	5716	温馨	wēnxīn	comfort
7	5720	挨	āi	in order, in sequence
7	5727	封面	fēngmiàn	cover
7	5728	辩护	biànhù	to speak in defense of
7	5735	幸好	xìnghǎo	fortunately
7	5750	人质	rénzhì	hostage
7	5750	嘴唇	zuǐchún	lip
7	5753	签约	qiānyuē	to sign a contract or agreement
7	5758	训	xùn	to teach, to train, to admonish
7	5763	强制	qiángzhì	to force, to compel, to coerce
7	5764	愚蠢	yúchǔn	silly
7	5770	盗窃	dàoqiè	to steal
7	5771	设定	shèdìng	to set
7	5773	游行	yóuxíng	to march, to parade, to demonstrate
7	5778	奔	bēn	to hurry
7	5778	自私	zìsī	selfish
7	5780	凑	còu	to gather together, pool or collect
7	5785	警惕	jǐngtì	to be on the alert
7	5789	降临	jiànglín	to descend
7	5791	截	jié	to cut off
7	5796	生死	shēngsǐ	life or death
7	5803	膝盖	xīgài	knee
7	5805	狂欢	kuánghuān	party
7	5805	入侵	rùqīn	to invade
7	5805	重组	chóngzǔ	to reorganize, to recombine
7	5811	乃	nǎi	to be
7	5813	发觉	fājué	to become aware
7	5814	撕	sī	to tear
7	5816	笨蛋	bèndàn	fool, idiot
7	5833	极度	jídù	extremely
7	5838	舱	cāng	cabin
7	5845	安置	ānzhì	to find a place for
7	5848	处置	chǔzhì	to handle
7	5858	念头	niàntou	thought, idea, intention
7	5858	增产	zēngchǎn	to increase production
7	5870	皇后	huánghòu	empress
7	5877	视线	shìxiàn	line of sight
7	5886	间谍	jiàndié	spy
7	5890	首批	shǒupī	first batch
7	5892	虚	xū	emptiness
7	5895	壳	qiào	shell
7	5901	罪犯	zuìfàn	criminal
7	5903	投降	tóuxiáng	to surrender
7	5903	巡逻	xúnluó	to patrol
7	5908	煎	jiān	to pan fry
7	5914	边境	biānjìng	frontier, border
7	5916	继	jì	to continue
7	5922	疫苗	yìmiáo	vaccine
7	5935	喉咙	hóulóng	the throat
7	5935	矿	kuàng	mineral deposit, ore deposit
7	5938	身子	shēnzi	body
7	5941	邪	xié	demonic
7	5943	军官	jūnguān	officer
7	5947	意愿	yìyuàn	aspiration
7	5947	隐瞒	yǐnmán	to conceal
7	5950	工会	gōnghuì	labor union, trade union
7	5952	织	zhī	to weave
7	5954	征服	zhēngfú	to conquer
7	5955	陈述	chénshù	to state, to declare
7	5964	精英	jīngyīng	cream
7	5968	垫	diàn	pad
7	5971	席	xí	woven mat
7	5982	确切	quèqiè	definite
7	5983	不惜	bùxī	not stint
7	5983	揭晓	jiēxiǎo	to announce publicly
7	5986	发誓	fāshì	to vow
7	5992	安心	ānxīn	at ease
7	6000	犯规	fànguī	to break the rules
7	6001	缩	suō	to withdraw
7	6002	婚纱	hūnshā	wedding dress
7	6007	困惑	kùnhuò	bewildered
7	6011	盛大	shèngdà	grand
7	6012	共和国	gònghéguó	republic
7	6016	数码	shùmǎ	number
7	6020	空白	kòngbái	blank space
7	6020	天赋	tiānfù	gift
7	6021	疗法	liáofǎ	therapy, treatment
7	6032	同胞	tóngbāo	born of the same parents
7	6035	故	gù	happening
7	6036	变形	biànxíng	to become deformed, to change shape
7	6036	无力	wúlì	to lack strength, to feel weak
7	6037	地步	dìbù	stage, degree
7	6042	占领	zhànlǐng	to capture, to seize, to occupy by force
7	6047	扬	yáng	to raise
7	6059	悲哀	bēi'āi	grieved
7	6063	欢呼	huānhū	to cheer for
7	6067	阳性	yángxìng	positive
7	6069	壮	zhuàng	to strengthen
7	6073	辞	cí	to resign
7	6079	审	shěn	to examine
7	6083	倒数	dàoshǔ	to count backwards
7	6091	临	lín	to face
7	6095	指引	zhǐyǐn	to guide
7	6107	罩	zhào	to cover, to spread over
7	6113	回避	huíbì	to shun
7	6116	新生	xīnshēng	new
7	6124	问候	wènhòu	to give one's respects
7	6127	留意	liúyì	to be mindful
7	6129	棉花	miánhua	cotton
7	6131	指甲	zhǐjia	fingernail
7	6133	神圣	shénshèng	divine
7	6138	恶化	èhuà	to worsen
7	6144	口气	kǒuqì	tone of voice
7	6147	国民	guómín	nationals
7	6156	指令	zhǐlìng	to order, to command
7	6157	勾	gōu	to attract
7	6160	出局	chūjú	to be put out, to be dismissed
7	6166	贵族	guìzú	lord
7	6167	制服	zhìfú	to subdue
7	6172	吉他	jítā	guitar
7	6175	癌	ái	cancer, carcinoma
7	6180	证人	zhèngrén	witness
7	6188	清新	qīngxīn	fresh and clean
7	6191	征	zhēng	to invite
7	6208	坦克	tǎnkè	tank
7	6216	自称	zìchēng	to call oneself
7	6217	毁灭	huǐmiè	to perish
7	6221	乐意	lèyì	to be willing to do sth
7	6226	哭泣	kūqì	to weep
7	6228	筹码	chóumǎ	bargaining chip, gaming chip
7	6229	瞄准	miáozhǔn	to take aim at, to target
7	6229	脑海	nǎohǎi	the mind
7	6229	水晶	shuǐjīng	crystal
7	6237	会谈	huìtán	talks
7	6239	双重	shuāngchóng	double
7	6249	捅	tǒng	to poke, to jab
7	6255	掩饰	yǎnshì	to cover up
7	6256	终止	zhōngzhǐ	to stop, to terminate
7	6257	掩盖	yǎngài	to conceal
7	6258	标签	biāoqiān	label
7	6261	演习	yǎnxí	drill, exercise, maneuver
7	6270	艾滋病	àizībìng	AIDS
7	6271	陷阱	xiànjǐng	pitfall
7	6282	胎	tāi	fetus
7	6283	来电	láidiàn	incoming telephone call
7	6284	筒	tǒng	tube
7	6285	干涉	gānshè	to interfere
7	6285	组建	zǔjiàn	to organize
7	6288	制止	zhìzhǐ	to curb
7	6294	华丽	huálì	gorgeous
7	6296	操纵	cāozòng	to operate
7	6299	遗忘	yíwàng	to forget
7	6313	积	jī	to amass, to accumulate, to store up
7	6317	地带	dìdài	zone
7	6318	准则	zhǔnzé	norm
7	6322	报酬	bàochou	reward
7	6325	可疑	kěyí	suspicious
7	6329	丫头	yātou	girl
7	6330	搅	jiǎo	to disturb
7	6343	极限	jíxiàn	limit
7	6348	讽刺	fěngcì	to satirize
7	6349	赐	cì	to confer, to bestow, to grant
7	6353	星座	xīngzuò	constellation
7	6358	违背	wéibèi	to go against
7	6374	呕吐	ǒutù	to vomit
7	6377	原告	yuángào	complainant
7	6379	美容	měiróng	to improve one's appearance
7	6384	糖尿病	tángniàobìng	diabetes, diabetes mellitus
7	6384	揍	zòu	to hit, to beat
7	6386	分成	fēnchéng	to divide
7	6391	性命	xìngmìng	life
7	6397	糊涂	hútu	muddled
7	6401	慌	huāng	to get panicky, to lose one's head
7	6408	同步	tóngbù	synchronous
7	6418	何必	hébì	there is no need
7	6421	麻醉	mázuì	anesthesia
7	6421	团伙	tuánhuǒ	gang
7	6423	审理	shěnlǐ	to hear
7	6425	共识	gòngshí	common understanding, consensus
7	6428	内在	nèizài	inner
7	6429	抵押	dǐyā	to provide as security for a loan
7	6445	曲线	qūxiàn	curve
7	6445	伪装	wěizhuāng	to pretend to be
7	6446	喘	chuǎn	to gasp
7	6447	吸毒	xīdú	to take drugs
7	6451	独家	dújiā	exclusive
7	6455	任意	rènyì	any
7	6459	开除	kāichú	to expel
7	6459	拽	zhuài	to pull
7	6465	墓	mù	grave
7	6466	陷	xiàn	pitfall
7	6470	废话	fèihuà	nonsense, rubbish, superfluous words
7	6471	激光	jīguāng	laser
7	6472	国务院	Guówùyuàn	State Council
7	6478	抖	dǒu	to tremble
7	6484	时空	shíkōng	time and place
7	6485	霜	shuāng	frost
7	6486	流血	liúxuè	to bleed
7	6487	应急	yìngjí	to respond to an emergency
7	6491	八卦	bāguà	the eight divinatory trigrams of the
7	6491	是非	shìfēi	right and wrong
7	6492	言论	yánlùn	expression of opinion
7	6502	无敌	wúdí	unequalled
7	6505	昏迷	hūnmí	to lose consciousness
7	6506	运转	yùnzhuǎn	to work
7	6507	官司	guānsi	lawsuit
7	6509	没收	mòshōu	to confiscate, to seize
7	6514	辉煌	huīhuáng	splendid
7	6514	嫩	nèn	young and tender
7	6517	流浪	liúlàng	to drift about
7	6517	沙滩	shātān	beach
7	6518	手枪	shǒuqiāng	pistol
7	6523	感恩	gǎn'ēn	to be grateful
7	6526	良心	liángxīn	conscience
7	6541	火炬	huǒjù	torch
7	6550	出卖	chūmài	to offer for sale, to sell
7	6553	梦幻	mènghuàn	dream
7	6558	鲜血	xiānxuè	blood
7	6559	魔术	móshù	magic
7	6561	与众不同	yǔzhòngbùtóng	to stand out from the crowd, distinctive
7	6563	地毯	dìtǎn	carpet
7	6581	甜美	tiánměi	sweet
7	6583	雇	gù	to employ
7	6583	受害人	shòuhàirén	victim
7	6591	乐园	lèyuán	paradise
7	6592	吓人	xiàrén	to scare
7	6593	光芒	guāngmáng	rays of light
7	6593	海滩	hǎitān	beach
7	6599	额外	éwài	extra
7	6600	钢铁	gāngtiě	steel
7	6607	压抑	yāyì	to constrain or repress emotions
7	6608	伪造	wěizào	to forge
7	6613	召集	zhàojí	to convene, to call together
7	6618	亲眼	qīnyǎn	with one's own eyes
7	6620	骚扰	sāorǎo	to disturb
7	6638	花样	huāyàng	pattern
7	6642	亲手	qīnshǒu	with one's own hands, personally
7	6647	激活	jīhuó	to activate
7	6654	上诉	shàngsù	to appeal
7	6662	憋	biē	to choke
7	6664	摊	tān	to spread out
7	6667	环球	huánqiú	around the world
7	6667	任命	rènmìng	to appoint
7	6668	轰	hōng	explosion
7	6671	撤离	chèlí	to withdraw from
7	6678	无情	wúqíng	pitiless
7	6680	为人	wéirén	to conduct oneself
7	6684	开场	kāichǎng	to begin
7	6689	容忍	róngrěn	to put up with
7	6690	权益	quányì	rights
7	6695	邀	yāo	to invite
7	6699	防护	fánghù	to defend
7	6699	丸	wán	ball
7	6704	坚信	jiānxìn	to believe firmly
7	6707	折腾	zhēteng	to toss from side to side
7	6708	寻常	xúncháng	usual, common, ordinary
7	6712	侮辱	wǔrǔ	to insult
7	6719	一早	yīzǎo	early in the morning
7	6727	兜	dōu	pocket
7	6734	致力于	zhìlìyú	to devote oneself to, to work toward
7	6738	扮	bàn	to disguise oneself as
7	6740	意图	yìtú	intent
7	6741	火焰	huǒyàn	blaze
7	6755	恶意	èyì	malice
7	6757	盼	pàn	to hope for
7	6766	上司	shàngsi	boss
7	6767	高贵	gāoguì	grandeur
7	6767	荣幸	róngxìng	honored
7	6769	蜂蜜	fēngmì	honey
7	6771	怨	yuàn	to blame
7	6773	处境	chǔjìng	situation
7	6774	创伤	chuāngshāng	wound, injury, trauma
7	6774	发言人	fāyánrén	spokesperson
7	6776	哄	hōng	roar of laughter
7	6776	说谎	shuōhuǎng	to lie
7	6783	回想	huíxiǎng	to recall
7	6789	祭	jì	to offer a sacrifice to
7	6794	幕后	mùhòu	behind the scenes
7	6795	沮丧	jǔsàng	dispirited
7	6817	发掘	fājué	to excavate
7	6821	储备	chǔbèi	to store up
7	6821	通报	tōngbào	to inform
7	6832	占用	zhànyòng	to occupy
7	6833	出路	chūlù	a way out
7	6833	炖	dùn	to stew
7	6842	盲目	mángmù	blind, unthinking
7	6843	迟早	chízǎo	sooner or later
7	6848	谜	mí	riddle
7	6849	充	chōng	sufficient, full
7	6850	愈	yù	the more
7	6851	伴侣	bànlǚ	companion
7	6855	瞒	mán	to conceal from
7	6858	自主	zìzhǔ	to act independently, to be autonomous
7	6862	交代	jiāodài	to transfer
7	6867	步伐	bùfá	pace
7	6868	宽容	kuānróng	lenient
7	6872	强行	qiángxíng	to do sth by force
7	6879	手脚	shǒujiǎo	hand and foot
7	6886	姿态	zītài	attitude
7	6893	经费	jīngfèi	funds
7	6894	社交	shèjiāo	interaction
7	6903	随身	suíshēn	to on one's person
7	6903	幼稚	yòuzhì	young
7	6907	走私	zǒusī	to smuggle
7	6909	诈骗	zhàpiàn	to defraud
7	6910	尽头	jìntóu	end, extremity, limit
7	6916	挽救	wǎnjiù	to save
7	6918	扩张	kuòzhāng	expansion
7	6919	眼下	yǎnxià	now, at present
7	6933	歧视	qíshì	to discriminate against
7	6937	放过	fàngguò	to let off
7	6937	润	rùn	moist, glossy, sleek
7	6944	无意	wúyì	inadvertent
7	6953	裂	liè	to split
7	6954	效力	xiàolì	effectiveness
7	6964	侵略	qīnlu:è	to invade
7	6974	宣称	xuānchēng	to assert
7	6981	威力	wēilì	might
7	6983	别说	biéshuō	to say nothing of, not to mention
7	6996	施工	shīgōng	construction
7	6999	勿	wù	do not
7	7000	激素	jīsù	hormone
7	7000	隆重	lóngzhòng	grand
7	7002	破裂	pòliè	to burst, to rupture
7	7005	废物	fèiwù	rubbish, waste material
7	7005	迷失	míshī	to get lost, to lose one's bearings
7	7005	体制	tǐzhì	system
7	7007	守护	shǒuhù	to guard
7	7011	协商	xiéshāng	to consult with
7	7019	视野	shìyě	field of view
7	7019	委员	wěiyuán	committee member
7	7023	蹦	bèng	to jump, to bounce, to hop
7	7037	雷达	léidá	radar
7	7037	样品	yàngpǐn	sample, specimen
7	7040	关节	guānjié	joint
7	7042	边界	biānjiè	boundary
7	7043	嫌疑	xiányí	suspicion
7	7054	波动	bōdòng	to undulate
7	7054	海盗	hǎidào	pirate
7	7060	往事	wǎngshì	past events
7	7060	与否	yǔfǒu	whether or not
7	7061	传言	chuányán	rumor
7	7062	何况	hékuàng	let alone
7	7065	传闻	chuánwén	rumor
7	7065	简称	jiǎnchēng	to be abbreviated to
7	7068	发泄	fāxiè	to give vent to
7	7075	预言	yùyán	to predict
7	7077	失控	shīkòng	to go out of control
7	7080	出动	chūdòng	to start out on a trip
7	7090	妥协	tuǒxié	to compromise
7	7092	宁静	níngjìng	tranquil
7	7103	瞪	dèng	to open wide
7	7107	来回	láihuí	to make a round trip
7	7108	终结	zhōngjié	end, conclusion
7	7109	可恶	kěwù	repulsive
7	7113	泡沫	pàomò	foam
7	7122	谴责	qiǎnzé	to denounce
7	7131	分歧	fēnqí	divergent
7	7136	烟花	yānhuā	fireworks
7	7142	纠缠	jiūchán	to be in a tangle
7	7144	海报	hǎibào	poster
7	7153	机密	jīmì	secret, classified
7	7161	绳子	shéngzi	cord, string, rope
7	7162	剧情	jùqíng	story line
7	7167	灿烂	cànlàn	to glitter
7	7172	自行	zìxíng	voluntary
7	7175	拘留	jūliú	to detain, to keep sb in custody
7	7177	孕妇	yùnfù	pregnant woman
7	7193	腔	qiāng	cavity
7	7196	复合	fùhé	complex
7	7197	下场	xiàchǎng	to leave the stage or playing field
7	7203	匹配	pǐpèi	to mate or marry
7	7203	气象	qìxiàng	meteorological condition, weather
7	7205	傲	ào	proud
7	7210	介意	jièyì	to care about
7	7219	编号	biānhào	to number, to assign numbers
7	7220	一体	yītǐ	an integral whole
7	7226	辩	biàn	to dispute
7	7230	巧合	qiǎohé	coincidence
7	7231	古怪	gǔguài	strange
7	7234	岩石	yánshí	rock
7	7241	裹	guǒ	to wrap around
7	7241	克隆	kèlóng	to clone, a clone
7	7246	皱	zhòu	to wrinkle
7	7248	豹	bào	leopard
7	7255	直至	zhízhì	lasting until
7	7256	出身	chūshēn	to be born of
7	7261	头号	tóuhào	first rate
7	7263	王国	wángguó	kingdom
7	7266	墨	mò	ink stick
7	7275	动静	dòngjìng	movement, activity
7	7275	授予	shòuyǔ	to award
7	7281	赴	fù	to go
7	7284	下令	xiàlìng	to give an order, to issue an order
7	7284	直觉	zhíjué	intuition
7	7286	诊所	zhěnsuǒ	clinic
7	7287	掐	qiā	to pick
7	7292	前线	qiánxiàn	front line
7	7296	忠实	zhōngshí	faithful
7	7302	亲近	qīnjìn	close, intimate
7	7305	延	yán	to prolong
7	7305	战役	zhànyì	military campaign
7	7310	缓	huǎn	slow
7	7310	坦白	tǎnbái	honest
7	7317	社会主义	shèhuìzhǔyì	socialism
7	7317	掩护	yǎnhù	to screen
7	7319	胎儿	tāi'ér	unborn child
7	7321	虐待	nu:èdài	to mistreat
7	7321	政权	zhèngquán	regime
7	7322	宣言	xuānyán	declaration
7	7327	瘾	yǐn	addiction
7	7332	窒息	zhìxī	to choke
7	7339	漆	qī	paint
7	7339	熏	xūn	fragrance
7	7340	赞美	zànměi	to admire
7	7341	虚假	xūjiǎ	false, phony, sham
7	7342	永久	yǒngjiǔ	everlasting
7	7345	强势	qiángshì	strong
7	7348	伸手	shēnshǒu	to reach out with one's hand
7	7348	种族	zhǒngzú	race, ethnic group
7	7352	扭曲	niǔqū	to twist
7	7358	人情	rénqíng	human emotions
7	7359	民办	mínbàn	run by the local people
7	7362	编剧	biānjù	to write a play
7	7368	处方	chǔfāng	medical prescription
7	7377	安定	āndìng	stable, calm, settled
7	7377	默契	mòqì	tacit understanding, unwritten agreement
7	7378	续	xù	to continue
7	7383	礼服	lǐfú	ceremonial robe
7	7383	舔	tiǎn	to lick
7	7389	叠	dié	to pile up
7	7391	耗	hào	to waste
7	7391	一线	yīxiàn	front line, front-line position
7	7392	智商	zhìshāng	IQ
7	7395	漫	màn	free
7	7400	片段	piànduàn	fragment
7	7424	温泉	wēnquán	hot spring
7	7428	副作用	fùzuòyòng	side effect
7	7441	追逐	zhuīzhú	to chase
7	7443	涌	yǒng	to well up, to gush forth, to surge
7	7455	归来	guīlái	to return
7	7455	奇妙	qímiào	wonderful, marvelous, intriguing
7	7456	奴隶	núlì	slave
7	7478	干预	gānyù	to meddle
7	7481	卧	wò	to lie
7	7481	争执	zhēngzhí	to dispute
7	7482	集会	jíhuì	to gather
7	7484	无知	wúzhī	ignorant
7	7485	剥夺	bōduó	to deprive
7	7485	橡胶	xiàngjiāo	rubber, caoutchouc
7	7486	万分	wànfēn	very much
7	7488	指向	zhǐxiàng	to point towards
7	7490	私下	sīxià	in private
7	7490	协定	xiédìng	agreement
7	7492	旗帜	qízhì	ensign
7	7493	悬	xuán	to hang or suspend
7	7494	水准	shuǐzhǔn	level
7	7498	纯洁	chúnjié	pure
7	7498	柜台	guìtái	sales counter, front desk, bar
7	7499	揭露	jiēlù	to expose
7	7516	吩咐	fēnfù	to tell
7	7522	导航	dǎoháng	to navigate
7	7522	强劲	qiángjìng	strong
7	7524	挽回	wǎnhuí	to retrieve
7	7525	剥	bō	to peel
7	7531	庆幸	qìngxìng	to rejoice, to be glad
7	7531	三角	sānjiǎo	triangle
7	7534	条约	tiáoyuē	treaty
7	7536	享	xiǎng	to enjoy
7	7538	陆军	lùjūn	army
7	7541	恐慌	kǒnghuāng	panic
7	7543	旺	wàng	prosperous
7	7545	连锁	liánsuǒ	to interlock
7	7547	辩论	biànlùn	debate
7	7547	轻微	qīngwēi	slight
7	7547	伤感	shānggǎn	sad
7	7555	疲惫	píbèi	beaten
7	7556	拧	níng	to pinch
7	7558	莫名其妙	mòmíngqímiào	baffling, bizarre
7	7559	廉价	liánjià	cheaply-priced, low-cost
7	7564	束缚	shùfù	to bind, to tie up, to fetter
7	7572	撞击	zhuàngjī	to strike, to hit, to ram
7	7583	垮	kuǎ	to collapse
7	7583	债券	zhàiquàn	bond
7	7584	当真	dàngzhēn	to take seriously
7	7585	复活	fùhuó	to revive
7	7590	溪	xī	creek
7	7596	怪不得	guàibude	no wonder!
7	7596	突击	tūjī	sudden and violent attack
7	7597	压迫	yāpò	to oppress
7	7609	蔓延	mànyán	to spread, to extend
7	7611	巨人	jùrén	giant
7	7612	模范	mófàn	model
7	7616	设法	shèfǎ	to try
7	7618	强硬	qiángyìng	tough
7	7619	心意	xīnyì	intention
7	7621	道具	dàojù	prop
7	7625	不妨	bùfáng	there is no harm in, might as well
7	7637	靴子	xuēzi	boots
7	7641	终究	zhōngjiū	in the end, after all, eventually
7	7646	会面	huìmiàn	to meet with
7	7646	失落	shīluò	to lose
7	7653	解脱	jiětuō	to untie
7	7654	受益	shòuyì	to benefit from
7	7656	小人	xiǎorén	person of low social status
7	7656	炸药	zhàyào	explosive, blasting agent, dynamite
7	7667	表决	biǎojué	to decide by vote
7	7670	享有	xiǎngyǒu	to enjoy
7	7685	仇恨	chóuhèn	to hate
7	7687	注视	zhùshì	to look attentively at, to closely watch
7	7692	后备	hòubèi	reserve, backup
7	7694	开支	kāizhī	expenditures, expenses
7	7694	擅自	shànzì	without permission
7	7713	防范	fángfàn	to be on guard
7	7713	目睹	mùdǔ	to witness
7	7714	手腕	shǒuwàn	wrist
7	7717	税收	shuìshōu	taxation
7	7718	清单	qīngdān	list of items
7	7721	明智	míngzhì	sensible
7	7729	非凡	fēifán	out of the ordinary
7	7731	刊登	kāndēng	to carry a story
7	7731	泄露	xièlù	to leak (information); to divulge
7	7732	无耻	wúchǐ	without any sense of shame
7	7738	诱人	yòurén	attractive, alluring, captivating
7	7741	鹅	é	goose
7	7742	仇	chóu	hatred
7	7750	冷漠	lěngmò	cold and detached towards sb
7	7752	预备	yùbèi	to prepare
7	7760	卡通	kǎtōng	cartoon
7	7760	圈子	quānzi	circle
7	7764	天地	tiāndì	heaven and earth
7	7767	厌倦	yànjuàn	to be weary of, to be fed up with
7	7774	饶	ráo	rich
7	7783	手册	shǒucè	manual, handbook
7	7786	转化	zhuǎnhuà	to change, to turn, to convert
7	7787	奔驰	bēnchí	to run quickly
7	7789	体贴	tǐtiē	considerate
7	7791	生效	shēngxiào	to come into force, to go into effect
7	7795	服饰	fúshì	apparel
7	7798	名誉	míngyù	fame
7	7815	垂	chuí	to hang
7	7817	退役	tuìyì	to retire
7	7819	兑现	duìxiàn	to cash
7	7819	肌肤	jīfū	skin
7	7826	拳头	quántou	fist
7	7828	遵循	zūnxún	to follow, to abide by, to comply with
7	7830	抗生素	kàngshēngsù	antibiotic
7	7832	下属	xiàshǔ	subordinate
7	7835	英勇	yīngyǒng	heroic
7	7841	人权	rénquán	human rights
7	7848	喜悦	xǐyuè	happy
7	7850	大气	dàqì	atmosphere
7	7851	引用	yǐnyòng	to quote, to cite
7	7858	查明	chámíng	to investigate and find out
7	7866	一手	yīshǒu	a skill
7	7869	怪异	guàiyì	monstrous
7	7871	认证	rènzhèng	to authenticate
7	7875	作弊	zuòbì	to practice fraud
7	7877	蜡烛	làzhú	candle
7	7880	惊奇	jīngqí	to be amazed
7	7880	可悲	kěbēi	lamentable
7	7889	精神病	jīngshénbìng	mental disorder
7	7894	厌恶	yànwù	to loathe
7	7896	和尚	héshang	Buddhist monk
7	7902	扛	káng	to carry on one's shoulder
7	7907	偿还	chánghuán	to repay, to reimburse
7	7908	验	yàn	to examine
7	7910	炫耀	xuànyào	dazzling
7	7914	人身	rénshēn	person
7	7919	一旁	yīpáng	aside
7	7924	后台	hòutái	backstage area
7	7927	自在	zìzai	comfortable, at ease
7	7933	啃	kěn	to gnaw
7	7938	寺	sì	Buddhist temple
7	7940	帐篷	zhàngpeng	tent
7	7942	低估	dīgū	to underestimate, to underrate
7	7942	缘故	yuángù	reason
7	7946	话语	huàyǔ	words
7	7946	偏偏	piānpiān	unfortunately, as it happened
7	7954	上映	shàngyìng	to screen, to show
7	7958	统统	tǒngtǒng	totally
7	7958	主编	zhǔbiān	editor in chief
7	7960	要命	yàomìng	to cause sb's death
7	7961	颤抖	chàndǒu	to shudder
7	7962	打倒	dǎdǎo	to overthrow
7	7964	董事	dǒngshì	board member
7	7964	解剖	jiěpōu	to dissect
7	7970	风情	fēngqíng	mien
7	7978	雕塑	diāosù	a statue
7	7990	国防	guófáng	national defense
7	7999	搜查	sōuchá	to search
7	8000	核武器	héwǔqì	nuclear weapon
7	8001	罢工	bàgōng	a strike
7	8001	着想	zhuóxiǎng	to give thought
7	8003	颁发	bānfā	to issue
7	8009	腾	téng	to gallop, to prance
7	8013	呼吁	hūyù	to call on
7	8015	支配	zhīpèi	to control
7	8016	堕落	duòluò	to degrade
7	8020	解救	jiějiù	to rescue
7	8024	妥	tuǒ	suitable
7	8043	歹徒	dǎitú	evildoer
7	8048	野蛮	yěmán	barbarous
7	8050	分解	fēnjiě	to resolve
7	8057	敞开	chǎngkāi	to open wide
7	8064	代理人	dàilǐrén	agent
7	8064	名声	míngshēng	reputation
7	8064	挪	nuó	to shift
7	8065	丑闻	chǒuwén	scandal
7	8077	卸	xiè	to unload, to remove, to detach
7	8080	潜艇	qiántǐng	a submarine
7	8081	公关	gōngguān	public relations
7	8091	以至于	yǐzhìyú	down to
7	8094	业绩	yèjì	achievement, accomplishment
7	8100	直线	zhíxiàn	straight line
7	8102	指南	zhǐnán	to guide
7	8118	融	róng	to melt
7	8124	澄清	chéngqīng	clear
7	8135	大不了	dàbùliǎo	at worst; if worst comes to worst
7	8135	裂缝	lièfèng	crack
7	8135	外星人	wàixīngrén	space alien, extraterrestrial
7	8137	上空	shàngkōng	the skies above a certain place
7	8138	境界	jìngjiè	boundary
7	8140	伤痕	shānghén	scar
7	8140	生育	shēngyù	to give birth to, to bear
7	8141	泄漏	xièlòu	to leak
7	8142	劈	pī	to hack
7	8152	行使	xíngshǐ	to exercise
7	8153	撤退	chètuì	to retreat
7	8154	悲惨	bēicǎn	miserable
7	8155	早日	zǎorì	soon, at an early date
7	8160	动用	dòngyòng	to utilize
7	8160	粉碎	fěnsuì	to crush, to smash, to shatter
7	8163	撒谎	sāhuǎng	to tell lies
7	8164	忧郁	yōuyù	sullen, depressed, melancholy, dejected
7	8167	虚拟	xūnǐ	to imagine, to make up
7	8168	昏	hūn	muddle-headed
7	8175	收养	shōuyǎng	to take in and care for
7	8186	掀起	xiānqǐ	to lift, to raise
7	8187	界限	jièxiàn	boundary
7	8193	前所未有	qiánsuǒwèiyǒu	unprecedented
7	8194	品位	pǐnwèi	rank
7	8207	旋律	xuánlǜ	melody
7	8209	固执	gùzhí	obstinate
7	8213	刻意	kèyì	intentionally, deliberately, purposely
7	8215	摩擦	mócā	friction
7	8224	淘	táo	to wash
7	8224	源头	yuántóu	source, origin, fountainhead
7	8225	一度	yīdù	for a time
7	8230	察觉	chájué	to sense
7	8234	宁可	nìngkě	preferably
7	8235	侧面	cèmiàn	lateral side
7	8242	萝卜	luóbo	radish, esp. daikon
7	8253	局部	júbù	part
7	8262	黑客	hēikè	hacker
7	8262	渗透	shèntòu	to permeate
7	8276	塌	tā	to collapse
7	8279	俗	sú	custom
7	8282	裁决	cáijué	ruling
7	8284	使者	shǐzhě	emissary
7	8289	龟	guī	tortoise, turtle
7	8289	决议	juéyì	a resolution
7	8289	期盼	qīpàn	to expect, to await
7	8291	把手	bǎshou	handle
7	8291	余	yú	extra
7	8293	过错	guòcuò	mistake
7	8294	软弱	ruǎnruò	weak
7	8297	和解	héjiě	to settle
7	8298	抑郁	yìyù	depressed, despondent, gloomy
7	8300	解散	jiěsàn	to dissolve
7	8307	装扮	zhuāngbàn	to decorate, to adorn, to dress up
7	8310	良	liáng	good
7	8320	严密	yánmì	tight, strict, closely controlled
7	8330	排斥	páichì	to reject
7	8331	长相	zhǎngxiàng	appearance
7	8334	报仇	bàochóu	to take revenge
7	8334	收缩	shōusuō	to pull back
7	8341	帖子	tiězi	card
7	8347	嚼	jiáo	to chew
7	8347	牌照	páizhào	license
7	8349	搜寻	sōuxún	to search, to look for
7	8358	抚养	fǔyǎng	to foster
7	8366	万能	wànnéng	omnipotent
7	8378	宠	chǒng	to love
7	8379	较量	jiàoliàng	to pit oneself against sb
7	8381	谣言	yáoyán	rumor
7	8381	重返	chóngfǎn	to return to
7	8384	非得	fēiděi	must
7	8394	探测	tàncè	to probe, to survey
7	8395	位子	wèizi	place
7	8400	零件	língjiàn	part
7	8401	夺冠	duóguàn	to seize the crown
7	8402	自尊	zìzūn	self-respect
7	8408	瘫痪	tānhuàn	to suffer paralysis
7	8415	雇佣	gùyōng	to employ, to hire
7	8415	光辉	guānghuī	radiance
7	8420	逮	dǎi	to catch, to seize, to capture
7	8421	上报	shàngbào	to report to one's superiors
7	8424	低下	dīxià	low status
7	8426	迫使	pòshǐ	to force, to compel
7	8426	阴性	yīnxìng	negative
7	8428	钙	gài	calcium
7	8443	放射	fàngshè	to radiate
7	8444	容器	róngqì	receptacle
7	8453	敷	fū	to spread
7	8454	欣慰	xīnwèi	to be gratified
7	8462	俊	jùn	smart
7	8466	末日	mòrì	last day
7	8470	鄙视	bǐshì	to despise
7	8471	元首	yuánshǒu	head of state
7	8479	苍白	cāngbái	pale
7	8482	纱	shā	cotton yarn
7	8484	阶级	jiējí	class
7	8486	中途	zhōngtú	partway through, midway, along the way
7	8494	独一无二	dúyīwú'èr	unique, unmatched, unrivalled
7	8497	经受	jīngshòu	to undergo
7	8499	亮相	liàngxiàng	to strike a pose
7	8500	懒得	lǎndé	not to feel like (doing sth); disinclined to
7	8508	捐献	juānxiàn	to donate, to contribute
7	8509	接手	jiēshǒu	to take over
7	8510	即可	jíkě	equivalent to
7	8510	小品	xiǎopǐn	short
7	8512	线条	xiàntiáo	line
7	8512	栽	zāi	to plant, to grow
7	8513	取胜	qǔshèng	to score a victory
7	8516	联手	liánshǒu	lit. to join hands
7	8520	遗体	yítǐ	remains
7	8526	残留	cánliú	to remain, to be left over
7	8530	震动	zhèndòng	to shake
7	8531	角逐	juézhú	to tussle
7	8533	特权	tèquán	prerogative
7	8534	可不是	kěbushì	exactly!, indeed, that's for sure
7	8536	巨额	jù'é	a huge sum, an enormous amount
7	8536	口水	kǒushuǐ	saliva
7	8536	热带	rèdài	the tropics
7	8541	遮	zhē	to cover up
7	8543	战友	zhànyǒu	comrade-in-arms
7	8554	扒	bā	to peel
7	8557	蘑菇	mógu	mushroom
7	8563	时髦	shímáo	in vogue
7	8563	音响	yīnxiǎng	sound, acoustics, audio
7	8564	急性	jíxìng	acute
7	8565	钞票	chāopiào	paper money
7	8568	虽说	suīshuō	though
7	8577	风云	fēngyún	weather
7	8578	徘徊	páihuái	to pace back and forth
7	8581	显现	xiǎnxiàn	appearance
7	8582	雇员	gùyuán	employee
7	8582	净化	jìnghuà	to purify
7	8584	马桶	mǎtǒng	chamber pot
7	8584	演示	yǎnshì	to demonstrate
7	8585	迷惑	míhuo	to puzzle
7	8587	黎明	límíng	dawn, daybreak
7	8588	步入	bùrù	to step into, to enter
7	8592	屠杀	túshā	to massacre, to slaughter
7	8593	琢磨	zuómo	to ponder
7	8598	致敬	zhìjìng	to salute
7	8599	表态	biǎotài	to declare one's position
7	8599	心声	xīnshēng	heartfelt wish, inner voice, aspiration
7	8600	预见	yùjiàn	to foresee
7	8603	双胞胎	shuāngbāotāi	twin
7	8604	殴打	ōudǎ	to beat up
7	8607	支票	zhīpiào	check
7	8615	宝石	bǎoshí	precious stone, gem
7	8618	领土	lǐngtǔ	territory
7	8621	生前	shēngqián	during one's life
7	8624	下落	xiàluò	whereabouts
7	8626	无能为力	wúnéngwéilì	powerless to do anything about it
7	8629	老人家	lǎorénjiā	polite term for old woman or man
7	8646	跳跃	tiàoyuè	to jump
7	8652	坠	zhuì	to fall
7	8657	本性	běnxìng	natural instincts
7	8658	相识	xiāngshí	to get to know each other
7	8670	惯例	guànlì	convention
7	8672	荒唐	huāngtáng	beyond belief
7	8680	必定	bìdìng	to be bound to, to be sure to
7	8691	事宜	shìyí	matters
7	8692	弦	xián	bow string
7	8697	迫不及待	pòbùjídài	unable to hold oneself back
7	8699	囚犯	qiúfàn	prisoner, convict
7	8706	虚伪	xūwěi	false
7	8707	分泌	fēnmì	to secrete
7	8707	予以	yǔyǐ	to give
7	8717	触摸	chùmō	to touch
7	8720	好比	hǎobǐ	to be just like, can be compared to
7	8720	起步	qǐbù	to set out
7	8721	余地	yúdì	margin
7	8722	修正	xiūzhèng	to revise, to amend, to rectify
7	8723	好心	hǎoxīn	kindness
7	8724	欺诈	qīzhà	to cheat
7	8733	扭转	niǔzhuǎn	to reverse
7	8734	狂热	kuángrè	zealotry
7	8735	硬币	yìngbì	coin
7	8746	压制	yāzhì	to suppress
7	8750	窜	cuàn	to flee
7	8753	前任	qiánrèn	predecessor
7	8762	沙龙	shālóng	salon
7	8766	志愿	zhìyuàn	aspiration
7	8772	依照	yīzhào	according to, in light of
7	8775	住处	zhùchù	residence, dwelling
7	8789	推翻	tuīfān	to overthrow
7	8792	疏散	shūsàn	to scatter, to disperse, to evacuate
7	8802	境内	jìngnèi	within the borders
7	8803	煤气	méiqì	coal gas
7	8812	庆典	qìngdiǎn	celebration
7	8814	光彩	guāngcǎi	luster
7	8826	造就	zàojiù	to bring up
7	8831	隐形	yǐnxíng	invisible
7	8834	大局	dàjú	overall situation
7	8837	人手	rénshǒu	manpower
7	8838	暂	zàn	temporary
7	8841	滥用	lànyòng	to misuse
7	8844	冻结	dòngjié	to freeze
7	8852	愈合	yùhé	to heal
7	8857	草坪	cǎopíng	lawn
7	8857	营造	yíngzào	to build
7	8860	越过	yuèguò	to cross over
7	8860	侦探	zhēntàn	detective
7	8871	动摇	dòngyáo	to sway
7	8877	稍后	shāohòu	in a little while, shortly after
7	8878	丢人	diūrén	to lose face
7	8880	挠	náo	to scratch
7	8888	公务	gōngwù	official business
7	8891	来访	láifǎng	to pay a visit
7	8894	口音	kǒuyin	voice
7	8894	稀	xī	sparse, scattered
7	8907	乱七八糟	luànqībāzāo	chaotic, in disorder, muddled
7	8907	贫穷	pínqióng	poor
7	8915	判处	pànchǔ	to sentence
7	8920	英俊	yīngjùn	handsome
7	8922	行列	hángliè	formation
7	8927	变异	biànyì	variation
7	8932	电线	diànxiàn	wire
7	8935	麻痹	mábì	paralysis
7	8936	制裁	zhìcái	to punish
7	8938	日程	rìchéng	schedule
7	8938	招募	zhāomù	to recruit
7	8942	预感	yùgǎn	to have a premonition
7	8945	绅士	shēnshì	gentleman
7	8946	引领	yǐnlǐng	to crane one's neck
7	8948	开张	kāizhāng	to open a business
7	8952	抗拒	kàngjù	to resist
7	8959	评判	píngpàn	to judge
7	8963	不堪	bùkān	cannot bear
7	8970	别扭	bièniu	awkward
7	8972	大片	dàpiàn	wide expanse
7	8976	轰炸	hōngzhà	to bomb, to bombard
7	8982	指标	zhǐbiāo	target, quota
7	8983	盏	zhǎn	a small cup
7	8985	揉	róu	to knead
7	8987	感性	gǎnxìng	perception
7	8989	探险	tànxiǎn	to explore
7	8992	正经	zhèngjīng	decent
7	8997	呼唤	hūhuàn	to call out
7	9001	主力	zhǔlì	main force
7	9004	盈利	yínglì	profit
7	9011	顶尖	dǐngjiān	peak
7	9012	传媒	chuánméi	the media, mass media
7	9015	放置	fàngzhì	to put
7	9017	选民	xuǎnmín	voter
7	9020	入手	rùshǒu	to begin
7	9028	确信	quèxìn	to be convinced
7	9028	销毁	xiāohuǐ	to destroy
7	9029	况且	kuàngqiě	moreover
7	9037	车间	chējiān	workshop
7	9038	丰厚	fēnghòu	generous, ample
7	9038	口径	kǒujìng	bore, caliber, diameter, aperture
7	9042	通告	tōnggào	to announce, to give notice
7	9043	资本主义	zīběnzhǔyì	capitalism
7	9047	忍耐	rěnnài	to endure, to put up with
7	9051	削	xuē	to pare
7	9053	铲	chǎn	to scrape the ground with a spade
7	9053	奖杯	jiǎngbēi	trophy cup
7	9053	破碎	pòsuì	to smash to pieces
7	9054	除去	chúqù	to eliminate
7	9054	恐龙	kǒnglóng	dinosaur
7	9060	通宵	tōngxiāo	all night
7	9069	值钱	zhíqián	valuable
7	9075	理会	lǐhuì	to understand
7	9076	南瓜	nánguā	pumpkin
7	9077	发热	fārè	to have a high temperature
7	9083	抵制	dǐzhì	to resist
7	9085	境地	jìngdì	circumstances
7	9086	贪婪	tānlán	avaricious
7	9088	逆	nì	contrary
7	9103	得罪	dézuì	to commit an offense
7	9104	跨越	kuàyuè	to step across
7	9105	保重	bǎozhòng	to take care of oneself
7	9105	奢侈	shēchǐ	luxurious
7	9107	信件	xìnjiàn	letter
7	9112	奇特	qítè	peculiar
7	9120	严峻	yánjùn	grim
7	9123	巷	xiàng	lane
7	9128	平稳	píngwěn	smooth, steady
7	9130	粪	fèn	manure
7	9131	框	kuàng	frame
7	9132	惯	guàn	accustomed to
7	9147	舆论	yúlùn	public opinion
7	9153	预告	yùgào	to forecast
7	9156	禁区	jìnqū	restricted area, forbidden zone
7	9157	身影	shēnyǐng	silhouette
7	9158	倾斜	qīngxié	to incline
7	9158	事迹	shìjì	notable deeds, exploits
7	9165	物资	wùzī	goods
7	9171	时段	shíduàn	time interval
7	9174	招牌	zhāopai	signboard
7	9179	价值观	jiàzhíguān	value system
7	9180	支柱	zhīzhù	mainstay
7	9182	异议	yìyì	objection, dissent
7	9183	一心	yīxīn	wholeheartedly
7	9186	宣告	xuāngào	to declare
7	9187	弓	gōng	a bow
7	9187	一头	yītóu	one head
7	9189	变革	biàngé	to transform
7	9191	空虚	kōngxū	hollow
7	9211	喇叭	lǎba	horn
7	9214	露面	lòumiàn	to show one's face
7	9217	免得	miǎnde	so as not to, so as to avoid
7	9222	暗中	ànzhōng	in the dark
7	9224	坚守	jiānshǒu	to hold fast to
7	9225	计较	jìjiào	to bother about
7	9231	帆	fān	sail
7	9246	捆	kǔn	a bunch
7	9252	贩卖	fànmài	to sell
7	9252	无能	wúnéng	incompetence
7	9258	至此	zhìcǐ	up until now
7	9259	产物	chǎnwù	product
7	9264	耀眼	yàoyǎn	to dazzle
7	9266	慢性	mànxìng	slow and patient
7	9267	富翁	fùwēng	rich person
7	9269	蒸	zhēng	to evaporate
7	9270	流畅	liúchàng	flowing
7	9272	崛起	juéqǐ	to rise abruptly
7	9273	点子	diǎnzi	spot
7	9274	苍蝇	cāngying	housefly
7	9275	平面	píngmiàn	plane
7	9276	过头	guòtóu	to overdo it
7	9281	搂	lǒu	to hug
7	9283	葬礼	zànglǐ	burial
7	9285	包袱	bāofu	wrapping cloth
7	9289	窗帘	chuānglián	window curtains
7	9290	引人注目	yǐnrénzhùmù	to attract attention
7	9293	诸位	zhūwèi	everyone
7	9297	改装	gǎizhuāng	to change one's costume
7	9307	缴	jiǎo	to hand in, to hand over, to pay
7	9308	核实	héshí	to verify, to check
7	9308	乡下	xiāngxia	countryside
7	9313	咽	yàn	to swallow
7	9324	冷冻	lěngdòng	to freeze
7	9326	胜负	shèngfù	victory or defeat
7	9330	畸形	jīxíng	deformed, malformed
7	9334	鸽子	gēzi	pigeon
7	9336	发财	fācái	to get rich
7	9346	往常	wǎngcháng	usual
7	9346	隐蔽	yǐnbì	to conceal
7	9347	救济	jiùjì	emergency relief
7	9349	复苏	fùsū	to recover
7	9351	糊	hú	to paste, to glue
7	9351	终生	zhōngshēng	throughout one's life
7	9356	竞技	jìngjì	competition of skill
7	9363	专栏	zhuānlán	special column
7	9367	分辨	fēnbiàn	to distinguish, to differentiate
7	9377	贵宾	guìbīn	honored guest
7	9379	实体	shítǐ	entity
7	9382	诺言	nuòyán	promise
7	9387	迷恋	míliàn	to be infatuated with
7	9387	赞扬	zànyáng	to praise
7	9390	筹集	chóují	to collect money, to raise funds
7	9393	借用	jièyòng	to borrow sth for another use
7	9393	派遣	pàiqiǎn	to send, to dispatch
7	9394	揪	jiū	to seize
7	9399	首饰	shǒushì	jewelry
7	9409	不容	bùróng	must not
7	9409	强盗	qiángdào	to rob
7	9411	临近	línjìn	to approach, to draw near
7	9412	架子	jiàzi	shelf
7	9416	一如既往	yīrújìwǎng	just as in the past, as before
7	9417	安宁	ānníng	peaceful
7	9418	卷入	juǎnrù	to be drawn into
7	9421	契约	qìyuē	agreement
7	9426	携手	xiéshǒu	hand in hand
7	9428	倾诉	qīngsù	to say everything
7	9432	海湾	hǎiwān	bay
7	9439	情愿	qíngyuàn	willingness
7	9443	头衔	tóuxián	title
7	9447	心事	xīnshì	a load on one's mind
7	9449	依法	yīfǎ	legal
7	9449	肢体	zhītǐ	limb
7	9452	捕捉	bǔzhuō	to catch, to seize, to capture
7	9458	筋	jīn	muscle
7	9459	遇难	yùnàn	to perish
7	9461	过不去	guòbuqù	to make life difficult for
7	9468	肇事	zhàoshì	to cause an accident
7	9469	气势	qìshì	imposing manner
7	9472	斩	zhǎn	to behead
7	9488	猎人	lièrén	hunter
7	9491	丢脸	diūliǎn	to lose face
7	9496	慎重	shènzhòng	cautious
7	9497	医务	yīwù	medical affairs
7	9500	虚弱	xūruò	weak
7	9503	火花	huǒhuā	spark
7	9507	集装箱	jízhuāngxiāng	container
7	9514	全力以赴	quánlìyǐfù	to make an all-out effort
7	9515	航天	hángtiān	space flight
7	9517	猜想	cāixiǎng	to guess, to conjecture, to suppose
7	9517	协作	xiézuò	cooperation
7	9530	资讯	zīxùn	information
7	9534	蹭	cèng	to rub against
7	9535	误导	wùdǎo	to mislead
7	9536	孤立	gūlì	to isolate
7	9537	器材	qìcái	equipment
7	9542	航行	hángxíng	to sail
7	9542	无穷	wúqióng	endless
7	9548	前辈	qiánbèi	senior
7	9551	打发	dǎfa	to dispatch sb to do sth
7	9553	牢牢	láoláo	firmly
7	9558	收音机	shōuyīnjī	radio
7	9559	难以置信	nányǐzhìxìn	hard to believe, incredible
7	9562	起草	qǐcǎo	to make a draft
7	9568	麻木	mámù	numb
7	9571	葱	cōng	scallion
7	9572	出面	chūmiàn	to appear personally
7	9580	收视率	shōushìlǜ	ratings
7	9593	整合	zhěnghé	to conform
7	9595	出众	chūzhòng	to stand out
7	9598	反感	fǎngǎn	to be disgusted with
7	9598	营救	yíngjiù	to rescue
7	9598	照样	zhàoyàng	as before
7	9604	沉浸	chénjìn	to soak
7	9612	从头	cóngtóu	anew
7	9612	客房	kèfáng	guest room
7	9613	怀抱	huáibào	to hug
7	9614	野兽	yěshòu	beast
7	9615	当心	dāngxīn	to take care
7	9615	水源	shuǐyuán	water source
7	9619	同感	tónggǎn	same feeling
7	9620	操心	cāoxīn	to worry about
7	9622	学业	xuéyè	studies
7	9626	轰动	hōngdòng	to cause a sensation
7	9626	亩	mǔ	mu, Chinese unit of area equal to 1
7	9629	苦难	kǔnàn	suffering
7	9630	撬	qiào	to lift
7	9630	演技	yǎnjì	acting
7	9642	猛烈	měngliè	fierce, violent, vigorous, intense
7	9643	裁	cái	to cut out
7	9643	管家	guǎnjiā	butler, steward
7	9654	有待	yǒudài	not yet
7	9662	缝合	fénghé	to sew together
7	9664	手动	shǒudòng	manual
7	9675	示威	shìwēi	to demonstrate
7	9676	歌舞	gēwǔ	singing and dancing
7	9678	视角	shìjiǎo	angle from which one observes an object
7	9691	迷信	míxìn	superstition
7	9694	议	yì	to comment on
7	9697	慷慨	kāngkǎi	vehement, fervent
7	9700	烦躁	fánzào	jittery
7	9701	壮观	zhuàngguān	spectacular
7	9707	逢	féng	to meet by chance
7	9718	好说	hǎoshuō	easy to deal with, not a problem
7	9719	对策	duìcè	countermeasure for dealing with a
7	9719	扰乱	rǎoluàn	to disturb
7	9726	社团	shètuán	association
7	9736	阵地	zhèndì	position
7	9739	转悠	zhuànyou	to roll
7	9741	手头	shǒutóu	on hand
7	9742	测验	cèyàn	test
7	9742	溅	jiàn	to splash
7	9745	资深	zīshēn	senior, highly experienced, veteran
7	9753	确诊	quèzhěn	to make a definite diagnosis
7	9754	崇高	chónggāo	majestic
7	9755	特质	tèzhì	characteristic
7	9764	届时	jièshí	when the time comes
7	9766	寝室	qǐnshì	bedroom
7	9769	密封	mìfēng	to seal up
7	9773	高明	gāomíng	brilliant, superior, wise
7	9773	获悉	huòxī	to learn of sth
7	9775	疤	bā	scar
7	9777	叼	diāo	to hold with one's mouth
7	9777	堵塞	dǔsè	to clog up
7	9780	磕	kē	to tap, to knock, to knock
7	9781	分明	fēnmíng	clear
7	9786	料理	liàolǐ	to arrange
7	9790	礼品	lǐpǐn	gift
7	9801	填补	tiánbǔ	to fill a gap
7	9804	起伏	qǐfú	to move up and down
7	9804	手掌	shǒuzhǎng	palm
7	9806	否决	fǒujué	to veto
7	9809	中止	zhōngzhǐ	to cease
7	9811	移交	yíjiāo	to transfer
7	9812	挑衅	tiǎoxìn	to provoke, provocation
7	9813	功劳	gōngláo	contribution
7	9817	有幸	yǒuxìng	fortunately
7	9826	复发	fùfā	to recur
7	9828	丛林	cónglín	jungle
7	9829	演变	yǎnbiàn	to develop, to evolve
7	9834	精华	jīnghuá	best feature
7	9837	反射	fǎnshè	to reflect
7	9839	火热	huǒrè	fiery
7	9839	膨胀	péngzhàng	to expand
7	9840	更改	gēnggǎi	to alter
7	9842	丙	bǐng	third of the ten Heavenly Stems
7	9842	缺席	quēxí	to be absent
7	9844	标本	biāoběn	specimen, sample
7	9849	伤势	shāngshì	condition of an injury
7	9859	堤	dī	dike
7	9872	皱纹	zhòuwén	wrinkle
7	9875	拌	bàn	to mix
7	9881	机动	jīdòng	locomotive
7	9883	幻觉	huànjué	illusion
7	9885	过滤	guòlǜ	to filter
7	9888	偏见	piānjiàn	prejudice
7	9894	攀	pān	to climb
7	9895	气愤	qìfèn	indignant
7	9906	阶层	jiēcéng	social class
7	9913	抽屉	chōuti	drawer
7	9918	会场	huìchǎng	meeting place
7	9920	知觉	zhījué	perception
7	9924	审核	shěnhé	to audit
7	9925	飞翔	fēixiáng	to circle in the air
7	9935	零售	língshòu	to retail, to sell in small quantities
7	9945	敏锐	mǐnruì	keen, sharp, acute
7	9946	附加	fùjiā	additional
7	9951	粗糙	cūcāo	crude
7	9952	税务	shuìwù	taxation services
7	9956	破解	pòjiě	to break
7	9960	冷却	lěngquè	to cool
7	9962	化验	huàyàn	chemical examination
7	9965	坦诚	tǎnchéng	candid
7	9969	无私	wúsī	selfless
7	9973	劫持	jiéchí	to kidnap
7	9981	平行	píngxíng	parallel
7	9988	声誉	shēngyù	reputation
7	9989	掺	chān	to mix, to blend, to dilute
7	9989	相伴	xiāngbàn	to accompany sb
7	9994	人造	rénzào	man-made
7	9995	蚊子	wénzi	mosquito
7	10005	现任	xiànrèn	to occupy a post currently
7	10008	亲生	qīnshēng	one's own
7	10010	胡说	húshuō	to talk nonsense
7	10013	根源	gēnyuán	origin
7	10016	席位	xíwèi	a seat
7	10019	妄想	wàngxiǎng	to attempt vainly
7	10020	榨	zhà	to press
7	10026	玩耍	wánshuǎ	to play
7	10028	笼罩	lǒngzhào	to envelop
7	10029	卓越	zhuóyuè	outstanding
7	10030	保养	bǎoyǎng	to take good care of one's health
7	10030	全局	quánjú	overall situation
7	10032	响应	xiǎngyìng	to respond to
7	10033	瀑布	pùbù	waterfall
7	10037	动员	dòngyuán	to mobilize
7	10038	顾虑	gùlǜ	misgivings, apprehensions
7	10041	监护	jiānhù	to act as a guardian
7	10043	鳄鱼	èyú	alligator, crocodile
7	10053	恐吓	kǒnghè	to threaten
7	10056	百合	bǎihé	lily
7	10064	诚意	chéngyì	sincerity, good faith
7	10068	理所当然	lǐsuǒdāngrán	as it should be by rights
7	10069	痰	tán	phlegm
7	10072	必将	bìjiāng	inevitably
7	10074	数额	shù'é	amount
7	10075	部件	bùjiàn	part, component
7	10075	火腿	huǒtuǐ	ham
7	10078	悲痛	bēitòng	grieved
7	10088	所属	suǒshǔ	one's affiliation
7	10096	潇洒	xiāosǎ	confident and at ease
7	10105	了结	liǎojié	to settle
7	10111	倒计时	dàojìshí	to count down
7	10112	狡猾	jiǎohuá	crafty, cunning, sly
7	10116	闪烁	shǎnshuò	to glisten, to glitter, to twinkle
7	10123	卵	luǎn	egg, ovum, spawn
7	10144	秘诀	mìjué	secret know-how
7	10146	揭	jiē	to take the lid off
7	10148	同盟	tóngméng	alliance
7	10153	挑剔	tiāoti	picky
7	10160	器械	qìxiè	apparatus
7	10164	触动	chùdòng	to touch
7	10165	内幕	nèimù	inside story
7	10170	历程	lìchéng	course
7	10171	望远镜	wàngyuǎnjìng	telescope, binoculars
7	10172	要紧	yàojǐn	important
7	10173	重申	chóngshēn	to reaffirm
7	10174	庙	miào	temple
7	10176	神情	shénqíng	look, expression
7	10179	棺材	guāncai	coffin
7	10181	俘虏	fúlǔ	to take prisoner
7	10182	信誉	xìnyù	prestige
7	10183	耻辱	chǐrǔ	disgrace
7	10183	锤	chuí	hammer
7	10185	镇定	zhèndìng	calm
7	10185	租赁	zūlìn	to rent, to lease, to hire
7	10186	破案	pò'àn	to solve a criminal case
7	10192	规章	guīzhāng	rule, regulation
7	10193	施展	shīzhǎn	to use fully
7	10199	丧生	sàngshēng	to die
7	10210	山谷	shāngǔ	valley
7	10219	平淡	píngdàn	flat
7	10221	高压	gāoyā	high pressure
7	10227	管用	guǎnyòng	efficacious
7	10227	推理	tuīlǐ	reasoning
7	10234	礼仪	lǐyí	etiquette
7	10234	潜水	qiánshuǐ	to dive
7	10235	多半	duōbàn	most
7	10238	深情	shēnqíng	deep emotion, deep feeling, deep love
7	10239	凹	āo	concave, depressed, sunken, indented
7	10247	唠叨	láodao	to prattle
7	10247	新手	xīnshǒu	new hand
7	10248	简短	jiǎnduǎn	brief
7	10249	风尚	fēngshàng	current custom
7	10252	转播	zhuǎnbō	relay
7	10253	积蓄	jīxù	to save, to put aside
7	10255	管辖	guǎnxiá	to administer
7	10256	坟墓	fénmù	grave
7	10257	衰竭	shuāijié	failure, to fail
7	10264	苦恼	kǔnǎo	vexed
7	10265	团聚	tuánjù	to reunite
7	10266	丑陋	chǒulòu	ugly
7	10267	充当	chōngdāng	to serve as
7	10269	遍布	biànbù	to cover the whole
7	10271	泥土	nítǔ	earth, soil, mud, clay
7	10271	修补	xiūbǔ	to mend
7	10274	抚摸	fǔmō	to gently caress and stroke
7	10277	光滑	guānghuá	glossy, sleek, smooth
7	10281	同伙	tónghuǒ	colleague
7	10286	发抖	fādǒu	to tremble
7	10293	衷心	zhōngxīn	heartfelt
7	10296	司令	sīlìng	commanding officer
7	10305	若干	ruògān	a certain number or amount
7	10319	揭示	jiēshì	to reveal, to elucidate, to set forth
7	10321	标语	biāoyǔ	written slogan
7	10324	批判	pīpàn	to criticize
7	10332	筑	zhù	to build
7	10339	追赶	zhuīgǎn	to pursue
7	10345	阵营	zhènyíng	group of people
7	10347	难堪	nánkān	hard to take
7	10347	武力	wǔlì	military force
7	10349	演说	yǎnshuō	speech
7	10351	激起	jīqǐ	to arouse
7	10351	纳税人	nàshuìrén	taxpayer
7	10351	野心	yěxīn	ambition
7	10358	纳税	nàshuì	to pay taxes
7	10362	炼	liàn	to refine
7	10368	关照	guānzhào	to take care
7	10372	变更	biàngēng	to change
7	10372	配置	pèizhì	to deploy
7	10373	天鹅	tiān'é	swan
7	10375	断裂	duànliè	fracture
7	10378	油漆	yóuqī	oil paints
7	10388	古董	gǔdǒng	curio
7	10399	拟	nǐ	to plan to
7	10407	反弹	fǎntán	to bounce
7	10408	懂事	dǒngshì	to grow beyond the naivete of childhood
7	10410	奋力	fènlì	to do everything one can
7	10411	追随	zhuīsuí	to follow
7	10412	代号	dàihào	code name
7	10413	调解	tiáojiě	to mediate
7	10416	绯闻	fēiwén	sex scandal
7	10422	可耻	kěchǐ	shameful
7	10426	微妙	wēimiào	subtle
7	10426	幸亏	xìngkuī	fortunately
7	10429	反省	fǎnxǐng	to reflect upon oneself
7	10429	皇上	huángshang	the emperor
7	10431	本色	běnsè	inherent qualities
7	10434	鉴别	jiànbié	to differentiate, to distinguish
7	10435	意想不到	yìxiǎngbùdào	unexpected
7	10439	背面	bèimiàn	the back
7	10443	直径	zhíjìng	diameter
7	10449	过往	guòwǎng	to come and go
7	10449	换取	huànqǔ	to obtain in exchange
7	10450	忽悠	hūyou	to rock
7	10451	心血	xīnxuè	heart's blood
7	10453	忧虑	yōulǜ	to worry
7	10457	显而易见	xiǎn'éryìjiàn	clearly and easy to see, obviously
7	10458	防卫	fángwèi	to defend
7	10460	预先	yùxiān	beforehand, in advance
7	10467	人气	rénqì	popularity
7	10470	墓地	mùdì	cemetery
7	10473	遗失	yíshī	to lose, to leave behind
7	10474	公式	gōngshì	formula
7	10479	侵害	qīnhài	to encroach on
7	10481	表白	biǎobái	to explain oneself
7	10484	带头	dàitóu	to take the lead, to be the first
7	10487	四肢	sìzhī	the four limbs of the body
7	10489	酥	sū	flaky pastry
7	10492	烹饪	pēngrèn	cooking, culinary arts
7	10494	陶瓷	táocí	pottery and porcelain
7	10495	监察	jiānchá	to supervise
7	10495	讨好	tǎohǎo	to get the desired outcome
7	10499	发火	fāhuǒ	to catch fire
7	10502	丰满	fēngmǎn	ample
7	10508	任职	rènzhí	to hold a post, to take office
7	10526	创始人	chuàngshǐrén	creator, founder, initiator
7	10527	任性	rènxìng	willful
7	10533	玄	xuán	black
7	10534	帮手	bāngshǒu	helper; assistant
7	10541	仿	fǎng	to imitate
7	10543	以致	yǐzhì	with the result that
7	10558	化身	huàshēn	incarnation
7	10558	蒸发	zhēngfā	to evaporate
7	10560	编排	biānpái	to arrange
7	10562	实地	shídì	on-site
7	10567	立体	lìtǐ	three-dimensional
7	10568	精明	jīngmíng	astute, shrewd, smart
7	10569	滑稽	huájī	comical, funny, amusing
7	10570	高涨	gāozhǎng	to surge up
7	10577	善意	shànyì	goodwill
7	10577	宗旨	zōngzhǐ	objective
7	10579	上游	shàngyóu	upper reaches
7	10580	上任	shàngrèn	to take office
7	10583	探望	tànwàng	to visit
7	10585	举止	jǔzhǐ	bearing
7	10588	聘	pìn	to employ, to appoint
7	10589	忠于	zhōngyú	to be loyal to
7	10591	胜任	shèngrèn	qualified
7	10596	下跌	xiàdiē	to fall
7	10598	荒谬	huāngmiù	absurd, ridiculous
7	10602	拓展	tuòzhǎn	to expand, to extend, to broaden
7	10602	替换	tìhuàn	to exchange, to replace
7	10605	回馈	huíkuì	to repay a favor
7	10610	浓缩	nóngsuō	to concentrate, to condense
7	10612	放映	fàngyìng	to project, to show
7	10616	虚构	xūgòu	to make up
7	10619	肥皂	féizào	soap
7	10624	泄	xiè	to leak out, to discharge, to divulge
7	10632	贪	tān	to have a voracious desire for
7	10641	果断	guǒduàn	firm
7	10642	失效	shīxiào	to fail
7	10650	平原	píngyuán	field
7	10653	振奋	zhènfèn	to stir oneself up
7	10655	雕	diāo	to carve
7	10658	卑鄙	bēibǐ	base
7	10660	耳光	ěrguāng	a slap on the face
7	10669	披露	pīlù	to reveal
7	10672	判定	pàndìng	to judge
7	10677	务必	wùbì	must
7	10679	惊叹	jīngtàn	to exclaim in admiration
7	10681	拥护	yōnghù	to endorse, to support
7	10682	首脑	shǒunǎo	head
7	10688	意料	yìliào	to anticipate, to expect
7	10691	僵硬	jiāngyìng	stiff, rigid
7	10691	空前	kōngqián	unprecedented
7	10696	董事长	dǒngshìzhǎng	chairman of the board of directors
7	10696	油画	yóuhuà	oil painting
7	10698	旺盛	wàngshèng	vigorous
7	10707	克制	kèzhì	to restrain
7	10708	包容	bāoróng	to pardon
7	10710	驳回	bóhuí	to reject
7	10714	无形	wúxíng	incorporeal
7	10718	方针	fāngzhēn	policy
7	10725	张扬	zhāngyáng	to display ostentatiously
7	10726	风味	fēngwèi	distinctive flavor
7	10727	档次	dàngcì	grade
7	10730	歌剧	gējù	Western opera
7	10734	让步	ràngbù	to concede
7	10738	士气	shìqì	morale
7	10740	听从	tīngcóng	to listen and obey
7	10746	推断	tuīduàn	to infer
7	10747	领养	lǐngyǎng	to adopt
7	10749	货运	huòyùn	freight transport
7	10752	遗弃	yíqì	to leave
7	10752	芝麻	zhīma	sesame
7	10756	正直	zhèngzhí	upright
7	10764	平息	píngxī	to subside, to die down
7	10765	狭窄	xiázhǎi	narrow
7	10768	敬意	jìngyì	respect, esteem, high regard
7	10769	变换	biànhuàn	to transform
7	10770	布局	bùjú	arrangement
7	10770	贪污	tānwū	to be corrupt
7	10772	自如	zìrú	unobstructed
7	10785	雇主	gùzhǔ	employer
7	10789	峡谷	xiágǔ	canyon
7	10793	沐浴	mùyù	to bathe, to take a bath
7	10796	受理	shòulǐ	to accept to hear a case
7	10800	吉利	jílì	auspicious
7	10802	重现	chóngxiàn	to reappear
7	10818	微波炉	wēibōlú	microwave oven
7	10820	紊乱	wěnluàn	disorder
7	10824	废墟	fèixū	ruins
7	10824	萎缩	wěisuō	to wither
7	10825	扶持	fúchí	to help
7	10828	真情	zhēnqíng	real situation, the truth
7	10830	人品	rénpǐn	character, moral strength, integrity
7	10831	平和	pínghé	gentle
7	10832	稍稍	shāoshāo	somewhat
7	10833	沉迷	chénmí	to be engrossed
7	10836	票房	piàofáng	box office
7	10845	反驳	fǎnbó	to retort
7	10852	重量级	zhòngliàngjí	heavyweight class
7	10857	去向	qùxiàng	direction in which sb or sth has gone
7	10861	开办	kāibàn	to open
7	10861	脱颖而出	tuōyǐng'érchū	to reveal one's talent
7	10869	亮点	liàngdiǎn	highlight
7	10869	牵挂	qiānguà	to worry about
7	10871	火山	huǒshān	volcano
7	10875	环绕	huánrào	to surround
7	10878	驱逐	qūzhú	to expel
7	10885	补助	bǔzhù	to subsidize
7	10891	踹	chuài	to kick
7	10891	苛刻	kēkè	harsh, severe, demanding
7	10896	不知不觉	bùzhībùjué	unconsciously, unwittingly
7	10902	梳	shū	to comb
7	10904	裁定	cáidìng	ruling
7	10909	再现	zàixiàn	to recreate
7	10912	责怪	zéguài	to blame
7	10915	尽早	jǐnzǎo	as early as possible
7	10916	对照	duìzhào	to contrast
7	10921	纳入	nàrù	to bring into
7	10922	辨认	biànrèn	to recognize
7	10931	备忘录	bèiwànglù	memorandum
7	10933	奖项	jiǎngxiàng	award, prize
7	10935	家教	jiājiào	family education
7	10935	天性	tiānxìng	nature
7	10937	悬崖	xuányá	precipice
7	10938	埋怨	mányuàn	to complain
7	10942	冷战	lěngzhàn	cold war
7	10943	住户	zhùhù	household
7	10947	轨迹	guǐjì	locus
7	10947	指点	zhǐdiǎn	to point out
7	10951	行情	hángqíng	market price
7	10954	整洁	zhěngjié	neatly
7	10955	过失	guòshī	error
7	10956	苗	miáo	young plant, seedling
7	10956	先锋	xiānfēng	vanguard, pioneer, avant-garde
7	10957	常人	chángrén	ordinary person
7	10963	搅拌	jiǎobàn	to stir
7	10963	宣誓	xuānshì	to swear an oath
7	10964	全能	quánnéng	omnipotent
7	10966	颠覆	diānfù	to topple
7	10969	小丑	xiǎochǒu	clown
7	10973	海滨	hǎibīn	shore
7	10974	气管	qìguǎn	windpipe
7	10983	利率	lìlǜ	interest rate
7	10987	牵涉	qiānshè	to involve
7	10988	分支	fēnzhī	branch
7	10988	去除	qùchú	to remove
7	10995	流水	liúshuǐ	running water
7	10998	腐蚀	fǔshí	corrosion
7	10998	公道	gōngdào	justice
7	11000	公款	gōngkuǎn	public money
7	11000	辜负	gūfù	to fail to live up to, to let down
7	11001	活该	huógāi	serve sb right
7	11014	一塌糊涂	yītāhútu	muddled and completely collapsing
7	11015	上瘾	shàngyǐn	to get into a habit
7	11016	来宾	láibīn	guest
7	11017	忍心	rěnxīn	to have the heart to do sth
7	11020	太平	tàipíng	peace and security
7	11022	可谓	kěwèi	it could even be said
7	11030	后续	hòuxù	follow-up
7	11031	微弱	wēiruò	weak
7	11038	不愧	bùkuì	to be worthy of
7	11039	垄断	lǒngduàn	to monopolize
7	11043	玩弄	wánnòng	to play with
7	11044	开采	kāicǎi	to extract
7	11050	见解	jiànjiě	opinion
7	11051	抵挡	dǐdǎng	to resist
7	11059	酝酿	yùnniàng	to ferment
7	11061	揭发	jiēfā	to expose
7	11061	跳动	tiàodòng	to throb
7	11064	出头	chūtóu	to get out of a predicament
7	11067	阵容	zhènróng	troop arrangement
7	11071	烧毁	shāohuǐ	to destroy by fire
7	11074	饲料	sìliào	feed, fodder
7	11078	同等	tóngděng	equal to
7	11081	极力	jílì	to make a supreme effort
7	11088	除外	chúwài	to exclude
7	11089	拣	jiǎn	to choose
7	11091	递交	dìjiāo	to present
7	11092	倒塌	dǎotā	to collapse
7	11094	附属	fùshǔ	subsidiary
7	11097	屈服	qūfú	to surrender
7	11101	捍卫	hànwèi	to defend, to uphold, to safeguard
7	11102	点火	diǎnhuǒ	to ignite
7	11102	订购	dìnggòu	to place an order
7	11107	急于	jíyú	eager to
7	11114	不算	bùsuàn	to not calculate
7	11115	雪山	xuěshān	snow-capped mountain
7	11120	沸腾	fèiténg	to boil
7	11120	满怀	mǎnhuái	to have one's heart filled with
7	11121	君子	jūnzǐ	nobleman
7	11123	势头	shìtóu	power
7	11124	拎	līn	to lift up, to carry in one's hand
7	11125	小心翼翼	xiǎoxīnyìyì	cautious, careful, prudent
7	11129	风采	fēngcǎi	svelte
7	11136	插手	chāshǒu	to get involved in
7	11139	合伙	héhuǒ	to act jointly, to form a partnership
7	11148	前台	qiántái	stage
7	11148	全心全意	quánxīnquányì	heart and soul, wholeheartedly
7	11150	驾驭	jiàyù	to urge on
7	11154	共鸣	gòngmíng	to resonate, resonance
7	11156	绷	bēng	to draw tight, to stretch taut
7	11160	假冒	jiǎmào	to impersonate
7	11169	扳	bān	to pull
7	11171	乞丐	qǐgài	beggar
7	11173	高空	gāokōng	high altitude
7	11173	敬请	jìngqǐng	please
7	11175	放纵	fàngzòng	to indulge
7	11184	申报	shēnbào	to report
7	11187	冒充	màochōng	to feign
7	11192	流失	liúshī	to wash away
7	11195	高雅	gāoyǎ	dainty
7	11196	事态	shìtài	situation
7	11197	驱动	qūdòng	to drive
7	11199	恶性	èxìng	malignant
7	11201	担当	dāndāng	to take upon oneself
7	11202	差错	chācuò	mistake, slip-up, fault, error
7	11202	罐头	guàntou	tin
7	11208	攒	zǎn	to collect
7	11221	风度	fēngdù	elegance
7	11225	救治	jiùzhì	to provide critical care
7	11228	方向盘	fāngxiàngpán	steering wheel
7	11235	板块	bǎnkuài	slab
7	11240	接纳	jiēnà	to admit or welcome
7	11242	归属	guīshǔ	to belong to
7	11247	动感	dònggǎn	sense of movement
7	11249	棘手	jíshǒu	thorny
7	11251	尖锐	jiānruì	sharp
7	11253	休克	xiūkè	shock, to go into shock
7	11259	宽松	kuānsōng	spacious, roomy, uncrowded
7	11259	削弱	xuēruò	to weaken
7	11261	虔诚	qiánchéng	pious
7	11262	宣读	xuāndú	to read out loud to an audience
7	11269	着眼	zhuóyǎn	to have one's eyes on
7	11270	牢固	láogù	firm
7	11273	恨不得	hènbude	wishing one could do sth
7	11273	亲热	qīnrè	affectionate, intimate, warmhearted
7	11274	分量	fènliang	quantity, weight, measure
7	11279	兑换	duìhuàn	to convert
7	11284	遗留	yíliú	to leave behind
7	11290	露天	lùtiān	outdoors
7	11291	巨头	jùtóu	tycoon
7	11299	赢家	yíngjiā	winner
7	11301	简洁	jiǎnjié	concise
7	11304	大肆	dàsì	wantonly
7	11315	悬念	xuánniàn	suspense in a movie, play etc
7	11327	微型	wēixíng	miniature, micro-, tiny
7	11329	反响	fǎnxiǎng	repercussions
7	11332	销	xiāo	to melt
7	11332	祖父	zǔfù	father's father
7	11342	眨眼	zhǎyǎn	to blink
7	11345	掉头	diàotóu	to turn one's head
7	11346	寂静	jìjìng	quiet
7	11350	伦理	lúnlǐ	ethics
7	11358	身价	shēnjià	social status
7	11358	畏惧	wèijù	to fear
7	11363	振作	zhènzuò	to bestir oneself
7	11365	莫非	mòfēi	can it be possible that
7	11366	城墙	chéngqiáng	city wall
7	11376	驯	xùn	to attain gradually
7	11384	冲洗	chōngxǐ	to rinse, to wash
7	11387	接替	jiētì	to replace
7	11392	下台	xiàtái	to go off the stage
7	11395	宫殿	gōngdiàn	palace
7	11396	遗嘱	yízhǔ	testament
7	11397	现行	xiànxíng	to be in effect
7	11401	申领	shēnlǐng	to apply
7	11404	整顿	zhěngdùn	to tidy up
7	11433	撇	piē	to cast away
7	11436	仙女	xiānnǚ	fairy
7	11439	从容	cóngróng	to go easy
7	11441	艰巨	jiānjù	extremely difficult, challenging
7	11442	电信	diànxìn	telecommunications
7	11446	缺口	quēkǒu	nick
7	11450	疲倦	píjuàn	to tire
7	11459	钱财	qiáncái	wealth
7	11461	难关	nánguān	difficulty
7	11461	有望	yǒuwàng	hopeful
7	11462	峰会	fēnghuì	summit meeting
7	11463	镇静	zhènjìng	calm
7	11466	遥控	yáokòng	to direct operations from a remote
7	11477	顽固	wángù	stubborn, obstinate
7	11482	散布	sànbù	to disseminate
7	11489	搓	cuō	to rub or roll between the hands or
7	11491	份额	fèn'é	share
7	11493	愣	lèng	to look distracted
7	11500	颗粒	kēlì	kernel
7	11504	宝藏	bǎozàng	precious mineral deposits
7	11505	惭愧	cánkuì	ashamed
7	11513	构思	gòusī	to design
7	11514	海绵	hǎimián	sea sponge
7	11519	增添	zēngtiān	to add
7	11523	暧昧	àimèi	vague
7	11523	灭亡	mièwáng	to be destroyed, to become extinct
7	11532	弥漫	mímàn	to pervade
7	11536	配件	pèijiàn	component
7	11538	尊贵	zūnguì	respected
7	11539	秤	chèng	steelyard balance, Roman balance
7	11543	辩解	biànjiě	to explain
7	11543	缸	gāng	jar
7	11543	如意	rúyì	as one wants, according to one's wishes
7	11555	摔跤	shuāijiāo	to trip and fall
7	11557	退回	tuìhuí	to return
7	11558	紧迫	jǐnpò	pressing
7	11559	促成	cùchéng	to facilitate, to help bring about
7	11559	领队	lǐngduì	to lead a group
7	11561	贯穿	guànchuān	to run through
7	11565	一无所有	yīwúsuǒyǒu	not having anything at all
7	11568	规格	guīgé	standard
7	11570	高血压	gāoxuèyā	high blood pressure
7	11576	思绪	sīxù	train of thought
7	11577	振动	zhèndòng	to vibrate
7	11582	宣扬	xuānyáng	to publicize, to advertise
7	11586	牵扯	qiānchě	to involve, to implicate
7	11588	显示器	xiǎnshìqì	display device, monitor
7	11589	斗志	dòuzhì	will to fight
7	11594	如一	rúyī	consistent
7	11597	喝彩	hècǎi	to acclaim
7	11597	致使	zhìshǐ	to cause
7	11610	序	xù	order, sequence
7	11612	埋伏	máifú	to ambush
7	11617	结算	jiésuàn	to settle a bill, to close an account
7	11617	引诱	yǐnyòu	to coerce
7	11622	格式	géshì	form
7	11625	呛	qiāng	to choke
7	11628	不经意	bùjīngyì	not paying attention, carelessly
7	11631	调度	diàodù	to dispatch
7	11632	看台	kàntái	terrace
7	11633	燃油	rányóu	fuel oil
7	11636	审视	shěnshì	to look closely at
7	11646	半数	bànshù	half the number, half
7	11646	表彰	biǎozhāng	to honor
7	11648	过瘾	guòyǐn	to satisfy a craving
7	11648	前夕	qiánxī	eve
7	11652	赎	shú	to redeem
7	11652	养活	yǎnghuo	to provide for
7	11656	抗争	kàngzhēng	to resist
7	11688	电网	diànwǎng	electricity grid, power grid
7	11688	师范	shīfàn	teacher-training
7	11688	友善	yǒushàn	friendly
7	11691	出走	chūzǒu	to leave home
7	11691	浮现	fúxiàn	to come to mind
7	11692	兴奋剂	xīngfènjì	stimulant
7	11694	站立	zhànlì	to stand
7	11695	惊慌	jīnghuāng	to panic
7	11704	测定	cèdìng	to determine
7	11710	肥料	féiliào	fertilizer
7	11711	执照	zhízhào	license, permit
7	11719	滋润	zīrùn	moist
7	11727	寄托	jìtuō	to entrust
7	11732	歉意	qiànyì	apology
7	11736	报答	bàodá	to repay
7	11742	灯泡	dēngpào	light bulb
7	11743	捂	wǔ	to enclose
7	11746	可观	kěguān	worth seeing
7	11749	脱落	tuōluò	to drop off, to fall off, to fall out
7	11750	拿手	náshǒu	expert in
7	11751	核桃	hétao	walnut
7	11751	收敛	shōuliǎn	to dwindle, to vanish, to make vanish
7	11757	点评	diǎnpíng	to comment
7	11761	募捐	mùjuān	to solicit contributions
7	11766	傲慢	àomàn	arrogant
7	11767	开阔	kāikuò	wide
7	11767	脉搏	màibó	pulse
7	11771	掰	bāi	to break off or break open sth with
7	11774	选项	xuǎnxiàng	option, alternative, choice
7	11777	阻力	zǔlì	resistance
7	11781	全方位	quánfāngwèi	all around
7	11799	缘分	yuánfèn	fate or chance that brings people
7	11802	搏斗	bódòu	to wrestle, to fight, to struggle
7	11803	腐烂	fǔlàn	to rot
7	11803	足迹	zújì	footprint
7	11806	照料	zhàoliào	to tend
7	11813	怨恨	yuànhèn	to resent
7	11814	粪便	fènbiàn	excrement
7	11816	飞跃	fēiyuè	to leap
7	11816	合唱	héchàng	chorus
7	11816	冷酷	lěngkù	unfeeling, callous
7	11820	开拓	kāituò	to break new ground
7	11821	办事处	bànshìchù	office, agency, bureau
7	11824	风筝	fēngzhēng	kite
7	11824	要好	yàohǎo	to be on good terms
7	11833	怀旧	huáijiù	to feel nostalgic
7	11834	神仙	shénxiān	Daoist immortal
7	11835	一连串	yīliánchuàn	a succession of
7	11836	葬	zàng	to bury
7	11837	逃亡	táowáng	to flee, to go into exile
7	11841	抽签	chōuqiān	to perform divination with sticks
7	11845	无须	wúxū	need not
7	11857	柔和	róuhé	gentle
7	11860	迫害	pòhài	to persecute
7	11862	退缩	tuìsuō	to shrink back, to cower
7	11864	谅解	liàngjiě	to understand
7	11865	补给	bǔjǐ	supply
7	11865	颠倒	diāndǎo	to turn upside down
7	11867	无从	wúcóng	not to have access
7	11872	夜班	yèbān	night shift
7	11878	辛勤	xīnqín	hardworking, industrious
7	11887	粗暴	cūbào	crude, crass, rude, rough, harsh
7	11888	天线	tiānxiàn	antenna, aerial
7	11898	风流	fēngliú	distinguished and accomplished
7	11898	皇室	huángshì	royal family
7	11906	海峡	hǎixiá	strait, channel
7	11908	主宰	zhǔzǎi	to dominate
7	11909	光顾	guānggù	to visit
7	11910	成天	chéngtiān	all day long
7	11913	疑虑	yílǜ	hesitation
7	11914	情不自禁	qíngbùzìjīn	cannot refrain from, cannot help
7	11918	苏醒	sūxǐng	to come to
7	11919	解雇	jiěgù	to fire
7	11919	隐患	yǐnhuàn	a danger concealed within sth
7	11923	郑重	zhèngzhòng	serious
7	11926	坦率	tǎnshuài	frank, candid, straightforward
7	11928	烈士	lièshì	martyr
7	11933	笼子	lóngzi	cage, basket, container
7	11935	逃生	táoshēng	to flee for one's life
7	11936	阐述	chǎnshù	to expound
7	11945	轮廓	lúnkuò	outline, silhouette
7	11945	喜好	xǐhào	to like
7	11954	蒜	suàn	garlic
7	11962	门槛	ménkǎn	doorstep
7	11966	晚期	wǎnqī	later period
7	11968	妥善	tuǒshàn	appropriate, proper
7	11973	痴呆	chīdāi	stupid, dull
7	11975	一无所知	yīwúsuǒzhī	not knowing anything at all
7	11980	试探	shìtàn	to sound out
7	11982	壮大	zhuàngdà	to strengthen, to build up
7	11988	骚乱	sāoluàn	disturbance, riot
7	11991	收据	shōujù	receipt
7	11996	底层	dǐcéng	ground floor, first floor
7	12001	自以为是	zìyǐwéishì	to believe oneself infallible
7	12004	颁布	bānbù	to issue
7	12011	饲养	sìyǎng	to raise
7	12015	诚恳	chéngkěn	sincere
7	12020	假定	jiǎdìng	to assume
7	12022	女婿	nǚxu	daughter's husband, son-in-law
7	12030	匿名	nìmíng	anonymous
7	12032	凝聚	níngjù	to condense
7	12038	编制	biānzhì	to establish
7	12046	宽敞	kuānchang	spacious
7	12053	恩怨	ēnyuàn	gratitude and grudges
7	12053	面貌	miànmào	face, features
7	12055	专程	zhuānchéng	specifically
7	12056	分红	fēnhóng	dividend
7	12060	预示	yùshì	to indicate
7	12069	奔波	bēnbō	to rush about
7	12070	备份	bèifèn	backup
7	12070	偏僻	piānpì	remote
7	12073	真空	zhēnkōng	vacuum
7	12076	亲身	qīnshēn	personally, oneself
7	12077	小提琴	xiǎotíqín	fiddle
7	12078	原型	yuánxíng	model
7	12081	核对	héduì	to check
7	12094	坟	fén	grave
7	12096	领悟	lǐngwù	to understand
7	12099	安抚	ānfǔ	to placate
7	12112	废除	fèichú	to abolish
7	12116	扣除	kòuchú	to deduct
7	12118	素材	sùcái	source material
7	12124	催眠	cuīmián	to lull to sleep
7	12125	伺候	cìhou	to serve, to wait upon
7	12126	丢弃	diūqì	to discard
7	12127	出人意料	chūrényìliào	unexpected
7	12144	鼻涕	bítì	nasal mucus, snivel, snot
7	12145	融洽	róngqià	harmonious
7	12146	搭乘	dāchéng	to ride as a passenger
7	12148	切割	qiēgē	to cut
7	12154	潜能	qiánnéng	potential
7	12160	徒步	túbù	to be on foot
7	12169	邮政	yóuzhèng	postal service
7	12172	天桥	tiānqiáo	overhead walkway
7	12173	迁	qiān	to move
7	12182	拼搏	pīnbó	to struggle
7	12188	化解	huàjiě	to dissolve
7	12191	完好	wánhǎo	intact
7	12192	任期	rènqī	term of office
7	12193	围墙	wéiqiáng	perimeter wall
7	12195	好歹	hǎodǎi	good and bad
7	12197	凸	tū	to stick out, protruding, convex, male
7	12200	航海	hánghǎi	to sail the seas
7	12201	排行榜	páihángbǎng	the charts
7	12203	美满	měimǎn	happy
7	12206	绽放	zhànfàng	to blossom
7	12210	法制	fǎzhì	legal system and institutions
7	12211	转型	zhuǎnxíng	to undergo fundamental change
7	12213	暴躁	bàozào	irascible, irritable
7	12213	埋葬	máizàng	to bury
7	12214	协同	xiétóng	to cooperate
7	12223	痴迷	chīmí	infatuated
7	12228	初衷	chūzhōng	original intention
7	12230	丝绸	sīchóu	silk
7	12235	配偶	pèi'ǒu	spouse
7	12236	中立	zhōnglì	neutral
7	12237	灭绝	mièjué	to become extinct, to die out
7	12237	延误	yánwu	to delay
7	12240	截然不同	jiéránbùtóng	entirely different
7	12245	入场	rùchǎng	to enter the venue for a meeting
7	12247	容纳	róngnà	to hold
7	12248	无条件	wútiáojiàn	unconditional
7	12249	言行	yánxíng	words and actions
7	12257	开动	kāidòng	to start
7	12258	揽	lǎn	to monopolize, to seize
7	12260	体能	tǐnéng	physical capability
7	12261	饭碗	fànwǎn	rice bowl
7	12261	爪子	zhuǎzi	claw
7	12264	公然	gōngrán	openly
7	12267	洗礼	xǐlǐ	baptism
7	12278	扣押	kòuyā	to detain
7	12279	富豪	fùháo	rich and powerful person
7	12289	洞穴	dòngxué	cave
7	12289	胀	zhàng	to swell, to distend, to expand
7	12297	要害	yàohài	vital part
7	12299	坚实	jiānshí	firm and substantial
7	12299	醒目	xǐngmù	eye-grabbing
7	12300	组装	zǔzhuāng	to assemble, to put together
7	12301	向来	xiànglái	always
7	12302	投机	tóujī	congenial, agreeable
7	12318	黄昏	huánghūn	dusk
7	12326	交付	jiāofù	to hand over
7	12326	展望	zhǎnwàng	outlook
7	12330	情结	qíngjié	complex
7	12333	仪表	yíbiǎo	appearance
7	12335	庄严	zhuāngyán	solemn, dignified, stately
7	12339	蹬	dēng	to step on, to tread on
7	12344	主人公	zhǔréngōng	hero, main protagonist
7	12345	冷淡	lěngdàn	cold
7	12347	吉祥物	jíxiángwù	mascot
7	12348	草案	cǎo'àn	draft
7	12354	取暖	qǔnuǎn	to warm oneself
7	12355	过关	guòguān	to cross a barrier
7	12356	所作所为	suǒzuòsuǒwéi	one's conduct and deeds
7	12362	珍藏	zhēncáng	a collection of rare and valuable items
7	12366	抵御	dǐyù	to resist
7	12367	失利	shīlì	to lose
7	12368	安稳	ānwěn	steady, stable, sedate, calm, sound
7	12368	流露	liúlù	to reveal
7	12368	扑克	pūkè	poker
7	12369	别看	biékàn	don't be fooled by the fact that
7	12372	冤枉	yuānwang	to accuse wrongly
7	12373	信贷	xìndài	credit
7	12377	生机	shēngjī	opportunity to live, hope of success
7	12379	陷害	xiànhài	to entrap
7	12382	追溯	zhuīsù	lit. to go upstream
7	12385	体谅	tǐliàng	to empathize
7	12386	自卫	zìwèi	to defend oneself
7	12389	自责	zìzé	to blame oneself
7	12403	尾声	wěishēng	coda
7	12406	一举	yījǔ	a move
7	12408	聋	lóng	deaf
7	12415	脸颊	liǎnjiá	cheek
7	12424	破灭	pòmiè	to be shattered
7	12426	藏身	cángshēn	to hide
7	12428	祖母	zǔmǔ	father's mother, paternal grandmother
7	12437	缓和	huǎnhé	to ease
7	12438	戒备	jièbèi	to take precautions
7	12443	芽	yá	bud
7	12447	报销	bàoxiāo	to submit an expense account
7	12458	皇宫	huánggōng	imperial palace
7	12463	绣	xiù	to embroider, embroidery
7	12466	正宗	zhèngzōng	orthodox school
7	12467	结晶	jiéjīng	to crystallize
7	12476	嘉年华	jiāniánhuá	carnival
7	12483	范畴	fànchóu	category
7	12483	想方设法	xiǎngfāngshèfǎ	to think up every possible method
7	12486	索赔	suǒpéi	to ask for compensation
7	12486	自负	zìfù	conceited
7	12487	逼近	bījìn	to press on towards
7	12488	违章	wéizhāng	to break the rules
7	12490	牢记	láojì	to keep in mind, to remember
7	12498	特制	tèzhì	specially made, custom-made
7	12501	分担	fēndān	to share
7	12504	手艺	shǒuyì	craftmanship
7	12504	追问	zhuīwèn	to question closely
7	12505	双向	shuāngxiàng	bidirectional
7	12509	危及	wēijí	to endanger
7	12514	剃	tì	shave
7	12522	芭蕾	bālěi	ballet
7	12522	阴暗	yīn'àn	dim
7	12523	不予	bùyǔ	not to
7	12525	堡垒	bǎolěi	fort
7	12528	僵	jiāng	rigid
7	12532	领会	lǐnghuì	to understand
7	12532	敲诈	qiāozhà	to rip off
7	12534	举措	jǔcuò	move, act, measure
7	12541	美德	měidé	virtue
7	12547	欢快	huānkuài	cheerful and lighthearted
7	12553	参照	cānzhào	to consult a reference
7	12555	蜜月	mìyuè	honeymoon
7	12557	摇摆	yáobǎi	to sway
7	12558	优越	yōuyuè	superior
7	12573	开朗	kāilǎng	spacious and well-lit
7	12583	哨	shào	a whistle
7	12583	受害	shòuhài	to suffer damage, injury etc
7	12584	危急	wēijí	critical
7	12593	着迷	zháomí	to be fascinated
7	12604	复原	fùyuán	to restore to former condition
7	12608	随即	suíjí	immediately
7	12610	字眼	zìyǎn	wording
7	12610	做主	zuòzhǔ	to decide, to have the final say
7	12618	通缉	tōngjī	to order the arrest of sb as criminal
7	12620	文凭	wénpíng	diploma
7	12623	捎	shāo	to bring sth to sb
7	12628	无非	wúfēi	only
7	12628	总额	zǒng'é	total
7	12630	启程	qǐchéng	to set out on a journey
7	12631	提拔	tíbá	to promote to a higher job
7	12640	趁机	chènjī	to seize an opportunity
7	12642	劝说	quànshuō	to persuade
7	12643	随心所欲	suíxīnsuǒyù	to follow one's heart's desires
7	12646	皮革	pígé	leather
7	12648	绰号	chuòhào	nickname
7	12656	哑	yǎ	mute, dumb, incapable of speech
7	12662	图纸	túzhǐ	blueprint
7	12662	矣	yǐ	classical final particle
7	12670	观望	guānwàng	to wait and see
7	12672	告诫	gàojiè	to warn
7	12672	妖怪	yāoguài	monster
7	12675	政党	zhèngdǎng	political party
7	12694	译	yì	to translate
7	12695	商讨	shāngtǎo	to discuss
7	12697	凶残	xiōngcán	savage
7	12699	口香糖	kǒuxiāngtáng	chewing gum
7	12700	绞	jiǎo	to twist
7	12702	踪迹	zōngjì	tracks
7	12703	沉思	chénsī	to contemplate
7	12703	受贿	shòuhuì	to accept a bribe
7	12710	内存	nèicún	internal storage
7	12716	热潮	rècháo	wave of enthusiasm, craze, upsurge
7	12720	精密	jīngmì	accuracy
7	12730	质问	zhìwèn	to question
7	12733	掠夺	lu:èduó	to plunder
7	12734	剥削	bōxuē	to exploit
7	12743	编造	biānzào	to compile
7	12753	坦然	tǎnrán	calm
7	12754	间断	jiànduàn	disconnected
7	12755	细腻	xìnì	smooth, satiny, delicate
7	12765	控告	kònggào	to accuse, to charge, to indict
7	12778	晋升	jìnshēng	to promote to a higher position
7	12778	蜡	là	candle
7	12781	典范	diǎnfàn	model
7	12802	溶解	róngjiě	to dissolve
7	12808	划算	huásuàn	to calculate
7	12813	栏目	lánmù	regular column or segment
7	12817	矫正	jiǎozhèng	to correct
7	12839	疏忽	shūhu	to neglect
7	12841	执着	zhízhuó	dedicated, devoted, persistent
7	12843	半岛	bàndǎo	peninsula
7	12853	粉末	fěnmò	fine powder
7	12859	衰退	shuāituì	to decline
7	12861	结识	jiéshí	to get to know sb
7	12865	缺失	quēshī	lack, deficiency
7	12867	呻吟	shēnyín	to moan, to groan
7	12869	号称	hàochēng	to be known as, to be nicknamed
7	12869	讨价还价	tǎojiàhuánjià	to haggle over price
7	12874	流淌	liútǎng	to flow
7	12877	雕刻	diāokè	to carve
7	12887	奏效	zòuxiào	to show results, to be effective
7	12889	挥霍	huīhuò	to squander money
7	12890	主权	zhǔquán	sovereignty
7	12896	干部	gànbù	cadre
7	12896	脱身	tuōshēn	to get away
7	12897	构建	gòujiàn	to construct
7	12898	恼火	nǎohuǒ	annoyed, riled, vexed
7	12905	归宿	guīsù	place to return to
7	12912	凳子	dèngzi	stool
7	12915	马力	mǎlì	horsepower
7	12915	争端	zhēngduān	dispute
7	12917	人道	réndào	human sympathy
7	12931	明朗	mínglǎng	bright
7	12937	不屑	bùxiè	to disdain to do sth
7	12939	叛逆	pànnì	to rebel
7	12941	辨别	biànbié	to distinguish, to differentiate
7	12942	铭记	míngjì	to engrave in one's memory
7	12948	责备	zébèi	to blame
7	12950	奢望	shēwàng	an extravagant hope
7	12950	严谨	yánjǐn	rigorous, strict, careful
7	12952	丰盛	fēngshèng	rich
7	12953	申办	shēnbàn	to apply for
7	12957	庄园	zhuāngyuán	manor
7	12963	冲刺	chōngcì	to sprint, to spurt, to dash
7	12964	刻苦	kèkǔ	hardworking
7	12965	后勤	hòuqín	logistics
7	12966	往日	wǎngrì	former days, the past
7	12970	老化	lǎohuà	to age
7	12971	议程	yìchéng	agenda
7	12979	敬佩	jìngpèi	to esteem
7	12980	宽恕	kuānshù	to forgive
7	12985	热衷	rèzhōng	to feel strongly about
7	12989	知己	zhījǐ	to know oneself
7	12996	捣乱	dǎoluàn	to disturb
7	13001	堪称	kānchēng	can be rated as
7	13006	着实	zhuóshí	truly
7	13015	腹泻	fùxiè	diarrhea
7	13022	劣势	lièshì	inferior
7	13025	胶囊	jiāonáng	capsule
7	13026	逼迫	bīpò	to force
7	13029	喂养	wèiyǎng	to feed
7	13031	溢	yì	to overflow
7	13041	运河	yùnhé	canal
7	13044	不得已	bùdéyǐ	to act against one's will
7	13045	框架	kuàngjià	frame
7	13050	巅峰	diānfēng	summit
7	13050	断定	duàndìng	to conclude
7	13050	复兴	fùxīng	to revive
7	13057	风趣	fēngqù	charm
7	13065	曲折	qūzhé	winding
7	13072	搁	gē	to put, to place, to leave
7	13073	离奇	líqí	odd, bizarre
7	13076	复查	fùchá	to check again, to re-examine
7	13076	王牌	wángpái	trump card
7	13094	施行	shīxíng	to put in place
7	13106	混淆	hùnxiáo	to obscure
7	13107	盛会	shènghuì	pageant
7	13109	投稿	tóugǎo	to submit articles for publication
7	13115	惊险	jīngxiǎn	perilous, touch-and-go, nerve-racking
7	13117	急剧	jíjù	rapid, sudden
7	13117	迎合	yínghé	to cater to
7	13120	厌烦	yànfán	bored, fed up with sth, sick of sth
7	13121	交涉	jiāoshè	to negotiate
7	13122	均衡	jūnhéng	equal
7	13123	教科书	jiàokēshū	textbook
7	13124	本意	běnyì	original idea
7	13125	锋利	fēnglì	sharp
7	13129	思索	sīsuǒ	to think deeply
7	13143	夸大	kuādà	to exaggerate
7	13145	编织	biānzhī	to weave, to knit, to plait, to braid
7	13145	改良	gǎiliáng	to improve
7	13146	渔船	yúchuán	fishing boat
7	13157	驻扎	zhùzhā	to station
7	13164	盟友	méngyǒu	ally
7	13172	正视	zhèngshì	to face squarely, to meet head on
7	13174	投身	tóushēn	to throw oneself into sth
7	13187	重任	zhòngrèn	heavy responsibility
7	13189	挤压	jǐyā	to squeeze, to compress
7	13190	施加	shījiā	to exert
7	13191	处分	chǔfèn	to discipline sb
7	13194	得手	déshǒu	to go smoothly, to come off, to succeed
7	13195	镶	xiāng	to inlay
7	13196	私自	sīzì	private, personal
7	13197	兼顾	jiāngù	to handle two or more responsibilities
7	13197	水域	shuǐyù	waters
7	13200	配音	pèiyīn	dubbing
7	13202	宏伟	hóngwěi	grand
7	13203	自然而然	zìrán'érrán	natural, unforced
7	13207	过剩	guòshèng	to be excessive
7	13207	精髓	jīngsuǐ	marrow, pith, quintessence, essence
7	13209	改动	gǎidòng	to alter
7	13212	惦记	diànjì	to think of
7	13216	岛屿	dǎoyǔ	island
7	13223	茫茫	mángmáng	boundless
7	13225	敏捷	mǐnjié	nimble
7	13229	禁忌	jìnjì	taboo
7	13235	新奇	xīnqí	novel, new, exotic
7	13246	越发	yuèfā	increasingly
7	13259	炭	tàn	wood charcoal
7	13266	针灸	zhēnjiǔ	acupuncture and moxibustion
7	13267	懒惰	lǎnduò	idle
7	13271	柴油	cháiyóu	diesel fuel
7	13271	回首	huíshǒu	to turn around, to look back
7	13274	酗酒	xùjiǔ	heavy drinking
7	13279	错觉	cuòjué	misconception
7	13282	陶醉	táozuì	to be infatuated with, to be drunk with
7	13291	未免	wèimiǎn	unavoidably
7	13296	池塘	chítáng	pool
7	13296	名言	míngyán	saying
7	13298	审批	shěnpī	to examine and approve
7	13303	示意	shìyì	to hint
7	13309	定居	dìngjū	to settle, to take up residence
7	13311	加紧	jiājǐn	to intensify
7	13313	蓝图	lántú	blueprint
7	13316	斑点	bāndiǎn	spot
7	13316	修养	xiūyǎng	accomplishment
7	13328	病症	bìngzhèng	disease
7	13328	首府	shǒufǔ	capital city of an autonomous region
7	13329	帆船	fānchuán	sailboat
7	13331	无缘	wúyuán	to have no opportunity
7	13332	抑郁症	yìyùzhèng	clinical depression
7	13334	熄灭	xīmiè	to stop burning
7	13340	防火墙	fánghuǒqiáng	firewall
7	13343	补救	bǔjiù	to remedy
7	13352	海啸	hǎixiào	tsunami
7	13353	定论	dìnglùn	final conclusion
7	13354	开辟	kāipì	to open up, to create, to establish
7	13355	外号	wàihào	nickname
7	13357	接见	jiējiàn	to receive sb
7	13361	筹划	chóuhuà	to plan and prepare
7	13361	胚胎	pēitāi	embryo
7	13362	疗效	liáoxiào	healing efficacy, healing effect
7	13367	漂浮	piāofú	to float
7	13372	革新	géxīn	to innovate
7	13373	空洞	kōngdòng	cavity
7	13373	声望	shēngwàng	reputation, prestige, public esteem
7	13381	呵护	hēhù	to bless
7	13391	守候	shǒuhòu	to wait for
7	13392	深切	shēnqiè	deeply felt
7	13393	路子	lùzi	method
7	13398	打量	dǎliang	to size sb up
7	13398	反常	fǎncháng	unusual
7	13398	敬业	jìngyè	dedicated to one's work
7	13400	视察	shìchá	to inspect
7	13412	刷新	shuāxīn	to renovate
7	13419	一行	yīxíng	party
7	13425	慰问	wèiwèn	to express sympathy, greetings
7	13426	泛滥	fànlàn	to overflow, to inundate, to flood
7	13427	磁带	cídài	magnetic tape
7	13433	大意	dàyì	general idea
7	13433	麻将	májiàng	mahjong
7	13437	毁坏	huǐhuài	to damage
7	13440	会晤	huìwù	to meet, formal meeting
7	13442	动向	dòngxiàng	trend, tendency
7	13443	焦急	jiāojí	anxiety
7	13447	顺其自然	shùnqízìrán	to let nature take its course
7	13447	体面	tǐmiàn	dignity, prestige, face
7	13451	胡乱	húluàn	careless
7	13454	随时随地	suíshísuídì	anytime and anywhere
7	13463	成品	chéngpǐn	finished goods
7	13470	扩	kuò	to enlarge
7	13472	牧场	mùchǎng	pasture
7	13472	嚷	rǎng	to shout
7	13476	凝固	nínggù	to freeze
7	13479	炒作	chǎozuò	to hype
7	13479	磨损	mósǔn	to suffer wear and tear
7	13480	意向	yìxiàng	intention
7	13484	源泉	yuánquán	fountainhead
7	13485	顺手	shùnshǒu	as an incidental action while doing sth
7	13487	觉悟	juéwù	to come to understand
7	13506	细微	xìwēi	tiny
7	13510	夕阳	xīyáng	sunset
7	13517	显眼	xiǎnyǎn	conspicuous
7	13519	简易	jiǎnyì	simple and easy
7	13520	欣喜	xīnxǐ	happy
7	13521	吓唬	xiàhu	to scare
7	13522	一齐	yīqí	at the same time
7	13526	温室	wēnshì	greenhouse
7	13539	检察	jiǎnchá	to inspect
7	13556	宠爱	chǒng'ài	to dote on sb
7	13559	摇晃	yáohuàng	to rock, to shake, to sway
7	13560	失明	shīmíng	to lose one's eyesight
7	13569	栏杆	lángān	railing
7	13570	兴致	xìngzhì	mood
7	13573	累积	lěijī	to accumulate
7	13574	静止	jìngzhǐ	still
7	13576	拴	shuān	to tie up
7	13579	拱	gǒng	to cup one's hands in salute
7	13583	荧光	yíngguāng	fluorescence, fluorescent light
7	13587	观测	guāncè	to observe
7	13609	到头来	dàotóulái	in the end
7	13610	缕	lǚ	strand
7	13611	发呆	fādāi	to stare blankly
7	13615	连同	liántóng	together with
7	13615	输液	shūyè	intravenous infusion
7	13615	自卑	zìbēi	to have low self-esteem
7	13626	圈套	quāntào	trap, snare, trick
7	13626	仲裁	zhòngcái	arbitration
7	13627	议题	yìtí	topic of discussion
7	13633	触犯	chùfàn	to violate
7	13636	茫然	mángrán	blankly
7	13643	身躯	shēnqū	body
7	13649	留恋	liúliàn	reluctant to leave
7	13650	一举一动	yījǔyīdòng	every movement, each and every move
7	13654	竭力	jiélì	to do one's utmost
7	13665	阻挠	zǔnáo	to thwart
7	13667	迄今	qìjīn	so far
7	13674	关头	guāntóu	juncture
7	13684	伴奏	bànzòu	to accompany
7	13684	失灵	shīlíng	out of order
7	13685	凝视	níngshì	to gaze at
7	13694	木偶	mù'ǒu	puppet
7	13694	无赖	wúlài	hoodlum
7	13698	诉说	sùshuō	to recount
7	13701	折叠	zhédié	to fold
7	13702	重型	zhòngxíng	heavy
7	13705	秘方	mìfāng	secret recipe
7	13706	轻而易举	qīng'éryìjǔ	easy
7	13708	地段	dìduàn	section
7	13710	吹牛	chuīniú	to talk big, to brag
7	13713	掀	xiān	to lift
7	13714	盗版	dàobǎn	pirated
7	13723	脾	pí	spleen
7	13733	顾及	gùjí	to take into consideration
7	13735	逼真	bīzhēn	lifelike
7	13741	无偿	wúcháng	free, no charge, at no cost
7	13746	当日	dàngrì	that very day
7	13750	遵照	zūnzhào	in accordance with
7	13753	花瓣	huābàn	petal
7	13762	性情	xìngqíng	nature
7	13765	豆子	dòuzi	bean
7	13779	羞愧	xiūkuì	ashamed
7	13781	聘用	pìnyòng	to employ
7	13787	精品	jīngpǐn	quality goods
7	13789	小看	xiǎokàn	to look down on
7	13797	快活	kuàihuo	happy
7	13811	轻视	qīngshì	contempt
7	13815	当众	dāngzhòng	in public
7	13819	好意	hǎoyì	good intention
7	13825	光泽	guāngzé	luster
7	13826	演练	yǎnliàn	to drill, to practice
7	13836	停顿	tíngdùn	to halt
7	13843	呐喊	nàhǎn	shout
7	13859	相继	xiāngjì	in succession
7	13862	发扬	fāyáng	to develop
7	13862	纵容	zòngróng	to tolerate or condone wrongdoing
7	13863	分化	fēnhuà	to split apart
7	13870	拖累	tuōlěi	to encumber
7	13871	算计	suànji	to reckon
7	13875	果真	guǒzhēn	really
7	13875	鞠躬	jūgōng	to bow
7	13877	孕育	yùnyù	to be pregnant
7	13882	悠闲	yōuxián	leisurely
7	13888	依次	yīcì	in order
7	13892	专职	zhuānzhí	special duty
7	13897	照耀	zhàoyào	to shine
7	13900	闸	zhá	sluice, sluice gate
7	13902	知足	zhīzú	content with one's situation
7	13908	前沿	qiányán	forward position
7	13912	客机	kèjī	passenger plane
7	13914	适时	shìshí	timely
7	13919	制约	zhìyuē	to restrict
7	13920	加盟	jiāméng	to join an alliance
7	13921	凶猛	xiōngměng	fierce
7	13923	留心	liúxīn	to be careful, to pay attention to
7	13927	低谷	dīgǔ	valley
7	13933	外貌	wàimào	profile
7	13941	如实	rúshí	as things really are
7	13947	裁员	cáiyuán	to cut staff
7	13966	风范	fēngfàn	air
7	13971	弟子	dìzǐ	disciple, follower
7	13972	喷泉	pēnquán	fountain
7	13974	断绝	duànjué	to sever, to break off
7	13977	贯彻	guànchè	to implement
7	13978	谋生	móushēng	to seek one's livelihood
7	13980	灵敏	língmǐn	smart
7	13990	名副其实	míngfùqíshí	not just in name only
7	14010	妥当	tuǒdang	appropriate
7	14013	裸露	luǒlù	naked, bare, uncovered, exposed
7	14016	公约	gōngyuē	convention
7	14021	悬挂	xuánguà	to suspend
7	14024	拖欠	tuōqiàn	in arrears
7	14028	自发	zìfā	spontaneous
7	14034	垫底	diàndǐ	to put sth on the bottom
7	14040	滚动	gǔndòng	to roll
7	14041	民用	mínyòng	civilian use
7	14042	深沉	shēnchén	deep
7	14044	民意	mínyì	public opinion
7	14052	惨重	cǎnzhòng	disastrous
7	14053	干劲	gànjìn	enthusiasm for doing sth
7	14056	扣留	kòuliú	to detain sb
7	14057	超标	chāobiāo	to cross the limit
7	14058	反面	fǎnmiàn	reverse side
7	14058	免除	miǎnchú	to prevent
7	14059	调料	tiáoliào	condiment
7	14059	掌管	zhǎngguǎn	in charge of
7	14061	构想	gòuxiǎng	to conceive
7	14062	下游	xiàyóu	lower reaches
7	14072	忌	jì	to be jealous of
7	14081	逝世	shìshì	to pass away
7	14083	寡妇	guǎfu	widow
7	14088	沉着	chénzhuó	steady
7	14094	摸索	mōsuo	to feel about
7	14106	收买	shōumǎi	to purchase, to buy
7	14109	款项	kuǎnxiàng	funds, a sum of money
7	14111	能耐	néngnài	ability
7	14122	好似	hǎosì	to seem
7	14122	通通	tōngtōng	all
7	14123	风波	fēngbō	disturbance
7	14129	来历	láilì	history
7	14134	仁慈	réncí	benevolent
7	14135	寻觅	xúnmì	to look for
7	14136	没完没了	méiwánméiliǎo	without end
7	14138	废品	fèipǐn	production rejects
7	14141	呼声	hūshēng	a shout
7	14151	盘旋	pánxuán	to spiral
7	14159	杂交	zájiāo	to hybridize
7	14160	开销	kāixiāo	to pay
7	14163	招数	zhāoshù	move
7	14168	沉闷	chénmèn	oppressive
7	14169	玩意儿	wányìr	toy
7	14170	微不足道	wēibùzúdào	negligible, insignificant
7	14182	钦佩	qīnpèi	to admire
7	14183	收支	shōuzhī	cash flow
7	14186	反倒	fǎndào	but on the contrary, but instead
7	14189	华人	Huárén	ethnic Chinese person or people
7	14194	书记	shūji	secretary
7	14195	拨款	bōkuǎn	to allocate funds
7	14195	渗	shèn	to seep
7	14201	灌输	guànshū	to imbue with
7	14207	蘸	zhàn	to dip in
7	14208	突破口	tūpòkǒu	breach
7	14222	敬礼	jìnglǐ	to salute
7	14224	劣质	lièzhì	shoddy, of poor quality
7	14227	透气	tòuqì	to flow freely
7	14234	容貌	róngmào	one's appearance
7	14235	桨	jiǎng	oar, paddle
7	14246	容许	róngxǔ	to permit
7	14247	不由自主	bùyóuzìzhǔ	can't help but, involuntarily
7	14247	疼爱	téng'ài	to love dearly, to dote on
7	14248	鲜活	xiānhuó	vivid, lively
7	14265	得力	délì	able
7	14273	诽谤	fěibàng	to slander
7	14275	先例	xiānlì	precedent
7	14278	直达	zhídá	to reach directly
7	14286	譬如	pìrú	for example, for instance, such as
7	14289	吃亏	chīkuī	to suffer losses
7	14292	论证	lùnzhèng	to prove a point
7	14296	心胸	xīnxiōng	heart
7	14301	输血	shūxuè	to transfuse blood
7	14306	悼念	dàoniàn	to grieve
7	14307	焚烧	fénshāo	to burn
7	14308	察看	chákàn	to watch
7	14312	纽带	niǔdài	tie
7	14314	竭尽全力	jiéjìnquánlì	to spare no effort, to do one's utmost
7	14321	摆设	bǎishè	to set out
7	14321	香料	xiāngliào	spice
7	14324	得体	détǐ	appropriate to the occasion
7	14325	对峙	duìzhì	to stand facing each other
7	14328	苗条	miáotiao	slim
7	14329	自立	zìlì	independent
7	14334	濒临	bīnlín	on the edge of
7	14334	美化	měihuà	to make more beautiful
7	14358	屏障	píngzhàng	barrier
7	14364	煲	bāo	deep cooking pot
7	14374	偷懒	tōulǎn	to be lazy when effort is expected
7	14377	出资	chūzī	to fund
7	14386	厚道	hòudao	kind and honest
7	14387	横向	héngxiàng	horizontal
7	14394	挽	wǎn	to pull
7	14398	就职	jiùzhí	to take office, to assume a post
7	14400	好在	hǎozài	luckily
7	14403	升值	shēngzhí	to rise in value
7	14409	专长	zhuāncháng	specialty
7	14411	高傲	gāo'ào	arrogant
7	14431	孵化	fūhuà	breeding
7	14432	包扎	bāozā	to wrap up
7	14433	冲浪	chōnglàng	to surf
7	14435	肩负	jiānfù	to shoulder
7	14439	陈旧	chénjiù	old-fashioned, out of date, obsolete
7	14440	纪念碑	jìniànbēi	monument
7	14441	直视	zhíshì	to look straight at
7	14442	收留	shōuliú	to offer shelter
7	14446	传单	chuándān	leaflet, flier, pamphlet
7	14451	分割	fēngē	to cut up
7	14458	耽搁	dānge	to delay, to hold up
7	14459	烟火	yānhuǒ	smoke and fire
7	14483	表述	biǎoshù	to express, to articulate, to formulate
7	14491	回味	huíwèi	to call to mind and ponder over
7	14501	顺畅	shùnchàng	smooth and unhindered
7	14515	曙光	shǔguāng	the first light of dawn
7	14522	嫂子	sǎozi	older brother's wife, sister-in-law
7	14528	胸膛	xiōngtáng	chest
7	14537	带队	dàiduì	to lead a team
7	14542	血缘	xuèyuán	bloodline
7	14554	漫游	mànyóu	to travel around
7	14561	眯	mī	to narrow one's eyes
7	14562	情调	qíngdiào	ambience, mood, flavor
7	14569	繁华	fánhuá	flourishing
7	14585	上限	shàngxiàn	upper bound
7	14589	煽动	shāndòng	to incite
7	14607	崇尚	chóngshàng	to hold up
7	14607	记性	jìxing	memory
7	14611	渺小	miǎoxiǎo	minute
7	14616	姓氏	xìngshì	family name
7	14622	安逸	ānyì	easy and comfortable
7	14622	出台	chūtái	to officially launch
7	14622	牲畜	shēngchù	farm animal, livestock
7	14623	强项	qiángxiàng	key strength
7	14628	光盘	guāngpán	compact disc, DVD, CD-ROM
7	14629	朦胧	ménglóng	dim
7	14630	立足	lìzú	to stand
7	14639	钉子	dīngzi	nail
7	14646	打捞	dǎlāo	to salvage
7	14649	子孙	zǐsūn	offspring
7	14652	施压	shīyā	to pressure
7	14661	交接	jiāojiē	to come into contact
7	14666	耗费	hàofèi	to waste
7	14676	福气	fúqi	good fortune
7	14680	受苦	shòukǔ	to suffer hardship
7	14686	明媚	míngmèi	bright and beautiful
7	14688	家政	jiāzhèng	housekeeping
7	14691	胡闹	húnào	to act willfully and make a scene
7	14692	践踏	jiàntà	to trample
7	14706	用意	yòngyì	intention
7	14710	埋藏	máicáng	to bury
7	14712	迁移	qiānyí	to migrate
7	14714	窑	yáo	kiln
7	14718	路段	lùduàn	stretch of road
7	14722	流向	liúxiàng	direction of a current
7	14723	估算	gūsuàn	assessment
7	14725	清澈	qīngchè	clear, limpid
7	14727	官僚	guānliáo	bureaucrat
7	14739	费劲	fèijìn	to require effort
7	14765	光环	guānghuán	ring of light, halo, glory, splendor
7	14775	没劲	méijìn	to have no strength
7	14777	搬迁	bānqiān	to move
7	14786	花纹	huāwén	decorative design
7	14789	黑马	hēimǎ	dark horse
7	14791	胡思乱想	húsīluànxiǎng	to indulge in flights of fancy
7	14797	寺庙	sìmiào	temple
7	14805	高昂	gāo'áng	to hold high
7	14822	无理	wúlǐ	irrational
7	14830	侵权	qīnquán	to infringe the rights of
7	14848	像样	xiàngyàng	presentable
7	14849	字体	zìtǐ	calligraphic style
7	14851	铸造	zhùzào	to cast
7	14861	冒犯	màofàn	to offend
7	14868	由衷	yóuzhōng	heartfelt
7	14870	就诊	jiùzhěn	to see a doctor
7	14872	浸泡	jìnpào	to steep
7	14872	三维	sānwéi	three-dimensional
7	14882	动弹	dòngtan	to budge
7	14883	自然界	zìránjiè	nature
7	14884	交锋	jiāofēng	to cross swords
7	14885	恰到好处	qiàdàohǎochù	it's just perfect
7	14901	藏匿	cángnì	to cover up
7	14902	无关紧要	wúguānjǐnyào	indifferent
7	14903	尺度	chǐdù	scale
7	14904	梳理	shūlǐ	to comb
7	14907	攀升	pānshēng	to clamber up
7	14908	心得	xīndé	what one has learned
7	14909	高额	gāo'é	high quota
7	14912	转达	zhuǎndá	to pass on
7	14913	僵局	jiāngjú	impasse
7	14914	黏	nián	sticky, glutinous
7	14916	倡导	chàngdǎo	to advocate
7	14918	定向	dìngxiàng	to orientate
7	14918	私立	sīlì	privately-run, private
7	14930	私营	sīyíng	privately-owned
7	14932	吊销	diàoxiāo	to suspend
7	14932	定做	dìngzuò	to have something made to order
7	14933	遏制	èzhì	to check
7	14936	老乡	lǎoxiāng	fellow townsman, fellow villager
7	14938	稳固	wěngù	stable
7	14942	索取	suǒqǔ	to ask
7	14949	延缓	yánhuǎn	to defer
7	14949	主体	zhǔtǐ	main part
7	14955	恭维	gōngwei	to compliment, to praise
7	14956	财经	cáijīng	finance and economics
7	14961	抨击	pēngjī	to attack
7	14965	荒	huāng	desolate
7	14965	实物	shíwù	material object
7	14967	瞅	chǒu	to look at
7	14968	摇篮	yáolán	cradle
7	14974	昔日	xīrì	former days
7	14997	当务之急	dāngwùzhījí	top priority job
7	14998	入场券	rùchǎngquàn	admission ticket
7	15005	灵通	língtōng	fast and abundant
7	15006	受骗	shòupiàn	to be cheated
7	15007	涮	shuàn	to rinse, to swish
7	15011	勾结	gōujié	to collude with
7	15011	时节	shíjié	season, time
7	15013	揣	chuāi	to put into
7	15026	宫廷	gōngtíng	court
7	15031	评定	píngdìng	to evaluate
7	15034	良性	liángxìng	positive
7	15043	图形	túxíng	picture
7	15045	更衣室	gēngyīshì	change room, dressing room, locker room
7	15045	主页	zhǔyè	home page
7	15045	作废	zuòfèi	to become invalid
7	15054	承载	chéngzài	to bear the weight
7	15055	功率	gōnglǜ	power
7	15059	国有	guóyǒu	nationalized
7	15063	碰巧	pèngqiǎo	by chance
7	15065	导向	dǎoxiàng	to be oriented towards
7	15069	欠缺	qiànquē	to be deficient in
7	15070	猩猩	xīngxing	orangutan
7	15079	交替	jiāotì	to replace
7	15079	媒介	méijiè	intermediary
7	15094	迟疑	chíyí	to hesitate
7	15109	着重	zhuózhòng	to put emphasis on, to stress
7	15115	惋惜	wǎnxī	to regret
7	15123	价位	jiàwèi	price level
7	15126	缠绕	chánrào	twisting
7	15129	汇聚	huìjù	convergence
7	15130	撰写	zhuànxiě	to write
7	15140	宣泄	xuānxiè	to drain
7	15147	上岗	shànggǎng	to take up one's post, to go on duty
7	15158	教养	jiàoyǎng	to educate, to bring up, to nurture
7	15162	透支	tòuzhī	to overdraw
7	15170	杂技	zájì	acrobatics
7	15174	秃	tū	bald
7	15199	液晶	yèjīng	liquid crystal
7	15207	响亮	xiǎngliàng	loud and clear, resounding
7	15212	附带	fùdài	supplementary
7	15219	咀嚼	jǔjué	to chew
7	15238	开发商	kāifāshāng	developer
7	15240	更正	gēngzhèng	to correct
7	15242	风水	fēngshuǐ	feng shui
7	15243	磨难	mónàn	a torment
7	15246	幸存	xìngcún	to survive
7	15251	乃至	nǎizhì	and even, to go so far as to
7	15251	乞讨	qǐtǎo	to beg
7	15254	耸	sǒng	to excite
7	15256	转折	zhuǎnzhé	shift in the trend of events
7	15263	跨国	kuàguó	transnational
7	15265	总和	zǒnghé	sum
7	15269	章程	zhāngchéng	rules
7	15272	劳累	láolèi	tired
7	15273	刑法	xíngfǎ	criminal law
7	15274	口子	kǒuzi	hole
7	15276	体质	tǐzhì	constitution
7	15281	算数	suànshù	to count numbers
7	15281	阻拦	zǔlán	to stop
7	15283	丛	cóng	cluster
7	15306	取笑	qǔxiào	to tease, to make fun of
7	15306	子弟	zǐdì	child
7	15320	动荡	dòngdàng	unrest
7	15322	嗜好	shìhào	hobby, indulgence, habit, addiction
7	15332	沿途	yántú	along the sides of the road
7	15338	腥	xīng	fishy
7	15343	外汇	wàihuì	foreign exchange
7	15351	摘要	zhāiyào	summary
7	15352	唤起	huànqǐ	to waken
7	15353	和睦	hémù	peaceful relations
7	15355	毅力	yìlì	perseverance
7	15356	去处	qùchù	place
7	15359	慌乱	huāngluàn	frenetic
7	15369	爱戴	àidài	to love and respect
7	15370	功力	gōnglì	merit
7	15377	霸道	bàdào	the Way of the Hegemon
7	15377	仓促	cāngcù	all of a sudden
7	15382	诚挚	chéngzhì	sincere
7	15387	粗鲁	cūlǔ	coarse
7	15387	照常	zhàocháng	as usual
7	15402	堆积	duījī	to pile up
7	15404	慌张	huāngzhāng	flustered
7	15406	致富	zhìfù	to become rich
7	15411	无话可说	wúhuàkěshuō	to have nothing to say
7	15418	凑合	còuhe	to bring together
7	15419	破旧	pòjiù	shabby
7	15420	顶多	dǐngduō	at most
7	15423	印章	yìnzhāng	seal
7	15426	承包	chéngbāo	to contract
7	15427	职能	zhínéng	function
7	15431	波浪	bōlàng	wave
7	15438	定金	dìngjīn	down payment
7	15445	提防	dīfang	to guard against
7	15452	侵占	qīnzhàn	to invade and occupy
7	15453	观摩	guānmó	to observe and emulate
7	15454	过道	guòdào	passageway
7	15457	相通	xiāngtōng	interlinked
7	15462	得当	dédàng	appropriate
7	15464	偏远	piānyuǎn	remote
7	15465	忙活	mánghuo	to be really busy
7	15469	带路	dàilù	to lead the way, to guide
7	15469	精细	jīngxì	fine
7	15474	行家	hángjiā	connoisseur, expert, veteran
7	15475	墨水	mòshuǐ	ink
7	15477	格局	géjú	structure
7	15508	咽喉	yānhóu	throat
7	15514	敬爱	jìng'ài	to respect and love
7	15524	看护	kānhù	to nurse
7	15531	点缀	diǎnzhuì	to decorate
7	15531	礼堂	lǐtáng	assembly hall, auditorium
7	15534	作物	zuòwù	crop
7	15536	抠	kōu	to dig, to pick, to scratch
7	15544	合乎	héhū	to accord with, to conform to
7	15544	觉醒	juéxǐng	to awaken
7	15547	家禽	jiāqín	poultry
7	15555	岳父	yuèfù	wife's father, father-in-law
7	15557	选用	xuǎnyòng	to choose for some purpose
7	15560	动身	dòngshēn	to go on a journey
7	15561	督促	dūcù	to supervise and urge completion of a
7	15567	滞留	zhìliú	to remain in, to be stranded
7	15571	颓废	tuífèi	decadent
7	15579	时而	shí'ér	occasionally, from time to time
7	15581	盛开	shèngkāi	blooming
7	15583	柱子	zhùzi	pillar
7	15586	周密	zhōumì	careful, thorough, meticulous
7	15593	偷窥	tōukuī	to peep
7	15602	机智	jīzhì	quick-witted
7	15604	必不可少	bìbùkěshǎo	absolutely necessary
7	15606	新式	xīnshì	new style, latest type
7	15613	倘若	tǎngruò	if, supposing, in case
7	15613	烟囱	yāncōng	chimney, smokestack, stovepipe
7	15617	素食	sùshí	vegetarian food
7	15621	报废	bàofèi	to scrap, to dispose of
7	15623	试点	shìdiǎn	test point
7	15626	纺织	fǎngzhī	spinning and weaving
7	15629	丑恶	chǒu'è	ugly
7	15630	闹事	nàoshì	to cause trouble
7	15631	年薪	niánxīn	annual salary
7	15634	梯子	tīzi	ladder, stepladder
7	15654	剧目	jùmù	theatrical piece
7	15677	家用	jiāyòng	home-use
7	15685	准许	zhǔnxǔ	to allow
7	15697	看管	kānguǎn	to look after
7	15697	时时	shíshí	often
7	15698	简陋	jiǎnlòu	simple and crude
7	15699	重叠	chóngdié	to overlap
7	15701	只管	zhǐguǎn	solely engrossed in one thing
7	15711	压倒	yādǎo	to overwhelm
7	15711	曰	yuē	to speak
7	15715	嫌弃	xiánqì	to regard with disdain, to shun
7	15719	基层	jīcéng	basic level
7	15725	栽培	zāipéi	to grow
7	15731	灌溉	guàngài	to irrigate
7	15733	归结	guījié	to sum up, to conclude
7	15735	平日	píngrì	ordinary day
7	15738	参见	cānjiàn	to refer to
7	15744	向导	xiàngdǎo	guide
7	15746	无家可归	wújiākěguī	homeless
7	15754	敷衍	fūyǎn	to elaborate
7	15766	恳求	kěnqiú	to beg
7	15769	批发	pīfā	wholesale
7	15774	可贵	kěguì	to be treasured
7	15782	松弛	sōngchí	to relax
7	15788	路途	lùtú	road
7	15793	运算	yùnsuàn	to perform calculations
7	15794	张贴	zhāngtiē	to post
7	15795	湿润	shīrùn	moist
7	15818	致辞	zhìcí	to express in words or writing
7	15821	文盲	wénmáng	illiterate
7	15829	瓦解	wǎjiě	to collapse, to disintegrate, to crumble
7	15832	腐朽	fǔxiǔ	rotten
7	15845	厄运	èyùn	bad luck
7	15847	误差	wùchā	difference
7	15852	后遗症	hòuyízhèng	sequelae
7	15855	力求	lìqiú	to make every effort to
7	15869	接力	jiēlì	relay
7	15871	消遣	xiāoqiǎn	to while the time away
7	15871	忠心	zhōngxīn	good faith
7	15873	含糊	hánhu	ambiguous
7	15880	情谊	qíngyì	friendship, camaraderie
7	15884	造假	zàojiǎ	to counterfeit
7	15885	谎话	huǎnghuà	lie
7	15889	虚幻	xūhuàn	imaginary
7	15896	泻	xiè	to flow out swiftly
7	15904	会诊	huìzhěn	consultation
7	15910	攀登	pāndēng	to climb
7	15922	沼泽	zhǎozé	marsh
7	15926	诱发	yòufā	to induce
7	15953	颠簸	diānbǒ	to be jolted around
7	15953	歪曲	wāiqū	to distort
7	15961	生平	shēngpíng	life
7	15977	动不动	dòngbudòng	apt to
7	15978	知识分子	zhīshifènzǐ	intellectual, intelligentsia
7	15992	突如其来	tūrúqílái	to arise abruptly
7	15992	疑点	yídiǎn	a doubtful point
7	15998	固然	gùrán	admittedly
7	15998	嗅觉	xiùjué	sense of smell
7	16000	安眠药	ānmiányào	sleeping pill
7	16008	千方百计	qiānfāngbǎijì	lit. thousand ways, a hundred plans
7	16009	接班人	jiēbānrén	successor
7	16020	连夜	liányè	that very night
7	16022	拐杖	guǎizhàng	crutches
7	16028	军舰	jūnjiàn	warship
7	16031	幻影	huànyǐng	phantom
7	16036	醒悟	xǐngwù	to come to oneself
7	16038	次日	cìrì	next day
7	16045	落实	luòshí	practical
7	16046	摆动	bǎidòng	to sway
7	16049	实况	shíkuàng	live
7	16061	禁不住	jīnbuzhù	can't help it
7	16069	田野	tiányě	field
7	16083	凄凉	qīliáng	mournful, miserable
7	16091	摧残	cuīcán	to ravage
7	16093	汇集	huìjí	to collect
7	16103	抢夺	qiǎngduó	to plunder
7	16107	旨在	zhǐzài	to have as its purpose
7	16108	界定	jièdìng	definition
7	16115	出发点	chūfādiǎn	starting point
7	16116	螺丝	luósī	screw
7	16127	炉子	lúzi	stove
7	16136	新陈代谢	xīnchéndàixiè	metabolism
7	16137	力争	lìzhēng	to work hard for
7	16155	英明	yīngmíng	wise
7	16161	实话实说	shíhuàshíshuō	to tell the truth
7	16166	或多或少	huòduōhuòshǎo	more or less
7	16170	捶	chuí	to beat, to thump, to pound
7	16172	爆竹	bàozhú	firecracker
7	16183	填充	tiánchōng	to fill up, to stuff
7	16184	法人	fǎrén	legal person
7	16188	一动不动	yīdòngbùdòng	motionless
7	16190	诱饵	yòu'ěr	bait
7	16192	顺心	shùnxīn	happy
7	16197	筛	shāi	a sieve
7	16205	相约	xiāngyuē	to agree
7	16207	羞耻	xiūchǐ	shame
7	16213	交情	jiāoqing	friendship
7	16213	洁净	jiéjìng	clean
7	16220	连任	liánrèn	to continue in office
7	16229	应酬	yìngchou	to engage in social activities
7	16233	偏差	piānchā	bias
7	16234	稻草	dàocǎo	rice straw
7	16240	吝啬	lìnsè	stingy, mean, miserly
7	16243	惊动	jīngdòng	to alarm
7	16248	凶狠	xiōnghěn	cruel
7	16248	陨石	yǔnshí	meteorite
7	16250	急躁	jízào	irritable, irascible
7	16250	偏向	piānxiàng	partial towards sth
7	16253	间隙	jiànxì	interval
7	16255	抗衡	kànghéng	to compete with
7	16257	存折	cúnzhé	passbook
7	16260	担负	dānfù	to shoulder
7	16266	狼狈	lángbèi	in a difficult situation
7	16273	在职	zàizhí	to be employed
7	16276	违约	wéiyuē	to break a promise
7	16291	银幕	yínmù	movie screen
7	16294	无所事事	wúsuǒshìshì	to have nothing to do
7	16304	感触	gǎnchù	one's thoughts and feelings
7	16304	盛行	shèngxíng	to be in vogue, to be popular
7	16306	抒情	shūqíng	to express emotion
7	16308	不正之风	bùzhèngzhīfēng	unhealthy tendency
7	16317	真挚	zhēnzhì	sincere
7	16337	交集	jiāojí	to occur simultaneously, to intermingle
7	16341	糟蹋	zāotà	to waste, to spoil
7	16343	打猎	dǎliè	to go hunting
7	16344	痛心	tòngxīn	grieved
7	16347	告辞	gàocí	to say goodbye
7	16350	理睬	lǐcǎi	to heed
7	16352	效益	xiàoyì	benefit
7	16355	害虫	hàichóng	injurious insect
7	16362	提炼	tíliàn	to extract
7	16362	停滞	tíngzhì	stagnation
7	16373	摆平	bǎipíng	to be fair
7	16379	屡	lǚ	time and again
7	16392	清静	qīngjìng	quiet
7	16397	喘息	chuǎnxī	to gasp for breath
7	16397	转折点	zhuǎnzhédiǎn	turning point
7	16400	恰巧	qiàqiǎo	by chance, as chance would have it
7	16412	管教	guǎnjiào	to discipline
7	16414	合计	héjì	to add up the total
7	16448	专人	zhuānrén	specialist
7	16449	天分	tiānfèn	natural gift
7	16454	重创	zhòngchuāng	to inflict heavy losses
7	16455	频频	pínpín	repeatedly
7	16462	缅怀	miǎnhuái	to commemorate
7	16470	拆迁	chāiqiān	to demolish a building and relocate the
7	16470	取而代之	qǔ'érdàizhī	to replace, to supersede
7	16471	后裔	hòuyì	descendant
7	16473	饱满	bǎomǎn	full
7	16474	稀罕	xīhan	rare, uncommon
7	16474	汹涌	xiōngyǒng	to surge up violently
7	16490	尖端	jiānduān	sharp pointed end
7	16502	气压	qìyā	atmospheric pressure
7	16505	限定	xiàndìng	to restrict to
7	16510	少不了	shǎobuliǎo	cannot do without
7	16511	念念不忘	niànniànbùwàng	to keep in mind constantly
7	16527	乌云	wūyún	black cloud
7	16537	贝壳	bèiké	shell
7	16542	绷带	bēngdài	bandage
7	16548	萧条	xiāotiáo	bleak, desolate
7	16551	架势	jiàshi	attitude
7	16557	内地	nèidì	inland
7	16558	先天	xiāntiān	embryonic period
7	16560	无动于衷	wúdòngyúzhōng	aloof
7	16561	记号	jìhao	mark
7	16564	溜达	liūda	to stroll
7	16567	参谋	cānmóu	staff officer
7	16569	保鲜	bǎoxiān	to keep fresh, to preserve freshness
7	16569	淌	tǎng	to drip
7	16574	感叹	gǎntàn	to sigh
7	16576	碑	bēi	a monument
7	16580	传记	zhuànjì	biography
7	16589	爽快	shuǎngkuai	refreshed
7	16594	捧场	pěngchǎng	to show one's support for a performer or
7	16596	言辞	yáncí	words
7	16602	倔强	juéjiàng	stubborn, obstinate, unbending
7	16612	血脉	xuèmài	blood vessels
7	16613	煤炭	méitàn	coal
7	16615	名著	míngzhù	masterpiece
7	16619	枪毙	qiāngbì	to execute by firing squad
7	16631	大体	dàtǐ	in general, more or less, in rough terms
7	16657	大惊小怪	dàjīngxiǎoguài	to make a fuss about nothing
7	16659	渔民	yúmín	fisherman
7	16674	财力	cáilì	financial resources
7	16681	核能	hénéng	nuclear energy
7	16692	史无前例	shǐwúqiánlì	unprecedented in history
7	16697	迁徙	qiānxǐ	to migrate
7	16716	扎实	zhāshi	strong
7	16718	壁画	bìhuà	mural
7	16720	眼界	yǎnjiè	field of vision, scope, horizon
7	16722	锈	xiù	to rust
7	16725	肖像	xiàoxiàng	portrait
7	16728	不景气	bùjǐngqì	slack
7	16732	得失	déshī	gains and losses
7	16732	过问	guòwèn	to show an interest in
7	16737	超前	chāoqián	to be ahead of one's time
7	16739	解体	jiětǐ	to break up into components
7	16744	窃取	qièqǔ	to steal
7	16755	祭祀	jìsì	to offer sacrifices to the gods or
7	16759	现成	xiànchéng	ready-made
7	16762	天平	tiānpíng	scales
7	16765	问世	wènshì	to be published
7	16781	吃力	chīlì	to entail strenuous effort
7	16781	赤字	chìzì	deficit
7	16782	公证	gōngzhèng	to notarize, notarization
7	16801	辫子	biànzi	plait
7	16801	气色	qìsè	complexion
7	16802	口罩	kǒuzhào	mask
7	16811	抵消	dǐxiāo	to counteract
7	16822	别致	biézhì	unusual, unique
7	16824	赞叹	zàntàn	to exclaim in admiration
7	16826	里程碑	lǐchéngbēi	milestone
7	16844	健壮	jiànzhuàng	robust
7	16844	留神	liúshén	to take care
7	16849	搭建	dājiàn	to build
7	16862	质地	zhìdì	texture
7	16863	成型	chéngxíng	to become shaped
7	16865	椰子	yēzi	a coconut palm
7	16875	公用	gōngyòng	public
7	16884	歼灭	jiānmiè	to wipe out
7	16893	调试	tiáoshì	to debug
7	16897	悔恨	huǐhèn	remorse
7	16902	介于	jièyú	between
7	16909	机灵	jīling	alert, quick-witted, lively
7	16921	品德	pǐndé	moral character
7	16925	刊物	kānwù	publication
7	16934	端正	duānzhèng	upright
7	16940	互补	hùbǔ	complementary
7	16941	领略	lǐnglu:è	to have a taste of
7	16951	次要	cìyào	secondary
7	16953	冷落	lěngluò	desolate
7	16971	安详	ānxiáng	serene
7	16982	执意	zhíyì	to be determined to
7	16984	坛	tán	altar
7	16987	官兵	guānbīng	officers and soldiers
7	16992	赛跑	sàipǎo	race
7	17014	杠杆	gànggǎn	lever
7	17027	墓碑	mùbēi	gravestone
7	17033	鞭炮	biānpào	firecrackers
7	17034	涵盖	hángài	to cover
7	17034	筐	kuāng	basket
7	17036	专制	zhuānzhì	autocracy
7	17039	放肆	fàngsì	wanton
7	17057	私事	sīshì	personal matters
7	17065	元老	yuánlǎo	senior figure, doyen, founding member
7	17067	幸免	xìngmiǎn	to avoid
7	17071	紧凑	jǐncòu	compact
7	17114	低迷	dīmí	blurred
7	17123	不定	bùdìng	indefinite
7	17129	公墓	gōngmù	public cemetery
7	17135	深思	shēnsī	to ponder
7	17138	发怒	fānù	to get angry
7	17141	稳重	wěnzhòng	steady
7	17143	殿堂	diàntáng	palace
7	17146	晚年	wǎnnián	one's later years
7	17149	仇人	chóurén	foe
7	17154	攻克	gōngkè	to capture
7	17154	沿岸	yán'àn	coastal area
7	17160	汇合	huìhé	confluence
7	17180	物证	wùzhèng	material evidence
7	17181	坐落	zuòluò	to be situated
7	17182	狭小	xiáxiǎo	narrow
7	17190	瘫	tān	paralyzed
7	17191	草率	cǎoshuài	careless
7	17193	隐约	yǐnyuē	vague, faint, indistinct
7	17196	霸占	bàzhàn	to occupy by force
7	17198	呼救	hūjiù	to call for help
7	17200	相提并论	xiāngtíbìnglùn	to discuss two disparate things together
7	17203	笨拙	bènzhuō	clumsy
7	17205	尤为	yóuwéi	especially
7	17209	序幕	xùmù	prologue
7	17210	抄袭	chāoxí	to plagiarize
7	17217	常理	chánglǐ	common sense
7	17227	气泡	qìpào	bubble
7	17234	桑拿	sāngná	sauna
7	17242	委婉	wěiwǎn	tactful
7	17246	坚韧	jiānrèn	tough and durable
7	17252	防盗	fángdào	to guard against theft
7	17256	不见得	bùjiànde	not necessarily
7	17259	不解	bùjiě	to not understand
7	17259	阀门	fámén	valve
7	17262	契机	qìjī	opportunity, turning point
7	17263	对得起	duìdeqǐ	not to let sb down
7	17271	齐心协力	qíxīnxiélì	to work with a common purpose
7	17272	顺从	shùncóng	obedient
7	17275	休想	xiūxiǎng	don't think
7	17278	叹气	tànqì	to sigh
7	17288	凿	záo	chisel
7	17291	瓶颈	píngjǐng	neck of a bottle
7	17303	累计	lěijì	to calculate the running total
7	17306	止步	zhǐbù	to halt
7	17310	水龙头	shuǐlóngtóu	faucet
7	17311	床位	chuángwèi	bed
7	17311	征集	zhēngjí	to collect
7	17312	见效	jiànxiào	to produce the intended effect
7	17342	措手不及	cuòshǒubùjí	no time to deal with it
7	17344	拓宽	tuòkuān	to broaden
7	17351	罢休	bàxiū	to give up
7	17352	手帕	shǒupà	handkerchief
7	17356	征收	zhēngshōu	to levy
7	17358	小费	xiǎofèi	tip
7	17364	稳健	wěnjiàn	firm
7	17369	确凿	quèzáo	definite
7	17374	历来	lìlái	always
7	17375	就任	jiùrèn	to take office
7	17407	淀粉	diànfěn	starch, amylum n
7	17412	牵制	qiānzhì	to control
7	17413	达标	dábiāo	to reach a set standard
7	17425	变迁	biànqiān	changes
7	17435	冤	yuān	injustice
7	17443	属性	shǔxìng	attribute
7	17447	充沛	chōngpèi	abundant, plentiful
7	17452	简要	jiǎnyào	concise
7	17454	自力更生	zìlìgēngshēng	regeneration through one's own effort
7	17459	阶梯	jiētī	flight of steps
7	17462	藏品	cángpǐn	museum piece
7	17479	毯子	tǎnzi	blanket
7	17501	港湾	gǎngwān	bay serving as a harbor
7	17507	中性	zhōngxìng	neutral
7	17511	忧愁	yōuchóu	to be worried
7	17522	跳伞	tiàosǎn	to parachute
7	17531	核电站	hédiànzhàn	nuclear power plant
7	17534	催促	cuīcù	to urge
7	17548	头条	tóutiáo	lead story
7	17552	唯独	wéidú	only
7	17560	自始至终	zìshǐzhìzhōng	from start to finish
7	17568	回升	huíshēng	to rise again after a fall
7	17571	孝顺	xiàoshùn	filial
7	17575	宽广	kuānguǎng	wide
7	17575	嘱咐	zhǔfù	to tell
7	17578	胸怀	xiōnghuái	one's bosom
7	17578	学说	xuéshuō	theory
7	17583	并购	bìnggòu	merger and acquisition
7	17615	抵触	dǐchù	to conflict
7	17616	避难	bìnàn	to take refuge, to seek asylum
7	17616	矛头	máotóu	spearhead
7	17618	太极	Tàijí	the Absolute or Supreme Ultimate
7	17628	唾液	tuòyè	saliva
7	17629	甘心	gānxīn	to be willing to
7	17636	转眼	zhuǎnyǎn	in a flash
7	17658	进修	jìnxiū	to undertake advanced studies
7	17662	媲美	pìměi	to match
7	17666	盘算	pánsuàn	to plot
7	17672	纽扣	niǔkòu	button
7	17673	平坦	píngtǎn	level
7	17687	权衡	quánhéng	to consider
7	17692	新潮	xīncháo	modern
7	17692	庄重	zhuāngzhòng	grave
7	17695	势必	shìbì	to be bound to
7	17696	刺绣	cìxiù	to embroider
7	17708	学士	xuéshì	bachelor's degree
7	17715	举重	jǔzhòng	to lift weights
7	17723	清凉	qīngliáng	cool
7	17726	刨	páo	to dig
7	17741	裂痕	lièhén	crack
7	17746	心想事成	xīnxiǎngshìchéng	to have one's wishes come true
7	17748	集资	jízī	to raise money
7	17751	公立	gōnglì	public
7	17775	缩水	suōshuǐ	to shrink
7	17779	动工	dònggōng	to start
7	17781	遛	liù	to stroll
7	17783	迟迟	chíchí	late
7	17806	花卉	huāhuì	flowers and plants
7	17808	兴建	xīngjiàn	to build
7	17813	口令	kǒulìng	oral command
7	17817	心肠	xīncháng	heart
7	17829	贬低	biǎndī	to belittle
7	17829	无故	wúgù	without cause or reason
7	17854	作对	zuòduì	to set oneself against
7	17873	反问	fǎnwèn	to ask in reply
7	17880	菩萨	púsà	bodhisattva
7	17889	就地	jiùdì	locally
7	17934	胆怯	dǎnqiè	timidity
7	17939	刺耳	cì'ěr	ear-piercing
7	17946	狭隘	xiá'ài	narrow
7	17960	瘟疫	wēnyì	plague, pestilence
7	17977	早年	zǎonián	many years ago, in the past
7	17979	山脉	shānmài	mountain range
7	17985	淡水	dànshuǐ	freshwater
7	18017	罪魁祸首	zuìkuíhuòshǒu	criminal ringleader, main offender
7	18018	据悉	jùxī	according to reports
7	18024	款待	kuǎndài	to entertain
7	18026	修长	xiūcháng	slender
7	18029	名次	míngcì	position in a ranking of names
7	18045	惯性	guànxìng	inertia
7	18052	休养	xiūyǎng	to recuperate
7	18060	凉爽	liángshuǎng	cool and refreshing
7	18065	庆贺	qìnghè	to congratulate
7	18067	标示	biāoshì	to indicate
7	18083	昼夜	zhòuyè	day and night
7	18088	下意识	xiàyìshí	subconscious mind
7	18090	返还	fǎnhuán	restitution
7	18094	发酵	fājiào	to ferment
7	18095	同期	tóngqī	the corresponding time period
7	18105	兼容	jiānróng	compatible
7	18105	界线	jièxiàn	limits
7	18109	祥和	xiánghé	auspicious and peaceful
7	18111	和蔼	hé'ǎi	kindly
7	18113	奥秘	àomì	secret
7	18136	繁重	fánzhòng	heavy
7	18148	钻研	zuānyán	to study meticulously
7	18153	友人	yǒurén	friend
7	18159	采矿	cǎikuàng	mining
7	18163	通俗	tōngsú	common
7	18172	烘	hōng	to bake
7	18180	大宗	dàzōng	large amount
7	18184	伙食	huǒshí	food
7	18186	地下水	dìxiàshuǐ	groundwater
7	18196	辞退	cítuì	to dismiss
7	18199	口碑	kǒubēi	public praise
7	18202	衬托	chèntuō	to serve to highlight
7	18207	精简	jīngjiǎn	to simplify
7	18207	抢眼	qiǎngyǎn	eye-catching
7	18213	搁置	gēzhì	to put, to place
7	18215	远见	yuǎnjiàn	foresight
7	18222	反之	fǎnzhī	on the other hand
7	18227	蔑视	mièshì	to loathe
7	18229	航运	hángyùn	shipping
7	18239	争气	zhēngqì	to work hard for sth
7	18242	敬重	jìngzhòng	to respect deeply
7	18243	祸害	huòhài	disaster
7	18243	外行	wàiháng	layman
7	18244	后盾	hòudùn	support, backing
7	18266	本钱	běnqián	capital
7	18266	诧异	chàyì	flabbergasted
7	18275	外援	wàiyuán	foreign aid
7	18284	无济于事	wújìyúshì	to no avail, of no use
7	18286	力所能及	lìsuǒnéngjí	as far as one's capabilities extend
7	18296	透彻	tòuchè	penetrating, thorough, incisive
7	18312	当之无愧	dāngzhīwúkuì	fully deserving
7	18314	俗话	súhuà	common saying
7	18333	水利	shuǐlì	water conservancy
7	18337	奖赏	jiǎngshǎng	reward, prize, award
7	18347	源源不断	yuányuánbùduàn	in an unending stream, continuous
7	18362	受罪	shòuzuì	to endure
7	18372	湖泊	húpō	lake
7	18375	托付	tuōfù	to entrust
7	18380	列举	lièjǔ	a list
7	18382	波及	bōjí	to spread to
7	18393	求证	qiúzhèng	to seek proof
7	18399	公事	gōngshì	work-related matters
7	18403	烘干	hōnggān	to dry over a stove
7	18410	详尽	xiángjìn	thorough and detailed
7	18413	请示	qǐngshì	to ask for instructions
7	18427	虚荣	xūróng	vanity
7	18443	索性	suǒxìng	you might as well
7	18457	彻夜	chèyè	the whole night
7	18458	整治	zhěngzhì	to bring under control
7	18462	渊源	yuānyuán	origin
7	18468	并列	bìngliè	to stand side by side, to be juxtaposed
7	18485	交界	jiāojiè	common boundary
7	18487	写照	xiězhào	portrayal
7	18489	鼓动	gǔdòng	to urge, to encourage, to agitate
7	18501	解围	jiěwéi	to lift a siege
7	18509	喜庆	xǐqìng	jubilation
7	18513	基准	jīzhǔn	datum
7	18522	警钟	jǐngzhōng	alarm bell
7	18524	朗诵	lǎngsòng	to read aloud with expression
7	18526	显赫	xiǎnhè	illustrious
7	18531	窍门	qiàomén	a trick
7	18534	燕子	yànzi	swallow
7	18537	如愿以偿	rúyuànyǐcháng	to have one's wish fulfilled
7	18539	就医	jiùyī	to receive medical treatment
7	18547	熄火	xīhuǒ	to go out
7	18554	缴纳	jiǎonà	to pay
7	18555	歌颂	gēsòng	to sing the praises of
7	18555	强加	qiángjiā	to impose
7	18562	迁就	qiānjiù	to yield to, to adapt to
7	18564	团员	tuányuán	member
7	18566	推论	tuīlùn	to infer
7	18570	空隙	kòngxì	crack
7	18582	怨言	yuànyán	complaint
7	18588	陈列	chénliè	to display, to exhibit
7	18593	一连	yīlián	in a row
7	18600	查处	cháchǔ	to investigate and handle
7	18605	拉拢	lālǒng	to rope in
7	18615	告示	gàoshi	announcement
7	18618	干事	gànshi	administrator
7	18618	世代	shìdài	for many generations
7	18627	造福	zàofú	to benefit
7	18634	不懈	bùxiè	untiring
7	18637	宽阔	kuānkuò	expansive
7	18648	叫好	jiàohǎo	to applaud
7	18652	药方	yàofāng	prescription
7	18653	泄密	xièmì	to leak secrets
7	18653	寓意	yùyì	moral
7	18658	高调	gāodiào	high-sounding speech
7	18661	烹调	pēngtiáo	to cook
7	18662	顺势	shùnshì	to take advantage
7	18662	投掷	tóuzhì	to throw sth a long distance
7	18670	上调	shàngtiáo	to raise
7	18676	挂念	guàniàn	to feel anxious about
7	18677	放水	fàngshuǐ	to turn on the water
7	18682	电讯	diànxùn	telecommunications
7	18700	坝	bà	plain, flatland
7	18722	解析	jiěxī	to analyze
7	18722	算账	suànzhàng	to balance the books, to do the accounts
7	18730	绿地	lǜdì	green area
7	18748	愚昧	yúmèi	ignorant, uneducated
7	18750	一言不发	yīyánbùfā	to not say a word
7	18755	诸如此类	zhūrúcǐlèi	things like this, and so on
7	18772	门路	ménlù	way of doing sth
7	18775	字迹	zìjì	handwriting
7	18780	推移	tuīyí	to elapse, to pass
7	18782	死心	sǐxīn	to give up
7	18782	犹豫不决	yóuyùbùjué	hesitancy
7	18804	燃气	ránqì	fuel gas
7	18806	洽谈	qiàtán	to discuss
7	18807	人文	rénwén	humanities, culture, humanistic
7	18810	口才	kǒucái	eloquence
7	18812	脱口而出	tuōkǒu'érchū	to blurt out, to let slip
7	18812	周旋	zhōuxuán	to mix with others
7	18820	遗物	yíwù	personal effects, artifacts, relics
7	18827	专著	zhuānzhù	monograph
7	18836	消沉	xiāochén	to sink into despondency
7	18843	通畅	tōngchàng	unobstructed, clear
7	18846	肆无忌惮	sìwújìdàn	absolutely unrestrained
7	18847	历时	lìshí	to last
7	18852	纵横	zònghéng	lit. warp and weft in weaving
7	18861	载体	zàitǐ	carrier
7	18891	个案	gè'àn	individual case, special case
7	18899	茎	jīng	stalk
7	18911	成家	chéngjiā	to settle down and get married
7	18915	调和	tiáohé	harmonious
7	18917	油腻	yóunì	greasy food, oily food
7	18935	迟缓	chíhuǎn	slow
7	18938	稀奇	xīqí	rare
7	18956	迎面	yíngmiàn	directly, head-on
7	18966	威信	wēixìn	prestige
7	18968	一目了然	yīmùliǎorán	obvious at a glance
7	18971	火速	huǒsù	at top speed
7	18971	举足轻重	jǔzúqīngzhòng	to play a critical role
7	18973	大纲	dàgāng	synopsis
7	18974	亮丽	liànglì	bright and beautiful
7	18978	舒畅	shūchàng	happy, entirely free from worry
7	18982	应有尽有	yīngyǒujìnyǒu	everything that should be here is here
7	18985	验收	yànshōu	to inspect and accept
7	19000	威风	wēifēng	awe-inspiring bearing, authority, power
7	19000	镶嵌	xiāngqiàn	to inlay
7	19001	无忧无虑	wúyōuwúlǜ	carefree, without worries
7	19011	气派	qìpài	impressive
7	19015	固有	gùyǒu	intrinsic to sth
7	19017	似曾相识	sìcéngxiāngshí	déjà vu
7	19018	朴实	pǔshí	plain
7	19025	呼啸	hūxiào	to whistle, to scream, to whiz
7	19039	担子	dànzi	carrying pole and the loads on it
7	19046	喧闹	xuānnào	to make a noise
7	19060	随处可见	suíchùkějiàn	can be seen everywhere
7	19070	对白	duìbái	dialogue
7	19082	礼节	lǐjié	etiquette
7	19087	调侃	tiáokǎn	to ridicule
7	19090	一心一意	yīxīnyīyì	concentrating one's thoughts and efforts
7	19101	本着	běnzhe	based on
7	19110	败坏	bàihuài	to ruin
7	19116	骨干	gǔgàn	diaphysis
7	19118	机舱	jīcāng	cabin of a plane
7	19118	荣获	rónghuò	be honored with
7	19121	健美	jiànměi	healthy and beautiful
7	19132	乞求	qǐqiú	to beg
7	19135	标致	biāozhi	beautiful, pretty
7	19145	预赛	yùsài	preliminary competition
7	19150	下级	xiàjí	low ranking
7	19166	资历	zīlì	qualifications
7	19174	冲撞	chōngzhuàng	to collide
7	19175	贬值	biǎnzhí	to become devaluated
7	19177	奠定	diàndìng	to establish
7	19178	含蓄	hánxù	to contain
7	19182	挟持	xiéchí	to seize by the arms
7	19210	增值	zēngzhí	to appreciate
7	19225	鲁莽	lǔmǎng	hot-headed, impulsive, reckless
7	19232	倚	yǐ	to lean on
7	19233	打喷嚏	dǎpēntì	to sneeze
7	19238	理事	lǐshì	member of council
7	19247	搁浅	gēqiǎn	to run aground, to become stranded
7	19250	杜绝	dùjué	to put an end to
7	19253	招标	zhāobiāo	to invite bids
7	19262	停业	tíngyè	to cease trading
7	19274	高龄	gāolíng	elderly
7	19299	红火	hónghuǒ	prosperous
7	19301	检讨	jiǎntǎo	to examine or inspect
7	19304	哀求	āiqiú	to entreat
7	19304	拟定	nǐdìng	to draw up
7	19310	目瞪口呆	mùdèngkǒudāi	dumbstruck, stupefied, stunned
7	19318	派别	pàibié	group, sect, clique, faction, school
7	19342	才干	cáigàn	ability
7	19354	裁缝	cáiféng	to make an item of clothing
7	19360	时事	shíshì	current trends, the present situation
7	19371	化肥	huàféi	chemical fertilizer
7	19383	雄厚	xiónghòu	substantial, robust, ample, abundant
7	19388	回忆录	huíyìlù	memoir
7	19402	贴切	tiēqiè	close-fitting
7	19403	饱和	bǎohé	saturated, filled to capacity
7	19417	扩建	kuòjiàn	to extend
7	19425	松树	sōngshù	pine
7	19445	一成不变	yīchéngbùbiàn	immutable, impervious to change
7	19446	养殖	yǎngzhí	to raise, to breed
7	19459	私有	sīyǒu	private
7	19467	牡丹	mǔdan	tree peony
7	19467	伤残	shāngcán	disabled
7	19470	诀窍	juéqiào	secret
7	19480	省略	shěnglu:è	to leave out
7	19483	庸俗	yōngsú	vulgar
7	19485	次序	cìxù	sequence, order
7	19503	靠拢	kàolǒng	to draw close to
7	19510	绝技	juéjì	consummate skill
7	19513	瘸	qué	lame
7	19524	背诵	bèisòng	to recite
7	19535	疏通	shūtōng	to unblock
7	19536	空荡荡	kōngdàngdàng	empty, deserted
7	19539	愈演愈烈	yùyǎnyùliè	ever more critical
7	19545	周转	zhōuzhuǎn	to rotate
7	19546	万无一失	wànwúyīshī	surefire, absolutely safe
7	19554	荒凉	huāngliáng	desolate
7	19563	容颜	róngyán	mien
7	19564	关税	guānshuì	customs duty
7	19589	趋于	qūyú	to tend towards
7	19599	一经	yījīng	as soon as
7	19603	嘈杂	cáozá	noisy, clamorous
7	19605	耕地	gēngdì	arable land
7	19609	衔接	xiánjiē	to link up, to connect, to join
7	19610	凭证	píngzhèng	proof
7	19619	错位	cuòwèi	to be wrongly positioned
7	19628	测算	cèsuàn	to take measurements and calculate
7	19629	四面八方	sìmiànbāfāng	all directions, all around
7	19632	息息相关	xīxīxiāngguān	closely bound up, intimately related
7	19635	供暖	gōngnuǎn	to supply heating
7	19654	闺女	guī˙nu:	maiden; unmarried woman
7	19661	名利	mínglì	fame and profit
7	19665	兜售	dōushòu	to hawk, to peddle
7	19676	跳槽	tiàocáo	to leave one's job to take up a position
7	19716	祖宗	zǔzōng	ancestor
7	19717	剔除	tīchú	to reject
7	19755	队形	duìxíng	formation
7	19765	惨痛	cǎntòng	bitter
7	19774	取缔	qǔdì	to suppress, to crack down on
7	19777	牢骚	láosāo	discontent
7	19808	总而言之	zǒng'éryánzhī	in short
7	19818	实事求是	shíshìqiúshì	lit. to seek truth from facts
7	19825	波澜	bōlán	billows
7	19836	夹子	jiāzi	clip
7	19838	单方面	dānfāngmiàn	unilateral
7	19839	顽皮	wánpí	naughty
7	19845	无可奈何	wúkěnàihé	have no way out
7	19846	伺机	sìjī	to wait for an opportunity
7	19852	抡	lūn	to swing
7	19862	滔滔不绝	tāotāobùjué	to produce a torrent of words
7	19874	夹杂	jiāzá	to mix together
7	19891	雪上加霜	xuěshàngjiāshuāng	to make matters even worse
7	19892	轻型	qīngxíng	light
7	19898	谜团	mítuán	riddle
7	19905	弊端	bìduān	systemic problem
7	19911	出厂	chūchǎng	to leave the factory
7	19919	推卸	tuīxiè	to avoid, to shift, to pass the buck
7	19921	家喻户晓	jiāyùhùxiǎo	understood by everyone, well known
7	19944	特邀	tèyāo	special invitation
7	19956	继而	jì'ér	then
7	19958	谜底	mídǐ	answer to a riddle
7	19967	感慨	gǎnkǎi	to sigh with sorrow, regret etc
7	19976	应邀	yìngyāo	at sb's invitation
7	20000	惊慌失措	jīnghuāngshīcuò	to lose one's head out of fear
7	20004	送行	sòngxíng	to see someone off
7	20011	过境	guòjìng	to pass through a country's territory
7	20016	冷门	lěngmén	a neglected branch
7	20019	岳母	yuèmǔ	wife's mother, mother-in-law
7	20051	留念	liúniàn	to keep as a souvenir
7	20071	萌芽	méngyá	to germinate
7	20079	楷模	kǎimó	model
7	20098	稳妥	wěntuǒ	dependable
7	20102	不慎	bùshèn	incautious
7	20109	减免	jiǎnmiǎn	to reduce or waive
7	20118	转载	zhuǎnzǎi	to forward
7	20128	就餐	jiùcān	to dine, to have one's meal
7	20138	印证	yìnzhèng	to confirm, to corroborate, to verify
7	20140	吸纳	xīnà	to take in
7	20142	破除	pòchú	to eliminate
7	20154	可想而知	kěxiǎng'érzhī	goes without saying
7	20160	心酸	xīnsuān	to feel sad
7	20161	折射	zhéshè	to refract
7	20165	预兆	yùzhào	omen
7	20166	暂且	zànqiě	for now, for the time being, temporarily
7	20177	劝告	quàngào	to advise
7	20182	稠	chóu	dense
7	20197	旺季	wàngjì	busy season
7	20212	压榨	yāzhà	to press
7	20217	及早	jízǎo	at the earliest possible time
7	20219	领事	lǐngshì	consul
7	20223	记忆犹新	jìyìyóuxīn	to remain fresh in one's memory
7	20223	日复一日	rìfùyīrì	day after day
7	20235	莲子	liánzǐ	lotus seed
7	20255	风浪	fēnglàng	wind and waves, rough waters
7	20258	双边	shuāngbiān	bilateral
7	20278	考量	kǎoliáng	to consider
7	20281	扫除	sǎochú	to clean, to clean up
7	20297	专柜	zhuānguì	sales counter dedicated to a certain
7	20301	猛然	měngrán	suddenly, abruptly
7	20310	略微	lu:èwēi	a little bit
7	20317	不得而知	bùdé'érzhī	unknown
7	20324	停放	tíngfàng	to park
7	20325	韵味	yùnwèi	implicit charm in rhyme or sound
7	20335	默默无闻	mòmòwúwén	unknown, unrenowned
7	20336	隔阂	géhé	misunderstanding
7	20350	柿子	shìzi	persimmon
7	20351	当即	dāngjí	at once
7	20357	冰雹	bīngbáo	hail
7	20368	疙瘩	gēda	swelling or lump on skin, pimple
7	20368	顺路	shùnlù	by the way
7	20374	把柄	bǎbǐng	handle
7	20391	久违	jiǔwéi	for a long time
7	20393	务实	wùshí	to deal with concrete matters
7	20406	情理	qínglǐ	reason
7	20409	面目全非	miànmùquánfēi	nothing remains the same
7	20436	暗地里	àndìli	secretly, inwardly, on the sly
7	20442	风气	fēngqì	general mood
7	20453	座谈	zuòtán	to have an informal discussion
7	20466	依托	yītuō	to rely on
7	20467	境遇	jìngyù	circumstance
7	20491	陡	dǒu	steep, precipitous
7	20491	荒诞	huāngdàn	beyond belief
7	20499	推算	tuīsuàn	to calculate
7	20500	周折	zhōuzhé	twists and turns
7	20502	流域	liúyù	river basin
7	20510	启迪	qǐdí	to edify
7	20517	劳务	láowù	service
7	20519	不言而喻	bùyán'éryù	it goes without saying
7	20530	筹办	chóubàn	to arrange, to make preparations
7	20535	爱惜	àixī	to cherish
7	20566	僧人	sēngrén	monk
7	20578	抱负	bàofù	aspiration
7	20604	膳食	shànshí	meals, food
7	20605	勇往直前	yǒngwǎngzhíqián	to advance bravely
7	20613	扎根	zhāgēn	to take root
7	20616	山寨	shānzhài	fortified hill village
7	20622	悬殊	xuánshū	vastly different, poles apart
7	20630	稀少	xīshǎo	sparse
7	20646	名贵	míngguì	famous and valuable
7	20648	启蒙	qǐméng	to instruct the young
7	20652	耳目一新	ěrmùyīxīn	a pleasant change
7	20658	焦躁	jiāozào	fretful
7	20660	枢纽	shūniǔ	hub
7	20666	针锋相对	zhēnfēngxiāngduì	to oppose each other with equal
7	20671	勘探	kāntàn	to explore
7	20673	枯竭	kūjié	used up
7	20681	生怕	shēngpà	to fear
7	20688	答辩	dábiàn	to reply
7	20706	使唤	shǐhuan	to order sb around
7	20716	流转	liúzhuǎn	to be on the move
7	20719	有朝一日	yǒuzhāoyīrì	one day
7	20727	包庇	bāobì	to shield
7	20727	粗略	cūlu:è	rough (not precise or accurate)
7	20729	眼色	yǎnsè	signal made with one's eyes
7	20731	公顷	gōngqǐng	hectare
7	20733	弱势	ruòshì	vulnerable
7	20737	提心吊胆	tíxīndiàodǎn	nervous, fearful, on edge
7	20740	垫子	diànzi	cushion, mat, pad
7	20743	插图	chātú	illustration
7	20747	衍生	yǎnshēng	to give rise to
7	20749	轻蔑	qīngmiè	scornful, disdainful, contemptuous
7	20753	情怀	qínghuái	feelings
7	20754	谦逊	qiānxùn	humble
7	20755	利害	lìhài	pros and cons
7	20762	倡议	chàngyì	to suggest
7	20764	谋求	móuqiú	to seek, to strive for
7	20768	变故	biàngù	an unforeseen event
7	20770	凑巧	còuqiǎo	fortuitously
7	20777	免不了	miǎnbùliǎo	unavoidable
7	20808	天长地久	tiānchángdìjiǔ	enduring while the world lasts
7	20812	芬芳	fēnfāng	perfume
7	20816	投射	tóushè	to throw
7	20829	存心	cúnxīn	deliberately
7	20839	熨	yùn	an iron
7	20844	诬陷	wūxiàn	to entrap
7	20874	疗养	liáoyǎng	to get well
7	20880	落成	luòchéng	to complete a construction project
7	20892	论述	lùnshù	treatise
7	20892	浓郁	nóngyù	rich
7	20901	脱节	tuōjié	to come apart
7	20909	不由得	bùyóude	can't help
7	20918	辞典	cídiǎn	dictionary
7	20934	沉淀	chéndiàn	to settle, to precipitate
7	20936	难处	nánchu	trouble, difficulty, problem
7	20954	荆棘	jīngjí	thistles and thorns
7	20995	蕴藏	yùncáng	to hold in store
7	21001	河畔	hépàn	riverside
7	21011	日趋	rìqū	day by day
7	21021	破例	pòlì	to make an exception
7	21027	阅历	yuèlì	to experience
7	21037	灵巧	língqiǎo	deft
7	21040	走投无路	zǒutóuwúlù	to be at an impasse
7	21045	指教	zhǐjiào	to offer advice, guidance, or feedback
7	21063	能人	néngrén	capable person
7	21065	淡化	dànhuà	to water down
7	21080	遮盖	zhēgài	to hide
7	21085	利索	lìsuo	nimble
7	21103	兴高采烈	xìnggāocǎiliè	happy and excited
7	21126	残缺	cánquē	badly damaged
7	21130	有条不紊	yǒutiáobùwěn	regular and thorough
7	21132	兴旺	xīngwàng	prosperous
7	21134	大街小巷	dàjiēxiǎoxiàng	great streets and small alleys
7	21136	退步	tuìbù	to do less well than before
7	21139	第一手	dìyīshǒu	first-hand
7	21158	着落	zhuóluò	whereabouts
7	21163	岔	chà	fork in road
7	21163	赶赴	gǎnfù	to hurry
7	21178	乡亲	xiāngqīn	person from one's hometown or home
7	21185	出具	chūjù	to issue
7	21192	凶恶	xiōng'è	fierce, vicious
7	21199	根基	gēnjī	foundation
7	21205	隐性	yǐnxìng	hidden
7	21236	打磨	dǎmó	to polish, to burnish, to shine
7	21236	空难	kōngnàn	air crash
7	21250	梳子	shūzi	comb
7	21258	俘获	fúhuò	to capture
7	21260	木匠	mùjiàng	carpenter
7	21261	邮编	yóubiān	postal code
7	21265	封建	fēngjiàn	system of enfeoffment
7	21280	窘迫	jiǒngpò	poverty-stricken
7	21285	通红	tōnghóng	very red
7	21293	常态	chángtài	normal state
7	21308	世故	shìgu	sophisticated
7	21310	推选	tuīxuǎn	to elect
7	21314	扫兴	sǎoxìng	to spoil things, to dampen spirits
7	21352	深奥	shēn'ào	profound
7	21358	出息	chūxi	future prospects
7	21363	逞强	chěngqiáng	to show off
7	21367	扩充	kuòchōng	to expand
7	21378	没落	mòluò	to decline
7	21385	一丝不苟	yīsībùgǒu	not one thread loose
7	21389	够呛	gòuqiàng	unbearable
7	21398	扭头	niǔtóu	to turn one's head
7	21406	雄伟	xióngwěi	grand
7	21423	崇敬	chóngjìng	to revere
7	21433	沧桑	cāngsāng	great changes
7	21438	劝阻	quànzǔ	to advise against
7	21479	屹立	yìlì	to tower
7	21479	注释	zhùshì	to annotate, to add a comment
7	21483	沉稳	chénwěn	steady
7	21494	惊心动魄	jīngxīndòngpò	heart-stopping, hair-raising
7	21499	单薄	dānbó	weak
7	21515	一味	yīwèi	persistently, stubbornly, blindly
7	21572	和气	héqi	friendly
7	21583	座右铭	zuòyòumíng	motto
7	21594	插嘴	chāzuǐ	to interrupt
7	21626	公仆	gōngpú	public servant
7	21626	袖手旁观	xiùshǒupángguān	to watch with folded arms
7	21629	拘束	jūshù	to restrict
7	21629	力不从心	lìbùcóngxīn	to lack the ability to do what one would
7	21633	飙升	biāoshēng	to rise rapidly
7	21636	缩影	suōyǐng	miniature version of sth
7	21641	完备	wánbèi	faultless
7	21647	停泊	tíngbó	to anchor
7	21656	闲话	xiánhuà	casual conversation
7	21666	较劲	jiàojìn	to match one's strength with
7	21674	公职	gōngzhí	civil service
7	21709	自理	zìlǐ	to take care of oneself
7	21729	直观	zhíguān	direct observation
7	21750	格格不入	gégébùrù	inharmonious
7	21755	打搅	dǎjiǎo	to disturb, to trouble, to bother
7	21760	游船	yóuchuán	pleasure boat
7	21771	照办	zhàobàn	to follow the rules
7	21778	豁出去	huōchuqu	to throw caution to the wind
7	21781	百分比	bǎifēnbǐ	percentage
7	21781	效仿	xiàofǎng	to copy, to imitate
7	21788	和平共处	hépínggòngchǔ	peaceful coexistence of nations
7	21790	恩人	ēnrén	a benefactor
7	21818	恭敬	gōngjìng	deferential
7	21822	海藻	hǎizǎo	seaweed
7	21833	紧缩	jǐnsuō	to reduce
7	21834	功臣	gōngchén	meritorious official
7	21836	上火	shànghuǒ	to get angry
7	21839	起跑线	qǐpǎoxiàn	the starting line
7	21841	水落石出	shuǐluòshíchū	as the water recedes, the rocks appear
7	21846	发源地	fāyuándì	place of origin
7	21854	顺理成章	shùnlǐchéngzhāng	logical
7	21872	继父	jìfù	stepfather
7	21881	焕发	huànfā	to shine
7	21901	遭殃	zāoyāng	to suffer a calamity
7	21904	纵观	zòngguān	to survey comprehensively
7	21908	招揽	zhāolǎn	to attract, to drum up
7	21943	助威	zhùwēi	to cheer for
7	21962	调剂	tiáojì	to adjust, to redistribute
7	21967	原装	yuánzhuāng	genuine
7	21973	开明	kāimíng	enlightened
7	21978	靶子	bǎzi	target
7	21983	气馁	qìněi	to be discouraged
7	21996	零星	língxīng	fragmentary, piecemeal
7	21998	奔赴	bēnfù	to rush to
7	22069	受惊	shòujīng	startled
7	22086	来年	láinián	next year
7	22095	孤零零	gūlínglíng	lone
7	22096	探亲	tànqīn	to go home to visit one's family
7	22158	比试	bǐshì	to have a competition
7	22163	大名鼎鼎	dàmíngdǐngdǐng	grand reputation
7	22172	根治	gēnzhì	to bring under permanent control
7	22192	就近	jiùjìn	nearby
7	22215	一事无成	yīshìwúchéng	to have achieved nothing
7	22219	翻天覆地	fāntiānfùdì	sky and the earth turning upside down
7	22226	逐年	zhúnián	year after year
7	22242	条理	tiáolǐ	arrangement
7	22245	火候	huǒhou	heat control
7	22248	波折	bōzhé	twists and turns
7	22262	见义勇为	jiànyìyǒngwéi	to step in and help
7	22266	品行	pǐnxíng	behavior
7	22291	合资	hézī	joint venture
7	22301	顺应	shùnyìng	to comply with, to conform to
7	22336	紧缺	jǐnquē	in short supply
7	22351	挖苦	wākǔ	to speak sarcastically
7	22352	怨气	yuànqì	grievance
7	22369	洋溢	yángyì	brimming with
7	22390	立方	lìfāng	cube
7	22432	难为情	nánwéiqíng	embarrassed
7	22435	泥潭	nítán	quagmire
7	22438	何苦	hékǔ	why bother?
7	22440	巴不得	bābude	to be eager for
7	22455	宝库	bǎokù	treasure-house
7	22458	忌讳	jìhuì	taboo
7	22460	宏观	hóngguān	macro-
7	22467	神态	shéntài	appearance
7	22484	省事	xǐngshì	perceptive, understanding
7	22495	首创	shǒuchuàng	to originate, to pioneer, to invent
7	22497	导火索	dǎohuǒsuǒ	fuse
7	22505	磨合	móhé	to break in
7	22508	交响乐	jiāoxiǎngyuè	symphony
7	22513	形形色色	xíngxíngsèsè	all kinds of
7	22518	投奔	tóubèn	to seek shelter
7	22536	飘扬	piāoyáng	to wave
7	22538	瓜子	guāzǐ	melon seed
7	22582	画册	huàcè	picture album
7	22584	调控	tiáokòng	to regulate
7	22588	指手画脚	zhǐshǒuhuàjiǎo	to gesticulate while talking
7	22592	开发区	kāifāqū	development zone
7	22608	辞呈	cíchéng	resignation
7	22620	泄气	xièqì	to leak
7	22630	嘲弄	cháonòng	to tease
7	22639	倾销	qīngxiāo	to dump
7	22644	来龙去脉	láilóngqùmài	the rise and fall of the terrain
7	22648	身不由己	shēnbùyóujǐ	beyond one's control
7	22650	不平	bùpíng	uneven
7	22660	纪实	jìshí	record of actual events
7	22670	层出不穷	céngchūbùqióng	more and more emerge
7	22676	市场经济	shìchǎngjīngjì	market economy
7	22691	就座	jiùzuò	to take a seat
7	22704	穴位	xuéwèi	acupuncture point
7	22706	硬朗	yìnglǎng	robust
7	22711	绕行	ràoxíng	to take a circular route
7	22740	开场白	kāichǎngbái	prologue of play
7	22744	交纳	jiāonà	to pay
7	22767	告状	gàozhuàng	to tell on sb, to complain
7	22772	过半	guòbàn	over fifty percent
7	22789	立交桥	lìjiāoqiáo	overpass
7	22806	百科全书	bǎikēquánshū	encyclopedia
7	22818	请柬	qǐngjiǎn	invitation card
7	22843	吃苦	chīkǔ	to bear hardships
7	22897	惊天动地	jīngtiāndòngdì	world-shaking
7	22923	通车	tōngchē	to open to traffic
7	22928	珍视	zhēnshì	to place great importance on
7	22932	鲜美	xiānměi	fresh and delicious, tasty
7	22942	胆小鬼	dǎnxiǎoguǐ	coward
7	22948	起劲	qǐjìn	energetic, vigorous, enthusiastic
7	22958	症结	zhēngjié	hard lump in the abdomen
7	22968	断断续续	duànduànxùxù	intermittent
7	22998	滞后	zhìhòu	to lag behind
7	22999	仿制	fǎngzhì	to copy
7	23007	本分	běnfèn	one's part
7	23019	统筹	tǒngchóu	an overall plan
7	23023	文雅	wényǎ	elegant
7	23050	一干二净	yīgān'èrjìng	thoroughly
7	23092	笛子	dízi	bamboo flute
7	23094	年限	niánxiàn	age limit
7	23101	送别	sòngbié	to see sb off, to bid farewell
7	23110	华裔	Huáyì	ethnic Chinese
7	23121	趁早	chènzǎo	as soon as possible
7	23123	劲头	jìntóu	enthusiasm
7	23133	寒暄	hánxuān	to exchange conventional greetings
7	23141	时隔	shígé	separated in time
7	23153	继母	jìmǔ	stepmother
7	23156	威望	wēiwàng	prestige
7	23161	伯父	bófù	father's elder brother
7	23195	抹杀	mǒshā	to erase
7	23207	盆地	péndì	basin
7	23211	无可厚非	wúkěhòufēi	not to be censured too strictly
7	23233	基本功	jīběngōng	basic skills
7	23240	算盘	suànpán	abacus
7	23250	适量	shìliàng	appropriate amount
7	23267	刺骨	cìgǔ	piercing
7	23271	麻辣	málà	hot and numbing
7	23273	叮嘱	dīngzhǔ	to warn repeatedly
7	23290	馋	chán	gluttonous
7	23317	再接再厉	zàijiēzàilì	to continue the struggle, to persist
7	23348	遮挡	zhēdǎng	to shelter
7	23363	刁难	diāonàn	to be hard on sb
7	23364	领事馆	lǐngshìguǎn	consulate
7	23378	外籍	wàijí	foreign
7	23387	航天员	hángtiānyuán	astronaut
7	23388	不以为然	bùyǐwéirán	not to accept as correct, to object
7	23388	翻番	fānfān	to double
7	23389	猖狂	chāngkuáng	savage
7	23393	倔	juè	gruff, surly
7	23415	哆嗦	duōsuo	to tremble, to shiver
7	23419	振兴	zhènxīng	to revive, to revitalize, to invigorate
7	23421	奋勇	fènyǒng	dauntless
7	23422	壮丽	zhuànglì	magnificence
7	23423	沸沸扬扬	fèifèiyángyáng	bubbling and gurgling
7	23488	诉苦	sùkǔ	to grumble
7	23491	土生土长	tǔshēngtǔzhǎng	born and raised in the locality
7	23514	生疏	shēngshū	unfamiliar
7	23516	敦促	dūncù	to press
7	23536	迸发	bèngfā	to burst forth
7	23538	孝敬	xiàojìng	to show filial respect
7	23559	素养	sùyǎng	accomplishment
7	23581	出任	chūrèn	to take up a post, to start in a new job
7	23612	鸟巢	niǎocháo	bird's nest
7	23620	接二连三	jiē'èrliánsān	one after another, in quick succession
7	23623	独身	dúshēn	unmarried, single
7	23643	共性	gòngxìng	overall character
7	23649	一概	yīgài	all
7	23658	亲和力	qīnhélì	warmth
7	23678	供奉	gòngfèng	to consecrate
7	23681	尾气	wěiqì	exhaust, emissions
7	23703	状元	zhuàngyuán	top scorer in the palace examination
7	23719	节俭	jiéjiǎn	frugal, economical
7	23721	悦耳	yuè'ěr	sweet-sounding
7	23722	激化	jīhuà	to intensify
7	23722	内行	nèiháng	expert
7	23740	屡次	lǚcì	repeatedly
7	23742	声势	shēngshì	fame and power
7	23746	窟窿	kūlong	hole
7	23747	错综复杂	cuòzōngfùzá	tangled and complicated
7	23747	魄力	pòlì	courage
7	23749	逾期	yúqī	to be overdue
7	23784	风貌	fēngmào	style
7	23788	供求	gōngqiú	supply and demand
7	23794	年迈	niánmài	old
7	23812	睡袋	shuìdài	sleeping bag
7	23813	神气	shénqì	expression
7	23842	勤快	qínkuài	diligent, hardworking
7	23852	冷气	lěngqì	cold air
7	23853	佳肴	jiāyáo	fine food
7	23856	精妙	jīngmiào	exquisite
7	23872	生硬	shēngyìng	rigid, stiff
7	23912	供不应求	gōngbùyìngqiú	supply does not meet demand
7	23913	乖巧	guāiqiǎo	clever
7	23952	避暑	bìshǔ	to be away for the summer holidays
7	23966	绝缘	juéyuán	to have no contact with
7	23985	万万	wànwàn	hundred million, enormous quantity
7	23988	苗头	miáotou	early signs of a new development
7	24002	浩劫	hàojié	calamity
7	24038	缤纷	bīnfēn	vast and various
7	24046	段落	duànluò	phase
7	24065	作息	zuòxī	to work and rest
7	24091	畅谈	chàngtán	to talk freely
7	24091	热腾腾	rèténgténg	steaming hot
7	24091	喧哗	xuānhuá	hubbub
7	24113	富含	fùhán	to contain in great quantities
7	24145	不了了之	bùliǎoliǎozhī	to settle a matter by leaving it
7	24155	祭奠	jìdiàn	to offer sacrifices
7	24165	整数	zhěngshù	whole number
7	24176	传人	chuánrén	to teach
7	24179	赞许	zànxǔ	to praise
7	24201	饶恕	ráoshù	to forgive
7	24205	蓬勃	péngbó	vigorous, flourishing, full of vitality
7	24208	竣工	jùngōng	to complete a project
7	24286	占卜	zhānbǔ	to divine
7	24304	燃放	ránfàng	to light
7	24357	客运	kèyùn	passenger transportation
7	24385	夜校	yèxiào	evening school
7	24389	轮换	lúnhuàn	to rotate, to take turns
7	24425	棱角	léngjiǎo	edge and corner
7	24432	贮藏	zhùcáng	to store up
7	24467	切身	qièshēn	direct
7	24518	赞不绝口	zànbùjuékǒu	can't stop praising
7	24524	服气	fúqì	to be convinced
7	24526	俗语	súyǔ	common saying
7	24532	标榜	biāobǎng	to flaunt
7	24532	玄机	xuánjī	profound theory
7	24542	衣裳	yīshang	clothes
7	24553	鞭策	biāncè	to spur on
7	24563	境外	jìngwài	outside borders
7	24572	姑且	gūqiě	for the time being, tentatively
7	24574	拜见	bàijiàn	to pay a formal visit
7	24619	攻读	gōngdú	to major
7	24633	归纳	guīnà	to sum up
7	24642	不免	bùmiǎn	inevitably
7	24694	慈祥	cíxiáng	kindly
7	24705	过硬	guòyìng	to have perfect mastery of sth
7	24707	怠慢	dàimàn	to slight
7	24710	荡漾	dàngyàng	to ripple
7	24715	形影不离	xíngyǐngbùlí	inseparable
7	24740	揣测	chuǎicè	to guess
7	24741	正月	Zhēngyuè	first month of the lunar year
7	24750	把关	bǎguān	to guard a pass
7	24766	哺乳	bǔrǔ	breastfeeding
7	24790	恍然大悟	huǎngrándàwù	to suddenly realize
7	24810	谢绝	xièjué	to refuse politely
7	24828	遇险	yùxiǎn	to get into difficulties
7	24846	不相上下	bùxiāngshàngxià	equally matched
7	24863	红润	hóngrùn	ruddy
7	24868	未知数	wèizhīshù	unknown number
7	24881	爆满	bàomǎn	filled to capacity
7	24898	骨气	gǔqì	unyielding character
7	24924	冒昧	màomèi	bold
7	24933	庙会	miàohuì	temple fair
7	24961	退让	tuìràng	to move aside
7	24961	枣	zǎo	jujube, Chinese date
7	24986	伯伯	bóbo	father's elder brother
7	25015	辽阔	liáokuò	vast, extensive
7	25051	酿造	niàngzào	to brew
7	25055	翻来覆去	fānláifùqù	to toss and turn
7	25088	操劳	cāoláo	to work hard
7	25109	礁石	jiāoshí	reef
7	25118	筹措	chóucuò	to raise
7	25125	不像话	bùxiànghuà	unreasonable
7	25167	兼任	jiānrèn	to hold a concurrent post
7	25169	差额	chā'é	balance
7	25212	食宿	shísù	board and lodging
7	25212	要强	yàoqiáng	eager to excel
7	25216	逊色	xùnsè	inferior
7	25245	敌视	díshì	hostile
7	25263	出丑	chūchǒu	to make a fool of oneself
7	25267	野餐	yěcān	picnic
7	25274	着力	zhuólì	to put effort into sth
7	25279	笨重	bènzhòng	heavy, cumbersome, unwieldy
7	25283	起哄	qǐhòng	to heckle
7	25287	纲领	gānglǐng	program
7	25289	归根到底	guīgēndàodǐ	after all
7	25298	耗时	hàoshí	time-consuming
7	25325	空想	kōngxiǎng	daydream
7	25337	立功	lìgōng	to render meritorious service
7	25346	珍稀	zhēnxī	rare
7	25358	眼红	yǎnhóng	to covet
7	25370	下调	xiàdiào	to demote
7	25371	富足	fùzú	rich
7	25371	特例	tèlì	special case
7	25376	共同体	gòngtóngtǐ	community
7	25380	热泪盈眶	rèlèiyíngkuàng	eyes brimming with tears of excitement
7	25388	挎	kuà	to carry
7	25389	半途而废	bàntú'érfèi	to give up halfway, leave sth unfinished
7	25457	熏陶	xūntáo	to seep in
7	25479	后顾之忧	hòugùzhīyōu	fears of trouble in the rear
7	25479	埋没	máimò	to engulf
7	25506	无不	wúbù	none lacking
7	25510	拄	zhǔ	to lean on
7	25516	外贸	wàimào	foreign trade
7	25542	根深蒂固	gēnshēndìgù	deep-rooted
7	25628	循序渐进	xúnxùjiànjìn	in sequence, step by step
7	25638	刹那	chànà	an instant, split second
7	25640	公费	gōngfèi	at public expense
7	25685	造价	zàojià	construction cost
7	25716	分寸	fēncun	propriety
7	25720	忠贞	zhōngzhēn	loyal and dependable
7	25744	污蔑	wūmiè	to slander
7	25753	谜语	míyǔ	riddle
7	25766	苦笑	kǔxiào	to force a smile
7	25787	休眠	xiūmián	dormant
7	25802	照例	zhàolì	as a rule
7	25820	心安理得	xīn'ānlǐdé	to have a clear conscience
7	25827	船舶	chuánbó	shipping
7	25831	衰弱	shuāiruò	weak
7	25860	不翼而飞	bùyì'érfēi	to disappear without trace
7	25860	免职	miǎnzhí	to relieve sb of his post
7	25869	无微不至	wúwēibùzhì	in every possible way, meticulous
7	25897	吹捧	chuīpěng	to flatter
7	25962	篇幅	piānfu	length
7	25971	牵头	qiāntóu	to lead
7	25988	表率	biǎoshuài	example
7	25996	徐徐	xúxú	slowly
7	26016	一晃	yīhuǎng	in an instant
7	26017	污秽	wūhuì	dirty, filthy
7	26032	没辙	méizhé	at one's wit's end
7	26034	秀丽	xiùlì	pretty, beautiful
7	26048	司空见惯	sīkōngjiànguàn	a common occurrence
7	26052	耐用	nàiyòng	durable
7	26068	内向	nèixiàng	reserved
7	26104	纵然	zòngrán	even if, even though
7	26105	喜怒哀乐	xǐnù'āilè	happiness, anger, sorrow, and joy
7	26109	并行	bìngxíng	to proceed in parallel
7	26109	骏马	jùnmǎ	fine horse
7	26149	兴隆	xīnglóng	prosperous
7	26153	查获	cháhuò	to track down and seize
7	26154	鉴赏	jiànshǎng	to appreciate
7	26160	挂钩	guàgōu	to couple, to link, to hook together
7	26169	灼热	zhuórè	burning hot, scorching
7	26193	壮烈	zhuàngliè	brave
7	26198	微观	wēiguān	micro-
7	26199	过意不去	guòyìbùqù	to feel very apologetic
7	26207	缆车	lǎnchē	cable car
7	26214	嫁妆	jiàzhuang	dowry
7	26223	倾家荡产	qīngjiādàngchǎn	to lose a family fortune
7	26229	不亦乐乎	bùyìlèhū	lit. isn't that a joy?
7	26236	挨家挨户	āijiā'āihù	to go from house to house
7	26246	佳节	jiājié	festive day
7	26254	伤脑筋	shāngnǎojīn	to be a real headache
7	26282	无精打采	wújīngdǎcǎi	dispirited and downcast, listless
7	26284	瓜分	guāfēn	to partition
7	26292	文人	wénrén	cultivated individual, scholar, literati
7	26319	冗长	rǒngcháng	long and tedious
7	26326	红薯	hóngshǔ	sweet potato
7	26329	边远	biānyuǎn	far from the center
7	26341	寓言	yùyán	fable, allegory, parable
7	26348	椭圆	tuǒyuán	oval
7	26355	爱不释手	àibùshìshǒu	to like sth so much that one is
7	26395	误区	wùqū	mistaken ideas, misconceptions
7	26408	气魄	qìpò	spirit
7	26414	底子	dǐzi	base
7	26421	摇摇欲坠	yáoyáoyùzhuì	tottering
7	26439	艳丽	yànlì	gorgeous
7	26445	辛酸	xīnsuān	pungent
7	26466	海运	hǎiyùn	shipping by sea
7	26480	一声不吭	yīshēngbùkēng	to not say a word
7	26487	封顶	fēngdǐng	to put a roof
7	26492	长足	chángzú	remarkable
7	26512	斟酌	zhēnzhuó	to consider
7	26517	功底	gōngdǐ	training in the basic skills
7	26534	盛产	shèngchǎn	to produce in abundance
7	26542	退却	tuìquè	to retreat
7	26589	引人入胜	yǐnrénrùshèng	to enchant
7	26590	凸显	tūxiǎn	to stand out clearly, to make prominent
7	26592	急功近利	jígōngjìnlì	seeking instant benefit
7	26598	商贩	shāngfàn	trader
7	26601	以身作则	yǐshēnzuòzé	to set an example, to serve as a model
7	26607	赤道	chìdào	equator
7	26657	丘陵	qiūlíng	hills
7	26674	地势	dìshì	terrain
7	26676	要领	yàolǐng	main aspects
7	26677	附和	fùhè	to agree
7	26680	历代	lìdài	successive generations
7	26687	外币	wàibì	foreign currency
7	26690	发扬光大	fāyángguāngdà	to develop and promote
7	26721	失传	shīchuán	to die out
7	26730	订立	dìnglì	to conclude
7	26745	味精	wèijīng	monosodium glutamate
7	26758	亏本	kuīběn	to make a loss
7	26774	两口子	liǎngkǒuzi	husband and wife
7	26873	竹竿	zhúgān	bamboo pole
7	26877	纬度	wěidù	latitude
7	26904	胸有成竹	xiōngyǒuchéngzhú	to have a well-thought-out plan in mind
7	26972	铺路	pūlù	to pave
7	26979	胜出	shèngchū	to come out on top
7	26988	疏导	shūdǎo	to dredge
7	26991	收复	shōufù	to recover
7	27007	伯母	bómǔ	wife of father's elder brother
7	27035	串门	chuànmén	to call on sb
7	27054	触觉	chùjué	sense of touch, tactile sensation
7	27067	伸缩	shēnsuō	to lengthen and shorten
7	27081	山川	shānchuān	mountains and rivers
7	27081	长征	chángzhēng	expedition
7	27107	养生	yǎngshēng	to maintain good health
7	27115	侧重	cèzhòng	to place particular emphasis on
7	27120	挑拨	tiǎobō	to incite disharmony
7	27134	拙劣	zhuōliè	clumsy, botched
7	27135	产值	chǎnzhí	value of output
7	27143	深化	shēnhuà	to deepen
7	27145	赡养	shànyǎng	to support
7	27174	深入人心	shēnrùrénxīn	to enter deeply into people's hearts
7	27190	触目惊心	chùmùjīngxīn	lit. shocks the eye
7	27245	孪生	luánshēng	twin
7	27249	异想天开	yìxiǎngtiānkāi	to imagine the wildest thing
7	27257	晃荡	huàngdang	to rock
7	27264	巴结	bājie	to fawn on
7	27300	与日俱增	yǔrìjùzēng	to increase steadily
7	27310	韧性	rènxìng	toughness
7	27332	教条	jiàotiáo	doctrine
7	27337	支流	zhīliú	tributary
7	27338	哭笑不得	kūxiàobùdé	lit. not to know whether to laugh or cry
7	27340	心病	xīnbìng	anxiety
7	27364	操练	cāoliàn	drill
7	27384	心慌	xīnhuāng	to be flustered
7	27396	兢兢业业	jīngjīngyèyè	conscientious
7	27414	波涛	bōtāo	billows, great waves, surging waves
7	27419	殷勤	yīnqín	politely
7	27444	毅然	yìrán	firmly
7	27476	争先恐后	zhēngxiānkǒnghòu	to compete to be first
7	27483	赫然	hèrán	with astonishment
7	27484	威慑	wēishè	to deter
7	27498	雷同	léitóng	mirroring others
7	27510	正气	zhèngqì	healthy atmosphere, moral spirit
7	27521	盛情	shèngqíng	great kindness
7	27576	中庸	zhōngyōng	golden mean
7	27587	阎王	Yánwáng	(Buddhism) Yama, the King of Hell
7	27618	小康	xiǎokāng	moderately affluent
7	27620	叫板	jiàobǎn	to signal the musicians
7	27668	异口同声	yìkǒutóngshēng	different mouths, same voice
7	27672	成才	chéngcái	to make sth of oneself
7	27678	揣摩	chuǎimó	to analyze
7	27699	乐谱	yuèpǔ	a musical score
7	27717	袖珍	xiùzhēn	pocket-sized
7	27750	剪彩	jiǎncǎi	to cut the ribbon
7	27751	五花八门	wǔhuābāmén	myriad
7	27799	火辣辣	huǒlàlà	scorching hot
7	27807	取经	qǔjīng	to journey to India on a quest for the
7	27809	口吃	kǒuchī	to stammer, to stutter
7	27819	目不转睛	mùbùzhuǎnjīng	unable to take one's eyes off
7	27852	连绵	liánmián	continuous
7	27880	暴利	bàolì	sudden huge profits
7	27889	原汁原味	yuánzhīyuánwèi	original, authentic
7	27890	乳制品	rǔzhìpǐn	dairy products
7	27893	苦心	kǔxīn	painstaking effort
7	27919	一揽子	yīlǎnzi	all-inclusive
7	27956	卫视	wèishì	satellite TV
7	27975	浮躁	fúzào	fickle and impatient
7	27998	精疲力竭	jīngpílìjié	spirit weary, strength exhausted, spent
7	28006	廉洁	liánjié	incorruptible, unbribable, honest
7	28007	柳树	liǔshù	willow
7	28045	欢声笑语	huānshēngxiàoyǔ	cheers and laughter
7	28084	分外	fènwài	exceptionally
7	28113	边疆	biānjiāng	border area
7	28114	陡峭	dǒuqiào	precipitous
7	28114	酷似	kùsì	to strikingly resemble
7	28126	质朴	zhìpǔ	simple
7	28145	亏待	kuīdài	to treat sb unfairly
7	28158	酒楼	jiǔlóu	restaurant
7	28181	辩证	biànzhèng	to investigate
7	28185	推敲	tuīqiāo	to think over
7	28188	驮	tuó	to carry on one's back
7	28194	广义	guǎngyì	broad sense
7	28207	隐情	yǐnqíng	sth one wishes to keep secret
7	28228	易拉罐	yìlāguàn	pull-top can
7	28231	接班	jiēbān	to take over
7	28264	淡季	dànjì	off season
7	28270	浓重	nóngzhòng	dense
7	28296	日新月异	rìxīnyuèyì	daily renewal, monthly change
7	28333	推辞	tuīcí	to decline
7	28346	志气	zhìqì	ambition
7	28361	提纲	tígāng	outline
7	28405	生命线	shēngmìngxiàn	lifeline
7	28406	夜以继日	yèyǐjìrì	night and day
7	28410	郊游	jiāoyóu	to go for an outing
7	28447	反差	fǎnchā	contrast, discrepancy
7	28450	茂盛	màoshèng	lush
7	28471	励志	lìzhì	to pursue a goal with determination
7	28491	骇人听闻	hàiréntīngwén	shocking
7	28494	晶莹	jīngyíng	sparkling and translucent
7	28513	追悼	zhuīdào	to mourn, to pay last respects
7	28524	呼应	hūyìng	to conform
7	28543	两手	liǎngshǒu	one's two hands
7	28546	出土	chūtǔ	to dig up
7	28565	不服	bùfú	not to accept sth
7	28620	自相矛盾	zìxiāngmáodùn	to contradict oneself
7	28624	自满	zìmǎn	complacent
7	28683	罢免	bàmiǎn	to remove sb from their post
7	28718	圣贤	shèngxián	a sage
7	28720	脊梁	jǐliáng	backbone
7	28724	求学	qiúxué	to pursue one's studies
7	28797	两栖	liǎngqī	amphibious
7	28809	帘子	liánzi	curtain
7	28810	衰减	shuāijiǎn	to weaken
7	28840	宽厚	kuānhòu	tolerant
7	28840	祖传	zǔchuán	passed on from ancestors
7	28922	拍板	pāibǎn	wooden clappers
7	28984	古今中外	gǔjīnzhōngwài	at all times and in all places
7	28994	计策	jìcè	stratagem
7	28996	挺拔	tǐngbá	tall and straight
7	29102	牧民	mùmín	herdsman
7	29120	接轨	jiēguǐ	railtrack connection
7	29155	贫乏	pínfá	impoverished
7	29179	出访	chūfǎng	to go and visit in an official capacity
7	29214	蚊帐	wénzhàng	mosquito net
7	29216	温度计	wēndùjì	thermometer
7	29234	作客	zuòkè	to live somewhere as a visitor
7	29362	耍赖	shuǎlài	to act shamelessly
7	29365	持之以恒	chízhīyǐhéng	to pursue unremittingly, to persevere
7	29399	家境	jiājìng	family financial situation
7	29421	慌忙	huāngmáng	in a great rush
7	29487	彬彬有礼	bīnbīnyǒulǐ	refined and courteous
7	29493	药材	yàocái	medicinal ingredient
7	29495	拉动	lādòng	to pull
7	29506	秀美	xiùměi	elegant
7	29574	树荫	shùyīn	shade of a tree
7	29606	恼羞成怒	nǎoxiūchéngnù	to become enraged over a perceived
7	29648	喜出望外	xǐchūwàngwài	to be pleased beyond one's expectations
7	29691	股民	gǔmín	stock investor
7	29692	笼统	lǒngtǒng	general
7	29716	吃喝玩乐	chīhēwánlè	to eat, drink, play and be merry
7	29754	比比皆是	bǐbǐjiēshì	can be found everywhere
7	29769	光缆	guānglǎn	optical cable
7	29794	落差	luòchā	drop in elevation
7	29803	建树	jiànshù	to make a contribution
7	29831	刻不容缓	kèbùrónghuǎn	to brook no delay
7	29863	斧子	fǔzi	axe
7	29873	急迫	jípò	urgent
7	29889	长期以来	chángqīyǐlái	for a long time
7	29897	海量	hǎiliàng	magnanimity
7	29941	聘任	pìnrèn	to appoint
7	29945	扫墓	sǎomù	to sweep a grave
7	29949	容光焕发	róngguānghuànfā	face glowing, looking radiant
7	29955	预售	yùshòu	to sell in advance
7	29962	弄虚作假	nòngxūzuòjiǎ	to practice fraud, by trickery
7	29989	改版	gǎibǎn	to revise the current edition
7	29995	物美价廉	wùměijiàlián	good quality and cheap
7	30010	喜糖	xǐtáng	sweet given on a happy occasion
7	30023	下坠	xiàzhuì	to fall
7	30053	自费	zìfèi	at one's own expense
7	30109	探求	tànqiú	to seek
7	30125	侍候	shìhòu	to serve
7	30150	得不偿失	débùchángshī	the gains do not make up for the losses
7	30151	年画	niánhuà	New Year picture
7	30186	贯通	guàntōng	to link up
7	30218	翠绿	cuìlǜ	greenish-blue
7	30221	试行	shìxíng	to try out
7	30236	优胜劣汰	yōushèngliètài	survival of the fittest
7	30256	审定	shěndìng	to examine sth and make a decision
7	30332	重合	chónghé	to match up
7	30346	耐人寻味	nàirénxúnwèi	thought-provoking
7	30356	天经地义	tiānjīngdìyì	lit. heaven's law and earth's principle
7	30360	茂密	màomì	dense
7	30382	纯朴	chúnpǔ	simple and honest
7	30408	艰险	jiānxiǎn	difficult and dangerous
7	30424	久仰	jiǔyǎng	honorific: I've long looked forward to
7	30450	卧铺	wòpù	a bed
7	30471	恰如其分	qiàrúqífèn	appropriate
7	30508	请帖	qǐngtiě	invitation card
7	30527	寥寥无几	liáoliáowújǐ	very few
7	30687	夸耀	kuāyào	to brag about
7	30764	拜会	bàihuì	to meet with, to pay a visit to
7	30782	一举两得	yījǔliǎngdé	one action, two gains
7	30799	温习	wēnxí	to review
7	30806	伸张	shēnzhāng	to uphold
7	30827	老字号	lǎozìhào	shop, firm
7	30839	须知	xūzhī	key information
7	30846	熙熙攘攘	xīxīrǎngrǎng	bustling with activity
7	30870	香油	xiāngyóu	sesame oil
7	30898	僵化	jiānghuà	to become rigid
7	30948	平价	píngjià	reasonably priced
7	31034	滑梯	huátī	sliding board
7	31080	簇拥	cùyōng	to crowd around
7	31135	网点	wǎngdiǎn	branch, service outlet
7	31166	搀	chān	to take by the arm and assist
7	31178	欢聚	huānjù	to get together socially
7	31253	概况	gàikuàng	general situation
7	31301	耳熟能详	ěrshúnéngxiáng	what's frequently heard can be repeated
7	31328	起程	qǐchéng	to set out
7	31406	讥笑	jīxiào	to sneer
7	31431	清脆	qīngcuì	sharp and clear
7	31432	瞻仰	zhānyǎng	to revere
7	31433	耸立	sǒnglì	to stand tall
7	31436	掉队	diàoduì	to fall behind
7	31449	恩情	ēnqíng	kindness
7	31449	商贾	shānggǔ	merchant
7	31466	大同小异	dàtóngxiǎoyì	virtually the same
7	31471	磋商	cuōshāng	to consult
7	31485	折合	zhéhé	to convert into
7	31529	奸诈	jiānzhà	treachery
7	31554	开垦	kāikěn	to clear a wild area for cultivation
7	31560	一应俱全	yīyīngjùquán	with everything needed available
7	31567	豁	huō	opening
7	31623	防疫	fángyì	to prevent epidemics
7	31683	素不相识	sùbùxiāngshí	to be total strangers
7	31683	重中之重	zhòngzhōngzhīzhòng	of the utmost importance
7	31751	谋害	móuhài	to conspire to murder
7	31752	面面俱到	miànmiànjùdào	take care of everything
7	31869	括号	kuòhào	parentheses, brackets
7	31904	精打细算	jīngdǎxìsuàn	meticulous planning and careful
7	31915	一筹莫展	yīchóumòzhǎn	to be unable to find a solution
7	31990	潜移默化	qiányímòhuà	imperceptible influence
7	32018	富强	fùqiáng	rich and powerful
7	32144	目中无人	mùzhōngwúrén	to consider everyone else beneath one
7	32173	历届	lìjiè	all previous
7	32193	痴心	chīxīn	infatuation
7	32224	竞相	jìngxiāng	competitive
7	32252	无所作为	wúsuǒzuòwéi	attempting nothing and accomplishing
7	32270	纲要	gāngyào	outline
7	32272	豪迈	háomài	bold
7	32277	成群结队	chéngqúnjiéduì	making up a group, forming a troupe
7	32316	旭日	xùrì	the rising sun
7	32316	争光	zhēngguāng	to win an honor
7	32377	外向	wàixiàng	extroverted
7	32446	呜咽	wūyè	to sob
7	32453	回落	huíluò	to fall back
7	32474	此起彼伏	cǐqǐbǐfú	up here, down there
7	32491	宽泛	kuānfàn	wide-ranging
7	32495	汪洋	wāngyáng	vast body of water
7	32503	灵机一动	língjīyīdòng	a bright idea suddenly occurs
7	32588	聚精会神	jùjīnghuìshén	to concentrate one's attention
7	32601	划时代	huàshídài	epoch-marking
7	32609	驰名	chímíng	famous
7	32691	因人而异	yīnrén'éryì	varying from person to person
7	32748	旷课	kuàngkè	to play truant
7	32764	亭子	tíngzi	pavilion
7	32774	义工	yìgōng	volunteer worker
7	32815	难能可贵	nánnéngkěguì	rare and precious
7	32822	不约而同	bùyuē'értóng	to take the same action without prior
7	32851	古朴	gǔpǔ	simple and unadorned
7	32906	亡羊补牢	wángyángbǔláo	lit. to mend the pen after sheep are
7	32916	哺育	bǔyù	to feed
7	32917	按说	ànshuō	in the ordinary course of events
7	32921	欣欣向荣	xīnxīnxiàngróng	flourishing
7	32937	心急如焚	xīnjírúfén	burning with anxiety
7	32971	官吏	guānlì	bureaucrat
7	33111	次品	cìpǐn	substandard products
7	33147	备课	bèikè	to do one's lesson preparation
7	33204	守株待兔	shǒuzhūdàitù	lit. to guard a tree-stump
7	33298	落户	luòhù	to settle
7	33311	怜惜	liánxī	to take pity on
7	33317	师长	shīzhǎng	military division level commander
7	33360	出神	chūshén	spellbound
7	33380	惨白	cǎnbái	deathly pale
7	33401	碧绿	bìlǜ	dark green
7	33466	不辞而别	bùcí'érbié	to leave without saying good-bye
7	33542	骤然	zhòurán	suddenly
7	33564	哗然	huárán	in uproar
7	33607	忙乱	mángluàn	rushed and muddled
7	33676	美中不足	měizhōngbùzú	everything is fine except for one small
7	33772	不假思索	bùjiǎsīsuǒ	to act without taking time to think
7	33799	豁达	huòdá	optimistic
7	33911	见外	jiànwài	to treat sb with the formal courtesy
7	33920	烦闷	fánmèn	moody, gloomy
7	33973	借条	jiètiáo	receipt for a loan
7	33975	前无古人	qiánwúgǔrén	unprecedented
7	34005	朝夕相处	zhāoxīxiāngchǔ	to spend all one's time together
7	34026	诞辰	dànchén	birthday
7	34045	碍事	àishì	to be in the way, to be a hindrance
7	34085	混浊	hùnzhuó	turbid
7	34171	僻静	pìjìng	lonely
7	34239	纵深	zòngshēn	depth
7	34285	萌发	méngfā	to sprout
7	34295	堤坝	dībà	dam
7	34338	风和日丽	fēnghérìlì	moderate wind, beautiful sun
7	34385	连年	liánnián	successive years
7	34481	大有可为	dàyǒukěwéi	with great prospects for the future
7	34522	底蕴	dǐyùn	inside information
7	34528	增收	zēngshōu	to increase revenue
7	34533	畜牧	xùmù	to raise animals
7	34544	依依不舍	yīyībùshě	reluctant to part
7	34562	可乘之机	kěchéngzhījī	an opportunity that someone can exploit
7	34580	一鼓作气	yīgǔzuòqì	in a spurt of energy
7	34585	东张西望	dōngzhāngxīwàng	to look in all directions
7	34597	络绎不绝	luòyìbùjué	continuously, in an endless stream
7	34629	物流	wùliú	distribution
7	34670	挂失	guàshī	to report the loss of something
7	34691	硕果	shuòguǒ	major achievement
7	34752	秧歌	yāngge	Yangge, a popular rural folk dance
7	34781	畏缩	wèisuō	to cower, to flinch, to quail, to recoil
7	34807	多心	duōxīn	oversensitive
7	34808	杂乱无章	záluànwúzhāng	disordered and in a mess
7	34813	愁眉苦脸	chóuméikǔliǎn	to look anxious
7	34849	粗心大意	cūxīndàyì	negligent
7	34909	争分夺秒	zhēngfēnduómiǎo	lit. fight minutes, snatch seconds
7	34963	垂头丧气	chuítóusàngqì	hanging one's head dispiritedly
7	34995	弊病	bìbìng	malady
7	35004	不敢当	bùgǎndāng	lit. I dare not
7	35050	任重道远	rènzhòngdàoyuǎn	a heavy load and a long road
7	35077	东道主	dōngdàozhǔ	host
7	35140	农历	nónglì	the traditional Chinese calendar
7	35184	珍重	zhēnzhòng	to treasure, to cherish, to value highly
7	35198	夸夸其谈	kuākuāqítán	to talk big, to sound off
7	35345	举世瞩目	jǔshìzhǔmù	to receive worldwide attention
7	35386	弘扬	hóngyáng	to enhance
7	35406	走漏	zǒulòu	to leak
7	35462	化险为夷	huàxiǎnwéiyí	to turn peril into safety
7	35542	联欢	liánhuān	to have a get-together
7	35572	俊俏	jùnqiào	attractive and intelligent
7	35620	走过场	zǒuguòchǎng	to go through the motions
7	35628	成心	chéngxīn	intentionally, deliberately, on purpose
7	35633	扣人心弦	kòurénxīnxián	to excite
7	35648	光明磊落	guāngmínglěiluò	open and candid
7	35703	千钧一发	qiānjūnyīfà	a thousand pounds hangs by a thread
7	35706	酌情	zhuóqíng	to use discretion
7	35836	千变万化	qiānbiànwànhuà	countless changes
7	35838	朝气蓬勃	zhāoqìpéngbó	full of youthful energy, vigorous
7	35900	斩钉截铁	zhǎndīngjiétiě	to chop the nail and slice the iron
7	35904	搞鬼	gǎoguǐ	to make mischief
7	35933	瑰宝	guībǎo	a treasure, a rare and valuable thing
7	35946	立方米	lìfāngmǐ	cubic meter
7	36064	说不上	shuōbushàng	to be unable to say or tell
7	36076	天伦之乐	tiānlúnzhīlè	family love and joy
7	36099	一技之长	yījìzhīcháng	proficiency in a particular field
7	36112	欠条	qiàntiáo	IOU
7	36267	见闻	jiànwén	what one has seen and heard
7	36268	同舟共济	tóngzhōugòngjì	cross a river in the same boat
7	36274	自强不息	zìqiángbùxī	to strive unremittingly
7	36363	堆砌	duīqì	lit. to pile up
7	36371	序言	xùyán	preface, introductory remarks, preamble
7	36388	旗袍	qípáo	cheongsam
7	36421	说情	shuōqíng	to intercede
7	36443	见多识广	jiànduōshíguǎng	experienced and knowledgeable
7	36451	精益求精	jīngyìqiújīng	to constantly seek to improve
7	36480	耻笑	chǐxiào	to sneer at sb
7	36523	跑龙套	pǎolóngtào	to play a small role
7	36570	从容不迫	cóngróngbùpò	calm
7	36571	稠密	chóumì	dense
7	36631	洪亮	hóngliàng	loud and clear, resonant
7	36686	峰回路转	fēnghuílùzhuǎn	the mountain road twists around each new
7	36701	嬉笑	xīxiào	to be laughing and playing
7	36715	鹤立鸡群	hèlìjīqún	a crane in a flock of chicken
7	36742	风沙	fēngshā	sand blown by wind
7	36835	大大咧咧	dàdàliēliē	carefree, offhand, casual
7	36947	标点	biāodiǎn	punctuation
7	36979	喜洋洋	xǐyángyáng	radiant with joy
7	36984	假使	jiǎshǐ	if
7	37016	学子	xuézǐ	student
7	37051	籍贯	jíguàn	one's ancestral home
7	37070	工整	gōngzhěng	fine work
7	37141	荷花	héhuā	lotus
7	37206	提速	tísù	to increase the specified cruising speed
7	37275	变幻莫测	biànhuànmòcè	to change unpredictably
7	37285	求医	qiúyī	to seek medical treatment
7	37289	理直气壮	lǐzhíqìzhuàng	in the right and self-confident
7	37311	称心如意	chènxīnrúyì	after one's own heart, gratifying
7	37401	沿线	yánxiàn	along the line
7	37429	勉励	miǎnlì	to encourage
7	37468	树梢	shùshāo	the tip of a tree, treetop
7	37530	矿藏	kuàngcáng	mineral resources
7	37673	旋涡	xuánwō	spiral
7	37792	漠然	mòrán	indifferent
7	37817	一言一行	yīyányīxíng	every word and action
7	37849	沉甸甸	chéndiàndiàn	heavy
7	37858	半边天	bànbiāntiān	half the sky
7	37859	足智多谋	zúzhìduōmóu	resourceful
7	37874	似是而非	sìshì'érfēi	apparently right but actually wrong
7	37900	人次	réncì	person-times
7	37930	改邪归正	gǎixiéguīzhèng	to mend one's ways
7	37933	劳驾	láojià	excuse me
7	37994	敬而远之	jìng'éryuǎnzhī	to show respect from a distance
7	38128	柏树	bǎishù	cypress tree
7	38140	贺电	hèdiàn	congratulatory telegram
7	38277	娇气	jiāoqì	delicate
7	38309	农民工	nóngmíngōng	migrant worker
7	38385	锦旗	jǐnqí	silk banner
7	38438	多边	duōbiān	multilateral
7	38449	锲而不舍	qiè'érbùshě	to chip away at a task and not abandon
7	38480	祖籍	zǔjí	ancestral hometown
7	38524	浮力	fúlì	buoyancy
7	38570	能耗	nénghào	energy consumption
7	38579	犯愁	fànchóu	to worry
7	38592	脉络	màiluò	arteries and veins
7	38595	津津有味	jīnjīnyǒuwèi	with keen interest
7	38596	泼冷水	pōlěngshuǐ	to pour cold water on
7	38626	定心丸	dìngxīnwán	tranquilizer
7	38676	沏	qī	to brew
7	38737	烘托	hōngtuō	background
7	38742	不亚于	bùyàyú	no less than
7	38767	山岭	shānlǐng	mountain ridge
7	38935	勤俭	qínjiǎn	hardworking and frugal
7	38961	踊跃	yǒngyuè	to leap
7	39024	强占	qiángzhàn	to occupy by force
7	39034	醇厚	chúnhòu	mellow and rich
7	39053	丰硕	fēngshuò	plentiful, substantial, rich
7	39081	观感	guāngǎn	one's impressions
7	39207	改日	gǎirì	another day
7	39226	错别字	cuòbiézì	Chinese character error
7	39323	风土人情	fēngtǔrénqíng	local conditions and customs
7	39394	昌盛	chāngshèng	prosperous
7	39431	临街	línjiē	facing the street
7	39436	办学	bànxué	to run a school
7	39443	相辅相成	xiāngfǔxiāngchéng	to complement one another
7	39543	繁体字	fántǐzì	traditional Chinese character
7	39680	勤工俭学	qíngōngjiǎnxué	to work part-time while studying
7	39740	头头是道	tóutóushìdào	clear and logical
7	39797	外资	wàizī	foreign investment, foreign capital
7	39851	打岔	dǎchà	interruption
7	39895	知足常乐	zhīzúchánglè	satisfied with what one has
7	39944	国徽	guóhuī	national emblem
7	39965	夺魁	duókuí	to win the championship
7	40023	慰劳	wèiláo	to show appreciation
7	40048	半信半疑	bànxìnbànyí	half believing, half doubting
7	40069	工科	gōngkē	engineering as an academic subject
7	40183	俯首	fǔshǒu	to bend one's head
7	40377	兆头	zhàotou	omen
7	40387	讹诈	ézhà	to extort under false pretenses
7	40619	水涨船高	shuǐzhǎngchuángāo	the tide rises, the boat floats
7	40643	得天独厚	détiāndúhòu	blessed by heaven
7	40644	递增	dìzēng	to increase by degrees
7	40658	秉承	bǐngchéng	to take orders
7	40806	华侨	Huáqiáo	overseas Chinese
7	40823	顾全大局	gùquándàjú	to take the big picture into
7	40925	开天辟地	kāitiānpìdì	to split heaven and earth apart
7	41183	远近闻名	yuǎnjìnwénmíng	to be known far and wide
7	41281	过奖	guòjiǎng	to overpraise
7	41378	钻空子	zuānkòngzi	to take advantage of a loophole
7	41381	恋恋不舍	liànliànbùshě	reluctant to part
7	41404	七嘴八舌	qīzuǐbāshé	lively discussion with everybody talking
7	41428	众志成城	zhòngzhìchéngchéng	unity of will is an impregnable
7	41491	会意	huìyì	combined ideogram
7	41579	急于求成	jíyúqiúchéng	anxious for quick results
7	41630	博大精深	bódàjīngshēn	wide-ranging and profound
7	41903	积淀	jīdiàn	deposits accumulated over long periods
7	42048	喜酒	xǐjiǔ	wedding feast
7	42113	交头接耳	jiāotóujiē'ěr	to whisper to one another's ear
7	42113	阔绰	kuòchuò	extravagant, liberal with money
7	42178	仙鹤	xiānhè	red-crowned crane
7	42205	有声有色	yǒushēngyǒusè	having sound and color, vivid
7	42319	左顾右盼	zuǒgùyòupàn	glancing to left and right
7	42583	活期	huóqī	current
7	42656	经度	jīngdù	longitude
7	42692	面红耳赤	miànhóng'ěrchì	flushed with anger
7	42829	废寝忘食	fèiqǐnwàngshí	to skip one's sleep and meals
7	43072	戈壁	Gēbì	Gobi
7	43140	捉迷藏	zhuōmícáng	to play hide-and-seek
7	43166	喜闻乐见	xǐwénlèjiàn	to love to hear and see
7	43232	禾苗	hémiáo	seedling
7	43668	川流不息	chuānliúbùxī	the stream flows without stopping
7	43697	絮叨	xùdao	long-winded
7	43758	杨树	yángshù	poplar tree
7	43779	对弈	duìyì	to play go, chess etc
7	43787	鸦雀无声	yāquèwúshēng	lit. crow and peacock make no sound
7	43815	千军万马	qiānjūnwànmǎ	magnificent army with thousands of men
7	43850	哄堂大笑	hōngtángdàxiào	the whole room roaring with laughter
7	44018	纪要	jìyào	minutes
7	44059	客流	kèliú	passenger flow
7	44358	盛气凌人	shèngqìlíngrén	overbearing
7	44403	心灵手巧	xīnlíngshǒuqiǎo	capable
7	44420	马后炮	mǎhòupào	moving the cannon after moving the horse
7	44513	孤陋寡闻	gūlòuguǎwén	ignorant and inexperienced
7	44589	赐教	cìjiào	to impart one's wisdom, to enlighten
7	44649	接济	jiējì	to give material assistance to
7	45241	师资	shīzī	qualified teacher
7	45283	眉开眼笑	méikāiyǎnxiào	brows raised in delight, eyes laughing
7	45740	前赴后继	qiánfùhòujì	to advance dauntlessly in wave upon wave
7	46100	岂有此理	qǐyǒucǐlǐ	how can this be so?, preposterous
7	46401	画龙点睛	huàlóngdiǎnjīng	to paint a dragon and dot in the eyes
7	46413	正版	zhèngbǎn	genuine
7	46444	精练	jīngliàn	to scour
7	46500	栋梁	dòngliáng	ridgepole
7	46523	攻关	gōngguān	to storm a strategic pass
7	46527	走弯路	zǒuwānlù	to take an indirect route
7	46725	见仁见智	jiànrénjiànzhì	opinions differ
7	46742	各抒己见	gèshūjǐjiàn	everyone gives their own view
7	46817	发愣	fālèng	to stare blankly, to be in a daze
7	46996	国学	guóxué	Chinese national culture
7	47111	画蛇添足	huàshétiānzú	lit. draw legs on a snake
7	47346	酣睡	hānshuì	to sleep soundly
7	47502	对联	duìlián	rhyming couplet
7	47526	泰斗	tàidǒu	(abbr. for 斗) distinguished figure
7	47595	暴风骤雨	bàofēngzhòuyǔ	violent wind and rainstorm
7	47630	瑞雪	ruìxuě	timely snow
7	47671	一概而论	yīgài'érlùn	to lump different matters together
7	47811	大雁	dàyàn	wild goose
7	47846	经贸	jīngmào	economy and trade
7	48109	潦草	liáocǎo	slipshod, careless, slovenly
7	48461	大公无私	dàgōngwúsī	selfless
7	48593	网民	wǎngmín	netizen, Internet user
7	48743	思前想后	sīqiánxiǎnghòu	to consider past cause and future effect
7	48851	娇惯	jiāoguàn	to pamper
7	48991	萍水相逢	píngshuǐxiāngféng	strangers coming together by chance
7	49154	干戈	gāngē	weapons of war
7	49677	扑面而来	pūmiàn'érlái	lit. sth hits one in the face
7	49890	引经据典	yǐnjīngjùdiǎn	lit. to quote the classics
7	49963	武侠	wǔxiá	martial arts chivalry
7	50123	抚恤	fǔxù	to give financial support to relatives
7	50260	愚公移山	yúgōngyíshān	the old man moves mountains
7	50383	通顺	tōngshùn	smooth
7	50762	桂花	guìhuā	osmanthus flowers
7	50943	恳切	kěnqiè	earnest
7	51135	便饭	biànfàn	an ordinary meal
7	51627	风餐露宿	fēngcānlùsù	lit. to eat in the open air and sleep
7	51833	怡然自得	yíránzìdé	happy and content
7	52481	院士	yuànshì	member of a national academy
7	52587	苦尽甘来	kǔjìngānlái	bitterness finishes, sweetness begins
7	52623	绘声绘色	huìshēnghuìsè	vivid and colorful, true to life
7	52808	三番五次	sānfānwǔcì	over and over again
7	52918	忌口	jìkǒu	abstain from certain food
7	52921	温带	wēndài	temperate zone
7	53042	举一反三	jǔyīfǎnsān	to raise one and infer three
7	53422	损人利己	sǔnrénlìjǐ	harming others for one's personal
7	53537	涝	lào	flooded
7	53626	卤味	lǔwèi	food braised in soy sauce and spices
7	53683	约定俗成	yuēdìngsúchéng	established by popular usage
7	54019	耿直	gěngzhí	honest, frank, candid
7	54122	顺差	shùnchā	surplus
7	54249	东奔西走	dōngbēnxīzǒu	to run this way and that
7	54509	美滋滋	měizīzī	very happy, elated
7	54646	怠工	dàigōng	to slacken off in one's work
7	54775	单边	dānbiān	unilateral
7	55268	没准儿	méizhǔnr	not sure
7	55315	抑扬顿挫	yìyángdùncuò	cadence
7	55439	心眼儿	xīnyǎnr	one's thoughts
7	55695	此致	cǐzhì	used at the end of a letter to introduce
7	56118	有的放矢	yǒudìfàngshǐ	lit. to have a target in mind when
7	56444	概论	gàilùn	outline
7	56997	经久不息	jīngjiǔbùxī	prolonged
7	57241	丢三落四	diūsānlàsì	forgetful
7	57428	沾光	zhānguāng	to bask in the light
7	57431	简体字	jiǎntǐzì	simplified Chinese character
7	57468	腊月	Làyuè	twelfth lunar month
7	57663	朱红	zhūhóng	vermilion
7	57812	悲欢离合	bēihuānlíhé	joys and sorrows
7	58511	节气	jiéqi	solar term
7	59231	朝三暮四	zhāosānmùsì	lit. say three in the morning but four
7	59477	内需	nèixū	domestic demand
7	59499	敦厚	dūnhòu	genuine
7	60338	老伴儿	lǎobànr	husband or wife
7	61564	红扑扑	hóngpūpū	red
7	61816	迭起	diéqǐ	continuously arising
7	61916	槐树	huáishù	locust tree
7	62722	贺信	hèxìn	congratulatory letter or message
7	62971	冰棍儿	bīnggùnr	ice lolly
7	63111	节衣缩食	jiéyīsuōshí	to save on food and clothing
7	63826	张灯结彩	zhāngdēngjiécǎi	to be decorated with lanterns and
7	65189	陶冶	táoyě	lit. to fire pots and smelt metal
7	65600	碰钉子	pèngdīngzi	to meet with a rebuff
7	67237	别具匠心	biéjùjiàngxīn	to show ingenuity
7	68189	暖烘烘	nuǎnhōnghōng	nice and warm
7	70510	深情厚谊	shēnqínghòuyì	deep friendship
7	73010	酣畅	hānchàng	unrestrained
7	75450	一毛不拔	yīmáobùbá	unwilling to spare a single hair
7	77711	纳闷儿	nàmènr	puzzled
7	80787	势不可当	shìbùkědāng	impossible to resist
7	83856	不耻下问	bùchǐxiàwèn	not feel ashamed to ask and learn from
7	84607	出口成章	chūkǒuchéngzhāng	eloquent
7	85592	飞禽走兽	fēiqínzǒushòu	birds and animals
7	86660	饱经沧桑	bǎojīngcāngsāng	having lived through many changes
7	87095	个头儿	gètóur	size
7	96545	长效	chángxiào	to be effective over an extended period
7	108475	刻舟求剑	kèzhōuqiújiàn	lit. a notch on the side of a boat to
7	114959	鹏程万里	péngchéngwànlǐ	the fabled roc flies ten thousand miles
7	128460	啰唆	luōsuo	long-winded, wordy
7	164953	得意扬扬	déyìyángyáng	joyfully satisfied
7	379791	廉正	liánzhèng	upright and honest
7	1000000	操控	cāokòng	to control
7	1000000	打盹儿	dǎdǔnr	to doze off
7	1000000	大数据	dàshùjù	big data
7	1000000	防汛	fángxùn	flood control
7	1000000	搞笑	gǎoxiào	to get people to laugh
7	1000000	公示	gōngshì	to make known to the public
7	1000000	后备箱	hòubèixiāng	trunk
7	1000000	离谱儿	lípǔr5	Scientific
7	1000000	咧嘴	liězuǐ	to draw back the corners of one's mouth
7	1000000	领军	lǐngjūn	to lead troups
7	1000000	难得一见	nándéyījiàn	rarely seen
7	1000000	人缘儿	rényuánr	erhua form of
7	1000000	软实力	ruǎnshílì	soft power
7	1000000	杀毒	shādú	to disinfect
7	1000000	时好时坏	shíhǎoshíhuài	sometimes good, sometimes bad
7	1000000	双赢	shuāngyíng	profitable to both sides
7	1000000	私家车	sījiāchē	private car
7	1000000	搜救	sōujiù	search and rescue
7	1000000	与时俱进	yǔshíjùjìn	abreast of modern developments
7	1000000	原创	yuánchuàng	to create
7	1000000	正能量	zhèngnéngliàng	positive energy
7	1000000	追尾	zhuīwěi	to tailgate
7	1000000	做证	zuòzhèng	to bear witness, to testify
